; START CODE

; turn on temperature
M42 P57 I T1 S1		
M42 P57 I T1 S1
G4 P2000
M42 P57 I T1 S0		
M42 P57 I T1 S0
G4 P200

; set units to mm
G21

; use absolute coordinates
G90

; reset extrusion
G92 E0

; use relative distances for extrusion
M83

; end of start gcode
G1 F3000 X113.38 Y471.58 Z2 E0
G1 F5987 X111.8 Y476.32 Z2 E56.34
G1 F5987 X110.22 Y481.06 Z2 E56.34
G1 F5987 X108.64 Y485.8 Z2 E56.34
G1 F5987 X107.06 Y490.54 Z2 E56.34
G1 F5987 X105.48 Y495.27 Z2 E56.34
G1 F5987 X103.91 Y500.01 Z2 E56.34
G1 F4997 X100.04 Y501.58 Z2 E47.03
G1 F5987 X95.05 Y501.58 Z2 E56.34
G1 F5987 X90.06 Y501.58 Z2 E56.34
G1 F5987 X85.06 Y501.58 Z2 E56.34
G1 F5987 X80.07 Y501.58 Z2 E56.34
G1 F5987 X75.07 Y501.58 Z2 E56.34
G1 F5987 X70.08 Y501.58 Z2 E56.34
G1 F5987 X65.08 Y501.58 Z2 E56.34
G1 F5987 X60.09 Y501.58 Z2 E56.34
G1 F5987 X55.1 Y501.58 Z2 E56.34
G1 F5987 X50.1 Y501.58 Z2 E56.34
G1 F5987 X45.11 Y501.58 Z2 E56.34
G1 F5987 X40.11 Y501.58 Z2 E56.34
G1 F5987 X35.12 Y501.58 Z2 E56.34
G1 F5987 X30.12 Y501.58 Z2 E56.34
G1 F5987 X25.13 Y501.58 Z2 E56.34
G1 F5987 X20.13 Y501.58 Z2 E56.34
G1 F5827 X20 Y496.72 Z2 E54.84
G1 F5987 X20 Y491.73 Z2 E56.34
G1 F5987 X20 Y486.74 Z2 E56.34
G1 F5987 X20 Y481.74 Z2 E56.34
G1 F5987 X20 Y476.75 Z2 E56.34
G1 F5987 X20 Y471.75 Z2 E56.34
G1 F5987 X20 Y466.76 Z2 E56.34
G1 F5987 X20 Y461.76 Z2 E56.34
G1 F5987 X20 Y456.77 Z2 E56.34
G1 F5987 X20 Y451.78 Z2 E56.34
G1 F5987 X20 Y446.78 Z2 E56.34
G1 F5987 X20 Y441.79 Z2 E56.34
G1 F5987 X20 Y436.79 Z2 E56.34
G1 F5987 X20 Y431.8 Z2 E56.34
G1 F5987 X20 Y426.8 Z2 E56.34
G1 F5987 X20 Y421.81 Z2 E56.34
G1 F5987 X20 Y416.82 Z2 E56.34
G1 F5987 X20 Y411.82 Z2 E56.34
G1 F5987 X20 Y406.83 Z2 E56.34
G1 F5987 X20 Y401.83 Z2 E56.34
G1 F5987 X20 Y396.84 Z2 E56.34
G1 F5987 X20 Y391.84 Z2 E56.34
G1 F5987 X20 Y386.85 Z2 E56.34
G1 F5987 X20 Y381.85 Z2 E56.34
G1 F5987 X20 Y376.86 Z2 E56.34
G1 F5987 X20 Y371.87 Z2 E56.34
G1 F5987 X20 Y366.87 Z2 E56.34
G1 F5987 X20 Y361.88 Z2 E56.34
G1 F5987 X20 Y356.88 Z2 E56.34
G1 F5987 X20 Y351.89 Z2 E56.34
G1 F5987 X20 Y346.89 Z2 E56.34
G1 F5987 X20 Y341.9 Z2 E56.34
G1 F5987 X20 Y336.91 Z2 E56.34
G1 F5987 X20 Y331.91 Z2 E56.34
G1 F5987 X20 Y326.92 Z2 E56.34
G1 F5987 X20 Y321.92 Z2 E56.34
G1 F5987 X20 Y316.93 Z2 E56.34
G1 F5987 X20 Y311.93 Z2 E56.34
G1 F5987 X20 Y306.94 Z2 E56.34
G1 F5987 X20 Y301.95 Z2 E56.34
G1 F5987 X20 Y296.95 Z2 E56.34
G1 F5987 X20 Y291.96 Z2 E56.34
G1 F5987 X20 Y286.96 Z2 E56.34
G1 F5987 X20 Y281.97 Z2 E56.34
G1 F5987 X20 Y276.97 Z2 E56.34
G1 F5987 X20 Y271.98 Z2 E56.34
G1 F5987 X20 Y266.99 Z2 E56.34
G1 F5987 X20 Y261.99 Z2 E56.34
G1 F5987 X20 Y257 Z2 E56.34
G1 F5987 X20 Y252 Z2 E56.34
G1 F5987 X20 Y247.01 Z2 E56.34
G1 F5987 X20 Y242.01 Z2 E56.34
G1 F5987 X20 Y237.02 Z2 E56.34
G1 F5987 X20 Y232.03 Z2 E56.34
G1 F5987 X20 Y227.03 Z2 E56.34
G1 F5987 X20 Y222.04 Z2 E56.34
G1 F5987 X20 Y217.04 Z2 E56.34
G1 F5987 X20 Y212.05 Z2 E56.34
G1 F5987 X20 Y207.05 Z2 E56.34
G1 F5987 X20 Y202.06 Z2 E56.34
G1 F5987 X20 Y197.06 Z2 E56.34
G1 F5987 X20 Y192.07 Z2 E56.34
G1 F5987 X20 Y187.08 Z2 E56.34
G1 F5987 X20 Y182.08 Z2 E56.34
G1 F5987 X20 Y177.09 Z2 E56.34
G1 F5987 X20 Y172.09 Z2 E56.34
G1 F5987 X20 Y167.1 Z2 E56.34
G1 F5987 X20 Y162.1 Z2 E56.34
G1 F5987 X20 Y157.11 Z2 E56.34
G1 F5987 X20 Y152.12 Z2 E56.34
G1 F5987 X20 Y147.12 Z2 E56.34
G1 F5987 X20 Y142.13 Z2 E56.34
G1 F5987 X20 Y137.13 Z2 E56.34
G1 F5987 X20 Y132.14 Z2 E56.34
G1 F5987 X20 Y127.14 Z2 E56.34
G1 F5987 X20 Y122.15 Z2 E56.34
G1 F5987 X20 Y117.16 Z2 E56.34
G1 F5987 X20 Y112.16 Z2 E56.34
G1 F5987 X20 Y107.17 Z2 E56.34
G1 F5987 X20 Y102.17 Z2 E56.34
G1 F5987 X20 Y97.18 Z2 E56.34
G1 F5987 X20 Y92.18 Z2 E56.34
G1 F5987 X20 Y87.19 Z2 E56.34
G1 F5987 X20 Y82.2 Z2 E56.34
G1 F5987 X20 Y77.2 Z2 E56.34
G1 F5987 X20 Y72.21 Z2 E56.34
G1 F5987 X20 Y67.21 Z2 E56.34
G1 F5987 X20 Y62.22 Z2 E56.34
G1 F5987 X20 Y57.22 Z2 E56.34
G1 F5987 X20 Y52.23 Z2 E56.34
G1 F5987 X20 Y47.24 Z2 E56.34
G1 F5987 X20 Y42.24 Z2 E56.34
G1 F4255 X22.75 Y40 Z2 E40.04
G1 F5987 X27.75 Y40 Z2 E56.34
G1 F5987 X32.74 Y40 Z2 E56.34
G1 F5987 X37.74 Y40 Z2 E56.34
G1 F5987 X42.73 Y40 Z2 E56.34
G1 F5987 X47.73 Y40 Z2 E56.34
G1 F5987 X52.72 Y40 Z2 E56.34
G1 F5987 X57.71 Y40 Z2 E56.34
G1 F5987 X62.71 Y40 Z2 E56.34
G1 F5987 X67.7 Y40 Z2 E56.34
G1 F5987 X72.7 Y40 Z2 E56.34
G1 F5987 X77.69 Y40 Z2 E56.34
G1 F5987 X82.69 Y40 Z2 E56.34
G1 F5987 X87.68 Y40 Z2 E56.34
G1 F5987 X92.67 Y40 Z2 E56.34
G1 F5987 X97.67 Y40 Z2 E56.34
G1 F5987 X102.66 Y40 Z2 E56.34
G1 F5987 X107.66 Y40 Z2 E56.34
G1 F5987 X112.65 Y40 Z2 E56.34
G1 F5987 X117.65 Y40 Z2 E56.34
G1 F5987 X122.64 Y40 Z2 E56.34
G1 F5987 X127.63 Y40 Z2 E56.34
G1 F5987 X132.63 Y40 Z2 E56.34
G1 F5987 X137.62 Y40 Z2 E56.34
G1 F5987 X142.62 Y40 Z2 E56.34
G1 F5987 X147.61 Y40 Z2 E56.34
G1 F5987 X152.61 Y40 Z2 E56.34
G1 F5987 X157.6 Y40 Z2 E56.34
G1 F5987 X162.59 Y40 Z2 E56.34
G1 F5987 X167.59 Y40 Z2 E56.34
G1 F5987 X172.58 Y40 Z2 E56.34
G1 F5987 X177.58 Y40 Z2 E56.34
G1 F5987 X182.57 Y40 Z2 E56.34
G1 F5987 X187.57 Y40 Z2 E56.34
G1 F5987 X192.56 Y40 Z2 E56.34
G1 F5987 X197.55 Y40 Z2 E56.34
G1 F5233 X201.87 Y40.68 Z2 E49.25
G1 F5987 X201.87 Y45.68 Z2 E56.34
G1 F5987 X201.87 Y50.67 Z2 E56.34
G1 F5987 X201.87 Y55.67 Z2 E56.34
G1 F5987 X201.87 Y60.66 Z2 E56.34
G1 F5987 X201.87 Y65.65 Z2 E56.34
G1 F5987 X201.87 Y70.65 Z2 E56.34
G1 F5987 X201.87 Y75.64 Z2 E56.34
G1 F5987 X201.87 Y80.64 Z2 E56.34
G1 F5987 X201.87 Y85.63 Z2 E56.34
G1 F5987 X201.87 Y90.63 Z2 E56.34
G1 F5987 X201.87 Y95.62 Z2 E56.34
G1 F5987 X201.87 Y100.61 Z2 E56.34
G1 F5987 X201.87 Y105.61 Z2 E56.34
G1 F5987 X201.87 Y110.6 Z2 E56.34
G1 F5987 X201.87 Y115.6 Z2 E56.34
G1 F5987 X201.87 Y120.59 Z2 E56.34
G1 F5987 X201.87 Y125.59 Z2 E56.34
G1 F5987 X201.87 Y130.58 Z2 E56.34
G1 F5987 X201.87 Y135.57 Z2 E56.34
G1 F5987 X201.87 Y140.57 Z2 E56.34
G1 F5987 X201.87 Y145.56 Z2 E56.34
G1 F5987 X201.87 Y150.56 Z2 E56.34
G1 F5987 X201.87 Y155.55 Z2 E56.34
G1 F5987 X201.87 Y160.55 Z2 E56.34
G1 F5987 X201.87 Y165.54 Z2 E56.34
G1 F5987 X201.87 Y170.53 Z2 E56.34
G1 F5987 X201.87 Y175.53 Z2 E56.34
G1 F5987 X201.87 Y180.52 Z2 E56.34
G1 F5987 X201.87 Y185.52 Z2 E56.34
G1 F5987 X201.87 Y190.51 Z2 E56.34
G1 F5987 X201.87 Y195.51 Z2 E56.34
G1 F5987 X201.87 Y200.5 Z2 E56.34
G1 F5987 X201.87 Y205.49 Z2 E56.34
G1 F5987 X201.87 Y210.49 Z2 E56.34
G1 F5987 X201.87 Y215.48 Z2 E56.34
G1 F5987 X201.87 Y220.48 Z2 E56.34
G1 F5987 X201.87 Y225.47 Z2 E56.34
G1 F5987 X201.87 Y230.47 Z2 E56.34
G1 F5987 X201.87 Y235.46 Z2 E56.34
G1 F5987 X201.87 Y240.46 Z2 E56.34
G1 F5987 X201.87 Y245.45 Z2 E56.34
G1 F5987 X201.87 Y250.44 Z2 E56.34
G1 F5987 X201.87 Y255.44 Z2 E56.34
G1 F5987 X201.87 Y260.43 Z2 E56.34
G1 F5987 X201.87 Y265.43 Z2 E56.34
G1 F5987 X201.87 Y270.42 Z2 E56.34
G1 F5987 X201.87 Y275.42 Z2 E56.34
G1 F5987 X201.87 Y280.41 Z2 E56.34
G1 F5987 X201.87 Y285.4 Z2 E56.34
G1 F5987 X201.87 Y290.4 Z2 E56.34
G1 F5987 X201.87 Y295.39 Z2 E56.34
G1 F5987 X201.87 Y300.39 Z2 E56.34
G1 F5987 X201.87 Y305.38 Z2 E56.34
G1 F5987 X201.87 Y310.38 Z2 E56.34
G1 F5987 X201.87 Y315.37 Z2 E56.34
G1 F5987 X201.87 Y320.36 Z2 E56.34
G1 F5987 X201.87 Y325.36 Z2 E56.34
G1 F5987 X201.87 Y330.35 Z2 E56.34
G1 F5987 X201.87 Y335.35 Z2 E56.34
G1 F5987 X201.87 Y340.34 Z2 E56.34
G1 F5987 X201.87 Y345.34 Z2 E56.34
G1 F5987 X201.87 Y350.33 Z2 E56.34
G1 F5987 X201.87 Y355.32 Z2 E56.34
G1 F5987 X201.87 Y360.32 Z2 E56.34
G1 F5987 X201.87 Y365.31 Z2 E56.34
G1 F5987 X201.87 Y370.31 Z2 E56.34
G1 F5987 X201.87 Y375.3 Z2 E56.34
G1 F5987 X201.87 Y380.3 Z2 E56.34
G1 F5987 X201.87 Y385.29 Z2 E56.34
G1 F5987 X201.87 Y390.29 Z2 E56.34
G1 F5987 X201.87 Y395.28 Z2 E56.34
G1 F5987 X201.87 Y400.27 Z2 E56.34
G1 F5987 X201.87 Y405.27 Z2 E56.34
G1 F5987 X201.87 Y410.26 Z2 E56.34
G1 F5987 X201.87 Y415.26 Z2 E56.34
G1 F5987 X201.87 Y420.25 Z2 E56.34
G1 F5987 X201.87 Y425.25 Z2 E56.34
G1 F5987 X201.87 Y430.24 Z2 E56.34
G1 F5987 X201.87 Y435.23 Z2 E56.34
G1 F5987 X201.87 Y440.23 Z2 E56.34
G1 F5987 X201.87 Y445.22 Z2 E56.34
G1 F5987 X201.87 Y450.22 Z2 E56.34
G1 F5987 X201.87 Y455.21 Z2 E56.34
G1 F5987 X201.87 Y460.21 Z2 E56.34
G1 F5987 X201.87 Y465.2 Z2 E56.34
G1 F5987 X201.87 Y470.19 Z2 E56.34
G1 F5987 X201.87 Y475.19 Z2 E56.34
G1 F5987 X201.87 Y480.18 Z2 E56.34
G1 F5987 X201.87 Y485.18 Z2 E56.34
G1 F5987 X201.87 Y490.17 Z2 E56.34
G1 F5987 X201.87 Y495.17 Z2 E56.34
G1 F5987 X201.87 Y500.16 Z2 E56.34
G1 F4608 X198.3 Y501.58 Z2 E43.36
G1 F5987 X193.3 Y501.58 Z2 E56.34
G1 F5987 X188.31 Y501.58 Z2 E56.34
G1 F5987 X183.31 Y501.58 Z2 E56.34
G1 F5987 X178.32 Y501.58 Z2 E56.34
G1 F5987 X173.32 Y501.58 Z2 E56.34
G1 F5987 X168.33 Y501.58 Z2 E56.34
G1 F5987 X163.34 Y501.58 Z2 E56.34
G1 F5987 X158.34 Y501.58 Z2 E56.34
G1 F5987 X153.35 Y501.58 Z2 E56.34
G1 F5987 X148.35 Y501.58 Z2 E56.34
G1 F5987 X143.36 Y501.58 Z2 E56.34
G1 F5987 X138.36 Y501.58 Z2 E56.34
G1 F5987 X133.37 Y501.58 Z2 E56.34
G1 F5987 X128.38 Y501.58 Z2 E56.34
G1 F5987 X123.38 Y501.58 Z2 E56.34
G1 F3547 X113.38 Y471.58 Z2 E33.37
G1 F3547 X110.42 Y471.58 Z2 E33.37
G1 F3547 X107.46 Y471.57 Z2 E33.37
G1 F3547 X104.51 Y471.57 Z2 E33.37
G1 F3547 X101.55 Y471.56 Z2 E33.37
G1 F3547 X98.59 Y471.56 Z2 E33.37
G1 F3547 X95.63 Y471.56 Z2 E33.37
G1 F3547 X92.67 Y471.55 Z2 E33.37
G1 F3547 X89.71 Y471.55 Z2 E33.37
G1 F3547 X86.75 Y471.54 Z2 E33.37
G1 F3547 X83.79 Y471.54 Z2 E33.37
G1 F3547 X80.84 Y471.53 Z2 E33.37
G1 F3547 X77.88 Y471.53 Z2 E33.37
G1 F3547 X74.92 Y471.52 Z2 E33.37
G1 F3547 X71.96 Y471.52 Z2 E33.37
G1 F3547 X69 Y471.51 Z2 E33.37
G1 F3547 X66.04 Y471.51 Z2 E33.37
G1 F3547 X63.08 Y471.5 Z2 E33.37
G1 F3543 X60.12 Y471.5 Z2 E33.34
G1 F3525 X57.17 Y471.4 Z2 E33.17
G1 F3389 X54.27 Y470.89 Z2 E31.89
G1 F3413 X51.86 Y469.42 Z2 E32.12
G1 F3531 X50.74 Y466.8 Z2 E33.23
G1 F3543 X50.77 Y463.85 Z2 E33.34
G1 F3545 X51.24 Y460.93 Z2 E33.36
G1 F3545 X51.95 Y458.06 Z2 E33.36
G1 F3545 X52.84 Y455.24 Z2 E33.36
G1 F3544 X53.89 Y452.48 Z2 E33.35
G1 F3547 X55.11 Y449.78 Z2 E33.37
G1 F3543 X56.45 Y447.14 Z2 E33.34
G1 F3547 X57.88 Y444.56 Z2 E33.37
G1 F3544 X59.45 Y442.05 Z2 E33.35
G1 F3547 X61.11 Y439.6 Z2 E33.37
G1 F3543 X62.88 Y437.23 Z2 E33.34
G1 F3547 X64.73 Y434.93 Z2 E33.37
G1 F3547 X66.7 Y432.73 Z2 E33.37
G1 F3544 X68.68 Y430.52 Z2 E33.35
G1 F3547 X70.72 Y428.38 Z2 E33.37
G1 F3546 X72.85 Y426.33 Z2 E33.37
G1 F3547 X75.01 Y424.31 Z2 E33.37
G1 F3547 X77.21 Y422.33 Z2 E33.37
G1 F3547 X79.41 Y420.35 Z2 E33.37
G1 F3547 X81.61 Y418.38 Z2 E33.37
G1 F3544 X83.81 Y416.4 Z2 E33.35
G1 F3547 X85.95 Y414.35 Z2 E33.37
G1 F3547 X87.98 Y412.2 Z2 E33.37
G1 F3544 X90.01 Y410.05 Z2 E33.35
G1 F3547 X91.96 Y407.83 Z2 E33.37
G1 F3544 X93.8 Y405.51 Z2 E33.35
G1 F3547 X95.57 Y403.14 Z2 E33.37
G1 F3543 X97.23 Y400.69 Z2 E33.34
G1 F3547 X98.8 Y398.19 Z2 E33.37
G1 F3543 X100.23 Y395.6 Z2 E33.34
G1 F3547 X101.57 Y392.96 Z2 E33.37
G1 F3544 X102.75 Y390.25 Z2 E33.35
G1 F3545 X103.84 Y387.5 Z2 E33.36
G1 F3545 X104.74 Y384.68 Z2 E33.36
G1 F3545 X105.47 Y381.82 Z2 E33.36
G1 F3545 X106.04 Y378.92 Z2 E33.36
G1 F3545 X106.42 Y375.98 Z2 E33.36
G1 F3545 X106.63 Y373.03 Z2 E33.36
G1 F3545 X106.66 Y370.08 Z2 E33.36
G1 F3545 X106.49 Y367.12 Z2 E33.36
G1 F3545 X106.15 Y364.19 Z2 E33.36
G1 F3545 X105.63 Y361.28 Z2 E33.36
G1 F3545 X104.94 Y358.4 Z2 E33.36
G1 F3545 X104.08 Y355.57 Z2 E33.36
G1 F3544 X103.07 Y352.79 Z2 E33.35
G1 F3547 X101.89 Y350.08 Z2 E33.37
G1 F3543 X100.58 Y347.43 Z2 E33.34
G1 F3547 X99.18 Y344.82 Z2 E33.37
G1 F3544 X97.63 Y342.3 Z2 E33.35
G1 F3547 X96.01 Y339.83 Z2 E33.37
G1 F3543 X94.26 Y337.44 Z2 E33.34
G1 F3547 X92.43 Y335.12 Z2 E33.37
G1 F3547 X90.48 Y332.9 Z2 E33.37
G1 F3544 X88.52 Y330.68 Z2 E33.35
G1 F3547 X86.5 Y328.52 Z2 E33.37
G1 F3546 X84.38 Y326.46 Z2 E33.37
G1 F3547 X82.22 Y324.43 Z2 E33.37
G1 F3547 X80.02 Y322.46 Z2 E33.37
G1 F3547 X77.82 Y320.48 Z2 E33.37
G1 F3547 X75.62 Y318.51 Z2 E33.37
G1 F3544 X73.41 Y316.53 Z2 E33.35
G1 F3547 X71.27 Y314.5 Z2 E33.37
G1 F3547 X69.22 Y312.36 Z2 E33.37
G1 F3544 X67.18 Y310.22 Z2 E33.35
G1 F3547 X65.2 Y308.02 Z2 E33.37
G1 F3544 X63.34 Y305.72 Z2 E33.35
G1 F3547 X61.55 Y303.37 Z2 E33.37
G1 F3544 X59.87 Y300.93 Z2 E33.35
G1 F3547 X58.27 Y298.45 Z2 E33.37
G1 F3543 X56.81 Y295.88 Z2 E33.34
G1 F3547 X55.43 Y293.26 Z2 E33.37
G1 F3544 X54.23 Y290.56 Z2 E33.35
G1 F3545 X53.1 Y287.83 Z2 E33.36
G1 F3545 X52.16 Y285.02 Z2 E33.36
G1 F3545 X51.38 Y282.17 Z2 E33.36
G1 F3545 X50.77 Y279.27 Z2 E33.36
G1 F3545 X50.34 Y276.35 Z2 E33.36
G1 F3545 X50.09 Y273.4 Z2 E33.36
G1 F3545 X50.01 Y270.44 Z2 E33.36
G1 F3545 X50.13 Y267.49 Z2 E33.36
G1 F3545 X50.42 Y264.54 Z2 E33.36
G1 F3545 X50.9 Y261.63 Z2 E33.36
G1 F3545 X51.54 Y258.74 Z2 E33.36
G1 F3545 X52.36 Y255.9 Z2 E33.36
G1 F3544 X53.33 Y253.1 Z2 E33.35
G1 F3547 X54.47 Y250.37 Z2 E33.37
G1 F3543 X55.75 Y247.71 Z2 E33.34
G1 F3547 X57.11 Y245.08 Z2 E33.37
G1 F3544 X58.63 Y242.55 Z2 E33.35
G1 F3547 X60.22 Y240.05 Z2 E33.37
G1 F3544 X61.95 Y237.65 Z2 E33.35
G1 F3547 X63.74 Y235.3 Z2 E33.37
G1 F3544 X65.64 Y233.03 Z2 E33.35
G1 F3547 X67.6 Y230.82 Z2 E33.37
G1 F3547 X69.68 Y228.71 Z2 E33.37
G1 F3545 X71.76 Y226.61 Z2 E33.36
G1 F3547 X73.88 Y224.54 Z2 E33.37
G1 F3547 X76.08 Y222.57 Z2 E33.37
G1 F3547 X78.28 Y220.59 Z2 E33.37
G1 F3547 X80.49 Y218.62 Z2 E33.37
G1 F3545 X82.69 Y216.64 Z2 E33.36
G1 F3547 X84.85 Y214.62 Z2 E33.37
G1 F3547 X86.91 Y212.5 Z2 E33.37
G1 F3544 X88.96 Y210.37 Z2 E33.35
G1 F3547 X90.97 Y208.2 Z2 E33.37
G1 F3544 X92.84 Y205.91 Z2 E33.35
G1 F3547 X94.67 Y203.58 Z2 E33.37
G1 F3544 X96.36 Y201.16 Z2 E33.35
G1 F3547 X98 Y198.69 Z2 E33.37
G1 F3543 X99.49 Y196.14 Z2 E33.34
G1 F3547 X100.9 Y193.54 Z2 E33.37
G1 F3544 X102.13 Y190.85 Z2 E33.35
G1 F3545 X103.3 Y188.13 Z2 E33.36
G1 F3545 X104.28 Y185.34 Z2 E33.36
G1 F3545 X105.1 Y182.5 Z2 E33.36
G1 F3545 X105.75 Y179.62 Z2 E33.36
G1 F3545 X106.23 Y176.7 Z2 E33.36
G1 F3545 X106.54 Y173.76 Z2 E33.36
G1 F3545 X106.66 Y170.8 Z2 E33.36
G1 F3545 X106.59 Y167.84 Z2 E33.36
G1 F3545 X106.34 Y164.9 Z2 E33.36
G1 F3545 X105.92 Y161.97 Z2 E33.36
G1 F3545 X105.31 Y159.07 Z2 E33.36
G1 F3545 X104.54 Y156.22 Z2 E33.36
G1 F3546 X103.61 Y153.41 Z2 E33.37
G1 F3545 X102.53 Y150.66 Z2 E33.36
G1 F3547 X101.29 Y147.97 Z2 E33.37
G1 F3544 X99.91 Y145.36 Z2 E33.35
G1 F3547 X98.47 Y142.78 Z2 E33.37
G1 F3544 X96.86 Y140.29 Z2 E33.35
G1 F3547 X95.19 Y137.85 Z2 E33.37
G1 F3544 X93.39 Y135.5 Z2 E33.35
G1 F3547 X91.53 Y133.2 Z2 E33.37
G1 F3547 X89.54 Y131.02 Z2 E33.37
G1 F3545 X87.54 Y128.84 Z2 E33.36
G1 F3547 X85.5 Y126.7 Z2 E33.37
G1 F3546 X83.34 Y124.67 Z2 E33.37
G1 F3547 X81.17 Y122.66 Z2 E33.37
G1 F3547 X78.96 Y120.69 Z2 E33.37
G1 F3547 X76.75 Y118.73 Z2 E33.37
G1 F3545 X74.54 Y116.76 Z2 E33.36
G1 F3547 X72.36 Y114.76 Z2 E33.37
G1 F3547 X70.29 Y112.65 Z2 E33.37
G1 F3544 X68.22 Y110.54 Z2 E33.35
G1 F3547 X66.19 Y108.38 Z2 E33.37
G1 F3545 X64.3 Y106.11 Z2 E33.36
G1 F3547 X62.45 Y103.8 Z2 E33.37
G1 F3544 X60.73 Y101.39 Z2 E33.35
G1 F3547 X59.07 Y98.95 Z2 E33.37
G1 F3543 X57.56 Y96.4 Z2 E33.35
G1 F3547 X56.11 Y93.83 Z2 E33.37
G1 F3545 X54.84 Y91.15 Z2 E33.36
G1 F3545 X53.63 Y88.45 Z2 E33.36
G1 F3545 X52.62 Y85.67 Z2 E33.36
G1 F3544 X51.76 Y82.84 Z2 E33.36
G1 F3541 X51.1 Y79.96 Z2 E33.32
G1 F3495 X50.69 Y77.04 Z2 E32.89
G1 F3390 X50.87 Y74.13 Z2 E31.9
G1 F3493 X52.32 Y71.7 Z2 E32.87
G1 F3541 X54.96 Y70.47 Z2 E33.32
G1 F3546 X57.89 Y70.09 Z2 E33.37
G1 F3547 X60.85 Y70 Z2 E33.37
G1 F3547 X63.81 Y70 Z2 E33.37
G1 F3547 X66.77 Y70 Z2 E33.37
G1 F3547 X69.72 Y70 Z2 E33.37
G1 F3547 X72.68 Y70.01 Z2 E33.37
G1 F3547 X75.64 Y70.01 Z2 E33.37
G1 F3547 X78.6 Y70.01 Z2 E33.37
G1 F3547 X81.56 Y70.01 Z2 E33.37
G1 F3547 X84.52 Y70.01 Z2 E33.37
G1 F3547 X87.48 Y70.01 Z2 E33.37
G1 F3547 X90.44 Y70.01 Z2 E33.37
G1 F3547 X93.39 Y70.02 Z2 E33.37
G1 F3547 X96.35 Y70.02 Z2 E33.37
G1 F3547 X99.31 Y70.02 Z2 E33.37
G1 F3547 X102.27 Y70.02 Z2 E33.37
G1 F3547 X105.23 Y70.02 Z2 E33.37
G1 F3547 X108.19 Y70.02 Z2 E33.37
G1 F3547 X111.15 Y70.02 Z2 E33.37
G1 F3547 X114.11 Y70.03 Z2 E33.37
G1 F3547 X117.06 Y70.03 Z2 E33.37
G1 F3547 X120.02 Y70.03 Z2 E33.37
G1 F3547 X122.98 Y70.03 Z2 E33.37
G1 F3547 X125.94 Y70.03 Z2 E33.37
G1 F3547 X128.9 Y70.03 Z2 E33.37
G1 F3547 X131.86 Y70.03 Z2 E33.37
G1 F3547 X134.82 Y70.03 Z2 E33.37
G1 F3547 X137.78 Y70.04 Z2 E33.37
G1 F3547 X140.73 Y70.04 Z2 E33.37
G1 F3547 X143.69 Y70.04 Z2 E33.37
G1 F3547 X146.65 Y70.04 Z2 E33.37
G1 F3547 X149.61 Y70.04 Z2 E33.37
G1 F3547 X152.57 Y70.04 Z2 E33.37
G1 F3547 X155.53 Y70.04 Z2 E33.37
G1 F3547 X158.49 Y70.05 Z2 E33.37
G1 F3544 X161.45 Y70.05 Z2 E33.35
G1 F3529 X164.4 Y70.12 Z2 E33.21
G1 F3414 X167.31 Y70.56 Z2 E32.13
G1 F3429 X169.83 Y71.89 Z2 E32.27
G1 F3533 X171.1 Y74.45 Z2 E33.25
G1 F3543 X171.14 Y77.4 Z2 E33.34
G1 F3545 X170.69 Y80.32 Z2 E33.36
G1 F3545 X170 Y83.19 Z2 E33.36
G1 F3545 X169.12 Y86.02 Z2 E33.36
G1 F3544 X168.09 Y88.79 Z2 E33.35
G1 F3547 X166.89 Y91.49 Z2 E33.37
G1 F3543 X165.55 Y94.13 Z2 E33.35
G1 F3547 X164.15 Y96.73 Z2 E33.37
G1 F3544 X162.57 Y99.24 Z2 E33.35
G1 F3547 X160.94 Y101.7 Z2 E33.37
G1 F3544 X159.17 Y104.07 Z2 E33.35
G1 F3547 X157.34 Y106.39 Z2 E33.37
G1 F3547 X155.36 Y108.6 Z2 E33.37
G1 F3544 X153.39 Y110.8 Z2 E33.35
G1 F3547 X151.37 Y112.96 Z2 E33.37
G1 F3546 X149.23 Y115.01 Z2 E33.37
G1 F3547 X147.08 Y117.03 Z2 E33.37
G1 F3547 X144.88 Y119.01 Z2 E33.37
G1 F3547 X142.68 Y120.99 Z2 E33.37
G1 F3547 X140.47 Y122.97 Z2 E33.37
G1 F3544 X138.27 Y124.95 Z2 E33.35
G1 F3547 X136.12 Y126.97 Z2 E33.37
G1 F3547 X134.09 Y129.13 Z2 E33.37
G1 F3544 X132.06 Y131.28 Z2 E33.35
G1 F3547 X130.09 Y133.48 Z2 E33.37
G1 F3544 X128.25 Y135.8 Z2 E33.35
G1 F3547 X126.46 Y138.15 Z2 E33.37
G1 F3544 X124.81 Y140.6 Z2 E33.35
G1 F3547 X123.21 Y143.1 Z2 E33.37
G1 F3543 X121.78 Y145.68 Z2 E33.34
G1 F3547 X120.42 Y148.31 Z2 E33.37
G1 F3544 X119.24 Y151.02 Z2 E33.35
G1 F3545 X118.12 Y153.76 Z2 E33.36
G1 F3545 X117.21 Y156.57 Z2 E33.36
G1 F3545 X116.46 Y159.43 Z2 E33.36
G1 F3545 X115.88 Y162.33 Z2 E33.36
G1 F3545 X115.47 Y165.26 Z2 E33.36
G1 F3545 X115.24 Y168.21 Z2 E33.36
G1 F3545 X115.2 Y171.17 Z2 E33.36
G1 F3545 X115.34 Y174.12 Z2 E33.36
G1 F3545 X115.67 Y177.06 Z2 E33.36
G1 F3545 X116.17 Y179.98 Z2 E33.36
G1 F3545 X116.85 Y182.86 Z2 E33.36
G1 F3546 X117.69 Y185.69 Z2 E33.37
G1 F3545 X118.68 Y188.48 Z2 E33.36
G1 F3547 X119.84 Y191.2 Z2 E33.37
G1 F3544 X121.15 Y193.85 Z2 E33.35
G1 F3547 X122.53 Y196.47 Z2 E33.37
G1 F3544 X124.08 Y198.99 Z2 E33.35
G1 F3547 X125.68 Y201.48 Z2 E33.37
G1 F3544 X127.43 Y203.86 Z2 E33.35
G1 F3547 X129.24 Y206.2 Z2 E33.37
G1 F3547 X131.19 Y208.42 Z2 E33.37
G1 F3545 X133.15 Y210.64 Z2 E33.36
G1 F3547 X135.15 Y212.81 Z2 E33.37
G1 F3546 X137.28 Y214.87 Z2 E33.37
G1 F3547 X139.42 Y216.91 Z2 E33.37
G1 F3547 X141.62 Y218.89 Z2 E33.37
G1 F3547 X143.83 Y220.86 Z2 E33.37
G1 F3547 X146.03 Y222.84 Z2 E33.37
G1 F3545 X148.23 Y224.82 Z2 E33.36
G1 F3547 X150.39 Y226.83 Z2 E33.37
G1 F3547 X152.44 Y228.97 Z2 E33.37
G1 F3544 X154.48 Y231.11 Z2 E33.35
G1 F3547 X156.48 Y233.29 Z2 E33.37
G1 F3545 X158.34 Y235.59 Z2 E33.36
G1 F3547 X160.15 Y237.93 Z2 E33.37
G1 F3544 X161.83 Y240.37 Z2 E33.35
G1 F3547 X163.45 Y242.84 Z2 E33.37
G1 F3544 X164.91 Y245.41 Z2 E33.35
G1 F3547 X166.31 Y248.01 Z2 E33.37
G1 F3545 X167.52 Y250.72 Z2 E33.36
G1 F3546 X168.67 Y253.44 Z2 E33.37
G1 F3545 X169.62 Y256.24 Z2 E33.36
G1 F3545 X170.42 Y259.09 Z2 E33.36
G1 F3545 X171.04 Y261.98 Z2 E33.36
G1 F3545 X171.5 Y264.9 Z2 E33.36
G1 F3545 X171.77 Y267.85 Z2 E33.36
G1 F3545 X171.86 Y270.8 Z2 E33.36
G1 F3545 X171.76 Y273.76 Z2 E33.36
G1 F3545 X171.49 Y276.7 Z2 E33.36
G1 F3545 X171.03 Y279.63 Z2 E33.36
G1 F3546 X170.4 Y282.52 Z2 E33.37
G1 F3546 X169.6 Y285.37 Z2 E33.37
G1 F3545 X168.65 Y288.16 Z2 E33.36
G1 F3547 X167.53 Y290.9 Z2 E33.37
G1 F3544 X166.25 Y293.57 Z2 E33.35
G1 F3547 X164.91 Y296.21 Z2 E33.37
G1 F3544 X163.39 Y298.74 Z2 E33.35
G1 F3547 X161.82 Y301.25 Z2 E33.37
G1 F3545 X160.09 Y303.65 Z2 E33.36
G1 F3547 X158.32 Y306.02 Z2 E33.37
G1 F3545 X156.42 Y308.28 Z2 E33.36
G1 F3547 X154.47 Y310.51 Z2 E33.37
G1 F3547 X152.39 Y312.62 Z2 E33.37
G1 F3545 X150.32 Y314.72 Z2 E33.36
G1 F3547 X148.21 Y316.8 Z2 E33.37
G1 F3547 X146.01 Y318.78 Z2 E33.37
G1 F3547 X143.8 Y320.75 Z2 E33.37
G1 F3547 X141.6 Y322.73 Z2 E33.37
G1 F3545 X139.4 Y324.7 Z2 E33.36
G1 F3547 X137.23 Y326.71 Z2 E33.37
G1 F3547 X135.17 Y328.83 Z2 E33.37
G1 F3545 X133.11 Y330.96 Z2 E33.36
G1 F3547 X131.09 Y333.12 Z2 E33.37
G1 F3545 X129.21 Y335.41 Z2 E33.36
G1 F3547 X127.37 Y337.72 Z2 E33.37
G1 F3544 X125.67 Y340.14 Z2 E33.35
G1 F3547 X124.02 Y342.59 Z2 E33.37
G1 F3544 X122.53 Y345.15 Z2 E33.35
G1 F3547 X121.1 Y347.74 Z2 E33.37
G1 F3545 X119.86 Y350.42 Z2 E33.36
G1 F3546 X118.67 Y353.13 Z2 E33.37
G1 F3546 X117.67 Y355.92 Z2 E33.37
G1 F3546 X116.84 Y358.75 Z2 E33.37
G1 F3545 X116.17 Y361.64 Z2 E33.36
G1 F3545 X115.67 Y364.55 Z2 E33.36
G1 F3545 X115.35 Y367.49 Z2 E33.36
G1 F3545 X115.21 Y370.45 Z2 E33.36
G1 F3545 X115.26 Y373.4 Z2 E33.36
G1 F3546 X115.49 Y376.35 Z2 E33.37
G1 F3546 X115.9 Y379.28 Z2 E33.37
G1 F3546 X116.48 Y382.18 Z2 E33.37
G1 F3546 X117.24 Y385.04 Z2 E33.37
G1 F3546 X118.15 Y387.85 Z2 E33.37
G1 F3545 X119.22 Y390.61 Z2 E33.36
G1 F3547 X120.44 Y393.31 Z2 E33.37
G1 F3544 X121.82 Y395.92 Z2 E33.35
G1 F3547 X123.24 Y398.52 Z2 E33.37
G1 F3545 X124.85 Y401 Z2 E33.36
G1 F3547 X126.49 Y403.46 Z2 E33.37
G1 F3545 X128.29 Y405.8 Z2 E33.36
G1 F3547 X130.13 Y408.12 Z2 E33.37
G1 F3547 X132.13 Y410.3 Z2 E33.37
G1 F3545 X134.13 Y412.49 Z2 E33.36
G1 F3547 X136.15 Y414.64 Z2 E33.37
G1 F3546 X138.31 Y416.67 Z2 E33.37
G1 F3547 X140.47 Y418.69 Z2 E33.37
G1 F3547 X142.68 Y420.65 Z2 E33.37
G1 F3547 X144.9 Y422.62 Z2 E33.37
G1 F3545 X147.11 Y424.58 Z2 E33.36
G1 F3547 X149.3 Y426.57 Z2 E33.37
G1 F3547 X151.37 Y428.68 Z2 E33.37
G1 F3545 X153.44 Y430.8 Z2 E33.36
G1 F3547 X155.48 Y432.93 Z2 E33.37
G1 F3545 X157.38 Y435.21 Z2 E33.36
G1 F3547 X159.24 Y437.5 Z2 E33.37
G1 F3545 X160.96 Y439.91 Z2 E33.36
G1 F3547 X162.65 Y442.34 Z2 E33.37
G1 F3544 X164.16 Y444.88 Z2 E33.35
G1 F3547 X165.63 Y447.45 Z2 E33.37
G1 F3545 X166.9 Y450.12 Z2 E33.36
G1 F3546 X168.13 Y452.81 Z2 E33.37
G1 F3546 X169.16 Y455.59 Z2 E33.37
G1 F3545 X170.03 Y458.41 Z2 E33.36
G1 F3542 X170.72 Y461.29 Z2 E33.34
G1 F3511 X171.16 Y464.21 Z2 E33.04
G1 F3434 X171.1 Y467.14 Z2 E32.31
G1 F3505 X169.8 Y469.69 Z2 E32.99
G1 F3542 X167.2 Y471.02 Z2 E33.33
G1 F3546 X164.27 Y471.44 Z2 E33.37
G1 F3547 X161.32 Y471.54 Z2 E33.37
G1 F3547 X158.36 Y471.55 Z2 E33.37
G1 F3547 X155.4 Y471.55 Z2 E33.37
G1 F3547 X152.44 Y471.55 Z2 E33.37
G1 F3547 X149.48 Y471.56 Z2 E33.37
G1 F3547 X146.52 Y471.56 Z2 E33.37
G1 F3547 X143.56 Y471.56 Z2 E33.37
G1 F3547 X140.61 Y471.56 Z2 E33.37
G1 F3547 X137.65 Y471.57 Z2 E33.37
G1 F3547 X134.69 Y471.57 Z2 E33.37
G1 F3547 X131.73 Y471.57 Z2 E33.37
G1 F3547 X128.77 Y471.58 Z2 E33.37
G1 F3547 X125.81 Y471.58 Z2 E33.37
G1 F3547 X122.85 Y471.58 Z2 E33.37
G1 F3502 X119.89 Y471.58 Z2 E32.96
G1 F3521 X117.05 Y471.58 Z2.66 E33.13
G1 F3533 X114.35 Y471.58 Z3.82 E33.24
G1 F3547 X111.41 Y471.58 Z4 E33.37
G1 F3547 X108.45 Y471.58 Z4 E33.37
G1 F3547 X105.49 Y471.58 Z4 E33.37
G1 F3547 X102.53 Y471.58 Z4 E33.37
G1 F3547 X99.57 Y471.58 Z4 E33.37
G1 F3547 X96.61 Y471.57 Z4 E33.37
G1 F3547 X93.65 Y471.57 Z4 E33.37
G1 F3547 X90.69 Y471.57 Z4 E33.37
G1 F3547 X87.74 Y471.57 Z4 E33.37
G1 F3547 X84.78 Y471.57 Z4 E33.37
G1 F3547 X81.82 Y471.57 Z4 E33.37
G1 F3547 X78.86 Y471.56 Z4 E33.37
G1 F3547 X75.9 Y471.56 Z4 E33.37
G1 F3547 X72.94 Y471.56 Z4 E33.37
G1 F3547 X69.98 Y471.56 Z4 E33.37
G1 F3547 X67.03 Y471.56 Z4 E33.37
G1 F3546 X64.07 Y471.56 Z4 E33.37
G1 F3546 X61.11 Y471.55 Z4 E33.36
G1 F3536 X58.15 Y471.43 Z4 E33.27
G1 F3478 X55.24 Y470.98 Z4 E32.73
G1 F3515 X52.68 Y469.61 Z4 E33.08
G1 F3543 X51.61 Y466.88 Z4 E33.34
G1 F3545 X51.67 Y463.92 Z4 E33.36
G1 F3546 X52.14 Y461 Z4 E33.37
G1 F3546 X52.85 Y458.13 Z4 E33.37
G1 F3546 X53.72 Y455.3 Z4 E33.36
G1 F3547 X54.76 Y452.53 Z4 E33.37
G1 F3545 X55.99 Y449.84 Z4 E33.36
G1 F3547 X57.24 Y447.16 Z4 E33.37
G1 F3545 X58.71 Y444.6 Z4 E33.36
G1 F3547 X60.21 Y442.05 Z4 E33.37
G1 F3546 X61.9 Y439.62 Z4 E33.37
G1 F3547 X63.6 Y437.2 Z4 E33.37
G1 F3545 X65.47 Y434.9 Z4 E33.36
G1 F3547 X67.35 Y432.62 Z4 E33.37
G1 F3547 X69.4 Y430.48 Z4 E33.37
G1 F3546 X71.44 Y428.35 Z4 E33.37
G1 F3547 X73.5 Y426.22 Z4 E33.37
G1 F3547 X75.69 Y424.23 Z4 E33.37
G1 F3547 X77.88 Y422.24 Z4 E33.37
G1 F3547 X80.06 Y420.24 Z4 E33.37
G1 F3546 X82.25 Y418.25 Z4 E33.37
G1 F3547 X84.42 Y416.25 Z4 E33.37
G1 F3547 X86.47 Y414.11 Z4 E33.37
G1 F3546 X88.52 Y411.98 Z4 E33.37
G1 F3547 X90.56 Y409.83 Z4 E33.37
G1 F3546 X92.43 Y407.54 Z4 E33.37
G1 F3547 X94.28 Y405.23 Z4 E33.37
G1 F3546 X95.97 Y402.81 Z4 E33.37
G1 F3547 X97.65 Y400.37 Z4 E33.37
G1 F3546 X99.13 Y397.81 Z4 E33.36
G1 F3547 X100.59 Y395.23 Z4 E33.37
G1 F3546 X101.82 Y392.54 Z4 E33.37
G1 F3546 X103.04 Y389.85 Z4 E33.37
G1 F3546 X104.05 Y387.07 Z4 E33.37
G1 F3546 X104.91 Y384.24 Z4 E33.37
G1 F3546 X105.61 Y381.36 Z4 E33.37
G1 F3546 X106.14 Y378.45 Z4 E33.37
G1 F3546 X106.49 Y375.52 Z4 E33.37
G1 F3546 X106.67 Y372.56 Z4 E33.37
G1 F3546 X106.66 Y369.6 Z4 E33.37
G1 F3546 X106.47 Y366.65 Z4 E33.37
G1 F3546 X106.11 Y363.72 Z4 E33.37
G1 F3546 X105.57 Y360.81 Z4 E33.37
G1 F3546 X104.86 Y357.93 Z4 E33.37
G1 F3546 X103.99 Y355.11 Z4 E33.37
G1 F3547 X102.97 Y352.33 Z4 E33.37
G1 F3546 X101.74 Y349.64 Z4 E33.37
G1 F3547 X100.5 Y346.95 Z4 E33.37
G1 F3546 X99.03 Y344.38 Z4 E33.37
G1 F3547 X97.55 Y341.82 Z4 E33.37
G1 F3546 X95.86 Y339.39 Z4 E33.37
G1 F3547 X94.17 Y336.97 Z4 E33.37
G1 F3546 X92.3 Y334.67 Z4 E33.37
G1 F3547 X90.43 Y332.38 Z4 E33.37
G1 F3547 X88.39 Y330.24 Z4 E33.37
G1 F3546 X86.34 Y328.1 Z4 E33.37
G1 F3547 X84.29 Y325.97 Z4 E33.37
G1 F3547 X82.1 Y323.98 Z4 E33.37
G1 F3547 X79.92 Y321.98 Z4 E33.37
G1 F3547 X77.73 Y319.99 Z4 E33.37
G1 F3546 X75.54 Y318 Z4 E33.37
G1 F3547 X73.36 Y316 Z4 E33.37
G1 F3547 X71.31 Y313.87 Z4 E33.37
G1 F3546 X69.26 Y311.73 Z4 E33.37
G1 F3547 X67.21 Y309.6 Z4 E33.37
G1 F3546 X65.34 Y307.3 Z4 E33.37
G1 F3547 X63.48 Y305.01 Z4 E33.37
G1 F3546 X61.79 Y302.58 Z4 E33.37
G1 F3547 X60.1 Y300.15 Z4 E33.37
G1 F3546 X58.62 Y297.59 Z4 E33.37
G1 F3547 X57.14 Y295.03 Z4 E33.37
G1 F3547 X55.91 Y292.34 Z4 E33.37
G1 F3547 X54.67 Y289.65 Z4 E33.37
G1 F3547 X53.65 Y286.87 Z4 E33.37
G1 F3547 X52.78 Y284.04 Z4 E33.37
G1 F3547 X52.07 Y281.17 Z4 E33.37
G1 F3546 X51.53 Y278.26 Z4 E33.37
G1 F3546 X51.17 Y275.33 Z4 E33.37
G1 F3546 X50.98 Y272.37 Z4 E33.37
G1 F3546 X50.97 Y269.41 Z4 E33.37
G1 F3546 X51.15 Y266.46 Z4 E33.37
G1 F3546 X51.5 Y263.52 Z4 E33.37
G1 F3546 X52.03 Y260.61 Z4 E33.37
G1 F3546 X52.72 Y257.74 Z4 E33.37
G1 F3546 X53.58 Y254.9 Z4 E33.37
G1 F3546 X54.59 Y252.12 Z4 E33.37
G1 F3547 X55.81 Y249.43 Z4 E33.37
G1 F3546 X57.03 Y246.73 Z4 E33.37
G1 F3547 X58.5 Y244.16 Z4 E33.37
G1 F3546 X59.97 Y241.6 Z4 E33.37
G1 F3547 X61.65 Y239.16 Z4 E33.37
G1 F3546 X63.34 Y236.73 Z4 E33.37
G1 F3547 X65.19 Y234.43 Z4 E33.37
G1 F3546 X67.06 Y232.13 Z4 E33.37
G1 F3547 X69.1 Y229.99 Z4 E33.37
G1 F3547 X71.14 Y227.85 Z4 E33.37
G1 F3546 X73.19 Y225.71 Z4 E33.37
G1 F3547 X75.37 Y223.71 Z4 E33.37
G1 F3547 X77.56 Y221.72 Z4 E33.37
G1 F3547 X79.74 Y219.72 Z4 E33.37
G1 F3547 X81.93 Y217.73 Z4 E33.37
G1 F3546 X84.11 Y215.74 Z4 E33.37
G1 F3547 X86.17 Y213.61 Z4 E33.37
G1 F3547 X88.22 Y211.48 Z4 E33.37
G1 F3546 X90.27 Y209.34 Z4 E33.37
G1 F3547 X92.15 Y207.06 Z4 E33.37
G1 F3546 X94.02 Y204.77 Z4 E33.37
G1 F3547 X95.72 Y202.35 Z4 E33.37
G1 F3546 X97.41 Y199.92 Z4 E33.37
G1 F3547 X98.9 Y197.36 Z4 E33.37
G1 F3546 X100.39 Y194.8 Z4 E33.37
G1 F3547 X101.63 Y192.12 Z4 E33.37
G1 F3546 X102.87 Y189.43 Z4 E33.37
G1 F3546 X103.9 Y186.66 Z4 E33.37
G1 F3546 X104.79 Y183.84 Z4 E33.37
G1 F3546 X105.51 Y180.97 Z4 E33.37
G1 F3546 X106.06 Y178.06 Z4 E33.37
G1 F3546 X106.44 Y175.13 Z4 E33.37
G1 F3546 X106.64 Y172.18 Z4 E33.37
G1 F3546 X106.66 Y169.22 Z4 E33.37
G1 F3546 X106.5 Y166.26 Z4 E33.37
G1 F3546 X106.16 Y163.33 Z4 E33.37
G1 F3546 X105.65 Y160.41 Z4 E33.37
G1 F3546 X104.97 Y157.53 Z4 E33.37
G1 F3546 X104.12 Y154.7 Z4 E33.37
G1 F3546 X103.12 Y151.91 Z4 E33.37
G1 F3547 X101.92 Y149.21 Z4 E33.37
G1 F3545 X100.69 Y146.52 Z4 E33.36
G1 F3547 X99.24 Y143.94 Z4 E33.37
G1 F3546 X97.77 Y141.37 Z4 E33.37
G1 F3547 X96.11 Y138.93 Z4 E33.37
G1 F3546 X94.42 Y136.5 Z4 E33.37
G1 F3547 X92.58 Y134.18 Z4 E33.37
G1 F3546 X90.71 Y131.89 Z4 E33.36
G1 F3547 X88.68 Y129.73 Z4 E33.37
G1 F3547 X86.64 Y127.6 Z4 E33.37
G1 F3546 X84.59 Y125.46 Z4 E33.37
G1 F3547 X82.42 Y123.45 Z4 E33.37
G1 F3547 X80.23 Y121.46 Z4 E33.37
G1 F3547 X78.04 Y119.47 Z4 E33.37
G1 F3547 X75.86 Y117.48 Z4 E33.37
G1 F3546 X73.67 Y115.48 Z4 E33.37
G1 F3547 X71.6 Y113.37 Z4 E33.37
G1 F3547 X69.55 Y111.23 Z4 E33.37
G1 F3545 X67.5 Y109.1 Z4 E33.36
G1 F3547 X65.61 Y106.83 Z4 E33.37
G1 F3546 X63.74 Y104.53 Z4 E33.36
G1 F3547 X62.03 Y102.12 Z4 E33.37
G1 F3545 X60.33 Y99.7 Z4 E33.36
G1 F3547 X58.83 Y97.15 Z4 E33.37
G1 F3545 X57.35 Y94.59 Z4 E33.36
G1 F3547 X56.08 Y91.92 Z4 E33.37
G1 F3545 X54.85 Y89.23 Z4 E33.36
G1 F3546 X53.8 Y86.46 Z4 E33.37
G1 F3546 X52.91 Y83.64 Z4 E33.37
G1 F3545 X52.19 Y80.77 Z4 E33.36
G1 F3543 X51.69 Y77.86 Z4 E33.34
G1 F3509 X51.59 Y74.9 Z4 E33.02
G1 F3475 X52.63 Y72.17 Z4 E32.7
G1 F3531 X55.11 Y70.65 Z4 E33.23
G1 F3545 X58.01 Y70.14 Z4 E33.36
G1 F3546 X60.96 Y70 Z4 E33.37
G1 F3547 X63.92 Y70 Z4 E33.37
G1 F3547 X66.88 Y70 Z4 E33.37
G1 F3547 X69.84 Y70 Z4 E33.37
G1 F3547 X72.8 Y70 Z4 E33.37
G1 F3547 X75.75 Y70 Z4 E33.37
G1 F3547 X78.71 Y70 Z4 E33.37
G1 F3547 X81.67 Y70 Z4 E33.37
G1 F3547 X84.63 Y70 Z4 E33.37
G1 F3547 X87.59 Y70 Z4 E33.37
G1 F3547 X90.55 Y70 Z4 E33.37
G1 F3547 X93.51 Y70.01 Z4 E33.37
G1 F3547 X96.47 Y70.01 Z4 E33.37
G1 F3547 X99.42 Y70.01 Z4 E33.37
G1 F3547 X102.38 Y70.01 Z4 E33.37
G1 F3547 X105.34 Y70.01 Z4 E33.37
G1 F3547 X108.3 Y70.01 Z4 E33.37
G1 F3547 X111.26 Y70.01 Z4 E33.37
G1 F3547 X114.22 Y70.01 Z4 E33.37
G1 F3547 X117.18 Y70.01 Z4 E33.37
G1 F3547 X120.14 Y70.01 Z4 E33.37
G1 F3547 X123.09 Y70.02 Z4 E33.37
G1 F3547 X126.05 Y70.02 Z4 E33.37
G1 F3547 X129.01 Y70.02 Z4 E33.37
G1 F3547 X131.97 Y70.02 Z4 E33.37
G1 F3547 X134.93 Y70.02 Z4 E33.37
G1 F3547 X137.89 Y70.02 Z4 E33.37
G1 F3547 X140.85 Y70.02 Z4 E33.37
G1 F3547 X143.81 Y70.02 Z4 E33.37
G1 F3547 X146.76 Y70.02 Z4 E33.37
G1 F3547 X149.72 Y70.02 Z4 E33.37
G1 F3547 X152.68 Y70.03 Z4 E33.37
G1 F3547 X155.64 Y70.03 Z4 E33.37
G1 F3547 X158.6 Y70.03 Z4 E33.37
G1 F3545 X161.56 Y70.03 Z4 E33.36
G1 F3539 X164.51 Y70.21 Z4 E33.31
G1 F3492 X167.39 Y70.87 Z4 E32.86
G1 F3470 X169.63 Y72.73 Z4 E32.66
G1 F3537 X170.25 Y75.55 Z4 E33.29
G1 F3545 X170.07 Y78.5 Z4 E33.36
G1 F3546 X169.53 Y81.41 Z4 E33.37
G1 F3546 X168.77 Y84.27 Z4 E33.37
G1 F3546 X167.85 Y87.08 Z4 E33.37
G1 F3546 X166.78 Y89.83 Z4 E33.37
G1 F3547 X165.5 Y92.5 Z4 E33.37
G1 F3545 X164.21 Y95.17 Z4 E33.36
G1 F3547 X162.7 Y97.71 Z4 E33.37
G1 F3545 X161.17 Y100.24 Z4 E33.36
G1 F3547 X159.46 Y102.65 Z4 E33.37
G1 F3546 X157.72 Y105.05 Z4 E33.36
G1 F3547 X155.84 Y107.33 Z4 E33.37
G1 F3545 X153.93 Y109.59 Z4 E33.36
G1 F3547 X151.87 Y111.71 Z4 E33.37
G1 F3547 X149.79 Y113.82 Z4 E33.37
G1 F3546 X147.71 Y115.92 Z4 E33.37
G1 F3547 X145.54 Y117.93 Z4 E33.37
G1 F3547 X143.36 Y119.93 Z4 E33.37
G1 F3547 X141.18 Y121.93 Z4 E33.37
G1 F3547 X138.99 Y123.92 Z4 E33.37
G1 F3545 X136.81 Y125.92 Z4 E33.36
G1 F3547 X134.77 Y128.06 Z4 E33.37
G1 F3547 X132.75 Y130.23 Z4 E33.37
G1 F3545 X130.74 Y132.39 Z4 E33.36
G1 F3547 X128.89 Y134.7 Z4 E33.37
G1 F3545 X127.06 Y137.03 Z4 E33.36
G1 F3547 X125.39 Y139.47 Z4 E33.37
G1 F3545 X123.76 Y141.94 Z4 E33.36
G1 F3547 X122.3 Y144.51 Z4 E33.37
G1 F3544 X120.88 Y147.11 Z4 E33.35
G1 F3547 X119.68 Y149.81 Z4 E33.37
G1 F3545 X118.52 Y152.53 Z4 E33.36
G1 F3546 X117.55 Y155.32 Z4 E33.37
G1 F3546 X116.74 Y158.17 Z4 E33.37
G1 F3546 X116.09 Y161.05 Z4 E33.37
G1 F3546 X115.61 Y163.97 Z4 E33.37
G1 F3546 X115.31 Y166.92 Z4 E33.37
G1 F3546 X115.19 Y169.87 Z4 E33.37
G1 F3546 X115.25 Y172.83 Z4 E33.37
G1 F3546 X115.49 Y175.78 Z4 E33.37
G1 F3546 X115.91 Y178.71 Z4 E33.37
G1 F3546 X116.5 Y181.6 Z4 E33.37
G1 F3546 X117.26 Y184.46 Z4 E33.37
G1 F3546 X118.17 Y187.28 Z4 E33.37
G1 F3545 X119.24 Y190.04 Z4 E33.36
G1 F3547 X120.5 Y192.71 Z4 E33.37
G1 F3544 X121.79 Y195.37 Z4 E33.35
G1 F3547 X123.28 Y197.93 Z4 E33.37
G1 F3545 X124.82 Y200.46 Z4 E33.36
G1 F3547 X126.51 Y202.88 Z4 E33.37
G1 F3545 X128.25 Y205.27 Z4 E33.36
G1 F3547 X130.12 Y207.56 Z4 E33.37
G1 F3545 X132.03 Y209.82 Z4 E33.36
G1 F3547 X134.08 Y211.96 Z4 E33.37
G1 F3547 X136.16 Y214.06 Z4 E33.37
G1 F3546 X138.24 Y216.17 Z4 E33.37
G1 F3547 X140.4 Y218.19 Z4 E33.37
G1 F3547 X142.58 Y220.18 Z4 E33.37
G1 F3547 X144.77 Y222.18 Z4 E33.37
G1 F3547 X146.95 Y224.18 Z4 E33.37
G1 F3545 X149.13 Y226.17 Z4 E33.36
G1 F3547 X151.18 Y228.3 Z4 E33.37
G1 F3547 X153.2 Y230.47 Z4 E33.37
G1 F3544 X155.22 Y232.64 Z4 E33.35
G1 F3547 X157.08 Y234.93 Z4 E33.37
G1 F3545 X158.91 Y237.26 Z4 E33.36
G1 F3547 X160.58 Y239.69 Z4 E33.37
G1 F3544 X162.22 Y242.16 Z4 E33.35
G1 F3547 X163.69 Y244.72 Z4 E33.37
G1 F3544 X165.11 Y247.32 Z4 E33.35
G1 F3547 X166.33 Y250.01 Z4 E33.37
G1 F3545 X167.49 Y252.74 Z4 E33.36
G1 F3546 X168.48 Y255.52 Z4 E33.37
G1 F3546 X169.3 Y258.36 Z4 E33.36
G1 F3545 X169.96 Y261.25 Z4 E33.36
G1 F3545 X170.45 Y264.16 Z4 E33.36
G1 F3545 X170.76 Y267.11 Z4 E33.36
G1 F3545 X170.89 Y270.06 Z4 E33.36
G1 F3545 X170.85 Y273.02 Z4 E33.36
G1 F3545 X170.62 Y275.97 Z4 E33.36
G1 F3545 X170.21 Y278.9 Z4 E33.36
G1 F3545 X169.64 Y281.8 Z4 E33.36
G1 F3546 X168.89 Y284.66 Z4 E33.37
G1 F3546 X167.99 Y287.48 Z4 E33.37
G1 F3545 X166.94 Y290.24 Z4 E33.36
G1 F3547 X165.69 Y292.92 Z4 E33.37
G1 F3544 X164.4 Y295.59 Z4 E33.35
G1 F3547 X162.93 Y298.15 Z4 E33.37
G1 F3544 X161.4 Y300.68 Z4 E33.35
G1 F3547 X159.71 Y303.11 Z4 E33.37
G1 F3545 X157.98 Y305.51 Z4 E33.36
G1 F3547 X156.11 Y307.8 Z4 E33.37
G1 F3544 X154.21 Y310.07 Z4 E33.35
G1 F3547 X152.17 Y312.21 Z4 E33.37
G1 F3547 X150.1 Y314.32 Z4 E33.37
G1 F3546 X148.02 Y316.43 Z4 E33.37
G1 F3547 X145.86 Y318.45 Z4 E33.37
G1 F3547 X143.68 Y320.45 Z4 E33.37
G1 F3547 X141.5 Y322.45 Z4 E33.37
G1 F3547 X139.31 Y324.44 Z4 E33.37
G1 F3544 X137.13 Y326.44 Z4 E33.35
G1 F3547 X135.07 Y328.56 Z4 E33.37
G1 F3547 X133.05 Y330.73 Z4 E33.37
G1 F3544 X131.04 Y332.89 Z4 E33.35
G1 F3547 X129.16 Y335.17 Z4 E33.37
G1 F3544 X127.33 Y337.5 Z4 E33.35
G1 F3547 X125.64 Y339.93 Z4 E33.37
G1 F3544 X124 Y342.39 Z4 E33.35
G1 F3547 X122.52 Y344.95 Z4 E33.37
G1 F3543 X121.1 Y347.54 Z4 E33.34
G1 F3547 X119.86 Y350.23 Z4 E33.37
G1 F3544 X118.7 Y352.95 Z4 E33.35
G1 F3545 X117.69 Y355.73 Z4 E33.36
G1 F3545 X116.86 Y358.57 Z4 E33.36
G1 F3545 X116.19 Y361.45 Z4 E33.36
G1 F3545 X115.69 Y364.36 Z4 E33.36
G1 F3545 X115.36 Y367.3 Z4 E33.36
G1 F3545 X115.21 Y370.26 Z4 E33.36
G1 F3545 X115.25 Y373.21 Z4 E33.36
G1 F3545 X115.46 Y376.16 Z4 E33.36
G1 F3545 X115.85 Y379.1 Z4 E33.36
G1 F3545 X116.42 Y382 Z4 E33.36
G1 F3545 X117.15 Y384.86 Z4 E33.36
G1 F3545 X118.04 Y387.68 Z4 E33.36
G1 F3544 X119.09 Y390.45 Z4 E33.35
G1 F3547 X120.32 Y393.14 Z4 E33.37
G1 F3543 X121.61 Y395.8 Z4 E33.34
G1 F3547 X123.06 Y398.38 Z4 E33.37
G1 F3544 X124.59 Y400.91 Z4 E33.35
G1 F3547 X126.26 Y403.35 Z4 E33.37
G1 F3544 X128 Y405.75 Z4 E33.36
G1 F3547 X129.85 Y408.05 Z4 E33.37
G1 F3544 X131.75 Y410.32 Z4 E33.35
G1 F3547 X133.78 Y412.47 Z4 E33.37
G1 F3547 X135.86 Y414.58 Z4 E33.37
G1 F3545 X137.93 Y416.68 Z4 E33.36
G1 F3547 X140.08 Y418.71 Z4 E33.37
G1 F3547 X142.27 Y420.71 Z4 E33.37
G1 F3547 X144.46 Y422.7 Z4 E33.37
G1 F3547 X146.64 Y424.7 Z4 E33.37
G1 F3544 X148.83 Y426.69 Z4 E33.35
G1 F3547 X150.9 Y428.8 Z4 E33.37
G1 F3547 X152.91 Y430.97 Z4 E33.37
G1 F3544 X154.93 Y433.13 Z4 E33.35
G1 F3547 X156.82 Y435.4 Z4 E33.37
G1 F3544 X158.65 Y437.73 Z4 E33.35
G1 F3547 X160.35 Y440.15 Z4 E33.37
G1 F3544 X161.99 Y442.61 Z4 E33.35
G1 F3547 X163.49 Y445.16 Z4 E33.37
G1 F3543 X164.91 Y447.75 Z4 E33.34
G1 F3547 X166.16 Y450.43 Z4 E33.37
G1 F3544 X167.33 Y453.15 Z4 E33.35
G1 F3545 X168.35 Y455.93 Z4 E33.36
G1 F3545 X169.19 Y458.76 Z4 E33.36
G1 F3542 X169.84 Y461.65 Z4 E33.33
G1 F3523 X170.23 Y464.58 Z4 E33.15
G1 F3387 X170.05 Y467.51 Z4 E31.88
G1 F3442 X168.54 Y469.89 Z4 E32.39
G1 F3533 X165.92 Y471.08 Z4 E33.24
G1 F3545 X163 Y471.46 Z4 E33.36
G1 F3547 X160.04 Y471.52 Z4 E33.37
G1 F3547 X157.08 Y471.53 Z4 E33.37
G1 F3547 X154.12 Y471.53 Z4 E33.37
G1 F3547 X151.17 Y471.54 Z4 E33.37
G1 F3547 X148.21 Y471.54 Z4 E33.37
G1 F3547 X145.25 Y471.54 Z4 E33.37
G1 F3547 X142.29 Y471.55 Z4 E33.37
G1 F3547 X139.33 Y471.55 Z4 E33.37
G1 F3547 X136.37 Y471.56 Z4 E33.37
G1 F3547 X133.41 Y471.56 Z4 E33.37
G1 F3547 X130.45 Y471.57 Z4 E33.37
G1 F3547 X127.5 Y471.57 Z4 E33.37
G1 F3547 X124.54 Y471.58 Z4 E33.37
G1 F3535 X121.58 Y471.58 Z4 E33.26
G1 F3516 X118.63 Y471.58 Z4.14 E33.09
G1 F3503 X115.91 Y471.59 Z5.24 E32.97
G1 F3547 X113.09 Y471.58 Z6 E33.37
G1 F3547 X110.13 Y471.58 Z6 E33.37
G1 F3547 X107.17 Y471.57 Z6 E33.37
G1 F3547 X104.21 Y471.57 Z6 E33.37
G1 F3547 X101.26 Y471.56 Z6 E33.37
G1 F3547 X98.3 Y471.55 Z6 E33.37
G1 F3547 X95.34 Y471.55 Z6 E33.37
G1 F3547 X92.38 Y471.54 Z6 E33.37
G1 F3547 X89.42 Y471.54 Z6 E33.37
G1 F3547 X86.46 Y471.53 Z6 E33.37
G1 F3547 X83.5 Y471.52 Z6 E33.37
G1 F3547 X80.54 Y471.52 Z6 E33.37
G1 F3547 X77.59 Y471.51 Z6 E33.37
G1 F3547 X74.63 Y471.51 Z6 E33.37
G1 F3547 X71.67 Y471.5 Z6 E33.37
G1 F3547 X68.71 Y471.49 Z6 E33.37
G1 F3547 X65.75 Y471.49 Z6 E33.37
G1 F3547 X62.79 Y471.48 Z6 E33.37
G1 F3545 X59.83 Y471.48 Z6 E33.36
G1 F3534 X56.89 Y471.18 Z6 E33.25
G1 F3478 X54.14 Y470.13 Z6 E32.73
G1 F3527 X52.66 Y467.63 Z6 E33.19
G1 F3544 X52.54 Y464.69 Z6 E33.35
G1 F3546 X52.93 Y461.76 Z6 E33.37
G1 F3546 X53.57 Y458.88 Z6 E33.37
G1 F3546 X54.39 Y456.03 Z6 E33.37
G1 F3546 X55.37 Y453.24 Z6 E33.37
G1 F3547 X56.55 Y450.53 Z6 E33.37
G1 F3546 X57.75 Y447.82 Z6 E33.37
G1 F3547 X59.18 Y445.24 Z6 E33.37
G1 F3546 X60.63 Y442.65 Z6 E33.37
G1 F3547 X62.27 Y440.2 Z6 E33.37
G1 F3546 X63.93 Y437.75 Z6 E33.37
G1 F3547 X65.76 Y435.42 Z6 E33.37
G1 F3546 X67.6 Y433.11 Z6 E33.37
G1 F3547 X69.62 Y430.94 Z6 E33.37
G1 F3547 X71.64 Y428.78 Z6 E33.37
G1 F3546 X73.67 Y426.62 Z6 E33.37
G1 F3547 X75.83 Y424.6 Z6 E33.37
G1 F3547 X78 Y422.59 Z6 E33.37
G1 F3547 X80.16 Y420.58 Z6 E33.37
G1 F3547 X82.33 Y418.56 Z6 E33.37
G1 F3546 X84.5 Y416.55 Z6 E33.37
G1 F3547 X86.54 Y414.41 Z6 E33.37
G1 F3547 X88.57 Y412.26 Z6 E33.37
G1 F3546 X90.6 Y410.11 Z6 E33.37
G1 F3547 X92.46 Y407.8 Z6 E33.37
G1 F3546 X94.31 Y405.49 Z6 E33.37
G1 F3547 X95.99 Y403.06 Z6 E33.37
G1 F3546 X97.66 Y400.61 Z6 E33.37
G1 F3547 X99.12 Y398.04 Z6 E33.37
G1 F3546 X100.58 Y395.47 Z6 E33.37
G1 F3547 X101.8 Y392.78 Z6 E33.37
G1 F3546 X103.02 Y390.08 Z6 E33.37
G1 F3546 X104.03 Y387.3 Z6 E33.37
G1 F3546 X104.89 Y384.47 Z6 E33.37
G1 F3546 X105.58 Y381.59 Z6 E33.37
G1 F3546 X106.12 Y378.68 Z6 E33.37
G1 F3546 X106.48 Y375.75 Z6 E33.37
G1 F3546 X106.67 Y372.79 Z6 E33.37
G1 F3546 X106.68 Y369.83 Z6 E33.37
G1 F3546 X106.51 Y366.88 Z6 E33.37
G1 F3546 X106.16 Y363.94 Z6 E33.37
G1 F3546 X105.64 Y361.03 Z6 E33.37
G1 F3546 X104.96 Y358.15 Z6 E33.37
G1 F3546 X104.11 Y355.32 Z6 E33.37
G1 F3546 X103.12 Y352.53 Z6 E33.37
G1 F3547 X101.91 Y349.83 Z6 E33.37
G1 F3546 X100.7 Y347.13 Z6 E33.37
G1 F3547 X99.26 Y344.55 Z6 E33.37
G1 F3546 X97.8 Y341.97 Z6 E33.37
G1 F3547 X96.14 Y339.52 Z6 E33.37
G1 F3546 X94.47 Y337.08 Z6 E33.37
G1 F3547 X92.63 Y334.76 Z6 E33.37
G1 F3546 X90.78 Y332.45 Z6 E33.37
G1 F3547 X88.76 Y330.3 Z6 E33.37
G1 F3547 X86.72 Y328.15 Z6 E33.37
G1 F3546 X84.69 Y325.99 Z6 E33.37
G1 F3547 X82.53 Y323.98 Z6 E33.37
G1 F3547 X80.36 Y321.96 Z6 E33.37
G1 F3547 X78.19 Y319.95 Z6 E33.37
G1 F3547 X76.03 Y317.94 Z6 E33.37
G1 F3546 X73.86 Y315.92 Z6 E33.37
G1 F3547 X71.83 Y313.77 Z6 E33.37
G1 F3547 X69.8 Y311.61 Z6 E33.37
G1 F3546 X67.78 Y309.46 Z6 E33.37
G1 F3547 X65.93 Y307.14 Z6 E33.37
G1 F3546 X64.09 Y304.83 Z6 E33.37
G1 F3547 X62.43 Y302.38 Z6 E33.37
G1 F3546 X60.77 Y299.93 Z6 E33.37
G1 F3547 X59.31 Y297.36 Z6 E33.37
G1 F3546 X57.87 Y294.77 Z6 E33.37
G1 F3547 X56.66 Y292.07 Z6 E33.37
G1 F3546 X55.47 Y289.37 Z6 E33.37
G1 F3546 X54.47 Y286.58 Z6 E33.37
G1 F3546 X53.63 Y283.74 Z6 E33.37
G1 F3546 X52.95 Y280.86 Z6 E33.37
G1 F3546 X52.44 Y277.95 Z6 E33.37
G1 F3546 X52.1 Y275.01 Z6 E33.37
G1 F3546 X51.93 Y272.06 Z6 E33.37
G1 F3546 X51.94 Y269.1 Z6 E33.37
G1 F3546 X52.13 Y266.15 Z6 E33.37
G1 F3546 X52.5 Y263.21 Z6 E33.37
G1 F3546 X53.03 Y260.3 Z6 E33.37
G1 F3546 X53.73 Y257.43 Z6 E33.37
G1 F3546 X54.59 Y254.6 Z6 E33.37
G1 F3546 X55.61 Y251.82 Z6 E33.37
G1 F3547 X56.82 Y249.12 Z6 E33.37
G1 F3546 X58.04 Y246.42 Z6 E33.37
G1 F3547 X59.51 Y243.85 Z6 E33.37
G1 F3546 X60.97 Y241.28 Z6 E33.37
G1 F3547 X62.65 Y238.84 Z6 E33.37
G1 F3546 X64.32 Y236.41 Z6 E33.37
G1 F3547 X66.18 Y234.1 Z6 E33.37
G1 F3546 X68.03 Y231.79 Z6 E33.37
G1 F3547 X70.06 Y229.64 Z6 E33.37
G1 F3547 X72.1 Y227.5 Z6 E33.37
G1 F3546 X74.14 Y225.35 Z6 E33.37
G1 F3547 X76.3 Y223.33 Z6 E33.37
G1 F3547 X78.47 Y221.32 Z6 E33.37
G1 F3547 X80.64 Y219.31 Z6 E33.37
G1 F3547 X82.8 Y217.29 Z6 E33.37
G1 F3546 X84.97 Y215.28 Z6 E33.37
G1 F3547 X86.99 Y213.12 Z6 E33.37
G1 F3547 X89.01 Y210.95 Z6 E33.37
G1 F3546 X91.03 Y208.79 Z6 E33.37
G1 F3547 X92.87 Y206.47 Z6 E33.37
G1 F3546 X94.7 Y204.15 Z6 E33.37
G1 F3547 X96.35 Y201.69 Z6 E33.37
G1 F3546 X98 Y199.24 Z6 E33.37
G1 F3547 X99.44 Y196.65 Z6 E33.37
G1 F3546 X100.87 Y194.07 Z6 E33.37
G1 F3547 X102.06 Y191.36 Z6 E33.37
G1 F3546 X103.25 Y188.65 Z6 E33.37
G1 F3546 X104.22 Y185.85 Z6 E33.37
G1 F3546 X105.05 Y183.01 Z6 E33.37
G1 F3546 X105.71 Y180.13 Z6 E33.37
G1 F3546 X106.2 Y177.21 Z6 E33.37
G1 F3546 X106.53 Y174.27 Z6 E33.37
G1 F3546 X106.67 Y171.31 Z6 E33.37
G1 F3546 X106.64 Y168.36 Z6 E33.37
G1 F3546 X106.43 Y165.4 Z6 E33.37
G1 F3546 X106.05 Y162.47 Z6 E33.37
G1 F3546 X105.49 Y159.57 Z6 E33.37
G1 F3546 X104.77 Y156.7 Z6 E33.37
G1 F3546 X103.9 Y153.87 Z6 E33.37
G1 F3546 X102.87 Y151.1 Z6 E33.37
G1 F3547 X101.64 Y148.41 Z6 E33.37
G1 F3546 X100.4 Y145.72 Z6 E33.37
G1 F3547 X98.93 Y143.15 Z6 E33.37
G1 F3546 X97.45 Y140.59 Z6 E33.37
G1 F3547 X95.76 Y138.16 Z6 E33.37
G1 F3546 X94.07 Y135.73 Z6 E33.37
G1 F3547 X92.21 Y133.43 Z6 E33.37
G1 F3546 X90.35 Y131.13 Z6 E33.37
G1 F3547 X88.31 Y128.99 Z6 E33.37
G1 F3547 X86.26 Y126.85 Z6 E33.37
G1 F3546 X84.22 Y124.71 Z6 E33.37
G1 F3547 X82.05 Y122.7 Z6 E33.37
G1 F3547 X79.88 Y120.68 Z6 E33.37
G1 F3547 X77.71 Y118.67 Z6 E33.37
G1 F3547 X75.54 Y116.66 Z6 E33.37
G1 F3546 X73.38 Y114.65 Z6 E33.37
G1 F3547 X71.36 Y112.48 Z6 E33.37
G1 F3547 X69.35 Y110.31 Z6 E33.37
G1 F3546 X67.34 Y108.14 Z6 E33.37
G1 F3547 X65.51 Y105.81 Z6 E33.37
G1 F3546 X63.69 Y103.48 Z6 E33.37
G1 F3547 X62.05 Y101.02 Z6 E33.37
G1 F3546 X60.41 Y98.56 Z6 E33.37
G1 F3547 X58.99 Y95.96 Z6 E33.37
G1 F3546 X57.56 Y93.37 Z6 E33.37
G1 F3547 X56.39 Y90.65 Z6 E33.37
G1 F3546 X55.22 Y87.94 Z6 E33.37
G1 F3546 X54.26 Y85.14 Z6 E33.37
G1 F3546 X53.46 Y82.29 Z6 E33.37
G1 F3546 X52.84 Y79.39 Z6 E33.37
G1 F3546 X52.48 Y76.46 Z6 E33.37
G1 F3526 X52.67 Y73.51 Z6 E33.18
G1 F3543 X54.48 Y71.19 Z6 E33.34
G1 F3546 X57.3 Y70.28 Z6 E33.37
G1 F3547 X60.24 Y70.04 Z6 E33.37
G1 F3547 X63.2 Y70.04 Z6 E33.37
G1 F3547 X66.16 Y70.03 Z6 E33.37
G1 F3547 X69.12 Y70.03 Z6 E33.37
G1 F3547 X72.08 Y70.03 Z6 E33.37
G1 F3547 X75.04 Y70.03 Z6 E33.37
G1 F3547 X78 Y70.02 Z6 E33.37
G1 F3547 X80.96 Y70.02 Z6 E33.37
G1 F3547 X83.91 Y70.02 Z6 E33.37
G1 F3547 X86.87 Y70.02 Z6 E33.37
G1 F3547 X89.83 Y70.01 Z6 E33.37
G1 F3547 X92.79 Y70.01 Z6 E33.37
G1 F3547 X95.75 Y70.01 Z6 E33.37
G1 F3547 X98.71 Y70.01 Z6 E33.37
G1 F3547 X101.67 Y70 Z6 E33.37
G1 F3547 X104.63 Y70 Z6 E33.37
G1 F3547 X107.58 Y70 Z6 E33.37
G1 F3547 X110.54 Y70 Z6 E33.37
G1 F3547 X113.5 Y69.99 Z6 E33.37
G1 F3547 X116.46 Y69.99 Z6 E33.37
G1 F3547 X119.42 Y69.99 Z6 E33.37
G1 F3547 X122.38 Y69.99 Z6 E33.37
G1 F3547 X125.34 Y69.98 Z6 E33.37
G1 F3547 X128.3 Y69.98 Z6 E33.37
G1 F3547 X131.25 Y69.98 Z6 E33.37
G1 F3547 X134.21 Y69.98 Z6 E33.37
G1 F3547 X137.17 Y69.97 Z6 E33.37
G1 F3547 X140.13 Y69.97 Z6 E33.37
G1 F3547 X143.09 Y69.97 Z6 E33.37
G1 F3547 X146.05 Y69.97 Z6 E33.37
G1 F3547 X149.01 Y69.96 Z6 E33.37
G1 F3547 X151.97 Y69.96 Z6 E33.37
G1 F3547 X154.92 Y69.98 Z6 E33.37
G1 F3546 X157.88 Y70 Z6 E33.37
G1 F3545 X160.84 Y70.03 Z6 E33.36
G1 F3530 X163.79 Y70.23 Z6 E33.22
G1 F3487 X166.65 Y70.94 Z6 E32.82
G1 F3538 X168.84 Y72.86 Z6 E33.29
G1 F3545 X169.33 Y75.77 Z6 E33.36
G1 F3546 X169.1 Y78.72 Z6 E33.37
G1 F3546 X168.55 Y81.63 Z6 E33.37
G1 F3546 X167.79 Y84.48 Z6 E33.37
G1 F3546 X166.87 Y87.3 Z6 E33.37
G1 F3547 X165.79 Y90.05 Z6 E33.37
G1 F3545 X164.53 Y92.73 Z6 E33.36
G1 F3547 X163.25 Y95.39 Z6 E33.37
G1 F3546 X161.75 Y97.94 Z6 E33.37
G1 F3547 X160.23 Y100.48 Z6 E33.37
G1 F3546 X158.52 Y102.9 Z6 E33.37
G1 F3547 X156.8 Y105.3 Z6 E33.37
G1 F3546 X154.92 Y107.59 Z6 E33.37
G1 F3547 X153.02 Y109.86 Z6 E33.37
G1 F3547 X150.97 Y111.99 Z6 E33.37
G1 F3546 X148.91 Y114.11 Z6 E33.37
G1 F3547 X146.85 Y116.23 Z6 E33.37
G1 F3547 X144.68 Y118.25 Z6 E33.37
G1 F3547 X142.51 Y120.26 Z6 E33.37
G1 F3547 X140.35 Y122.28 Z6 E33.37
G1 F3546 X138.18 Y124.29 Z6 E33.37
G1 F3547 X136.03 Y126.32 Z6 E33.37
G1 F3547 X134.03 Y128.5 Z6 E33.37
G1 F3545 X132.03 Y130.69 Z6 E33.36
G1 F3547 X130.05 Y132.88 Z6 E33.37
G1 F3546 X128.24 Y135.23 Z6 E33.37
G1 F3547 X126.45 Y137.58 Z6 E33.37
G1 F3545 X124.84 Y140.06 Z6 E33.36
G1 F3547 X123.24 Y142.54 Z6 E33.37
G1 F3545 X121.84 Y145.15 Z6 E33.36
G1 F3547 X120.46 Y147.77 Z6 E33.37
G1 F3546 X119.32 Y150.5 Z6 E33.37
G1 F3546 X118.19 Y153.23 Z6 E33.37
G1 F3546 X117.28 Y156.05 Z6 E33.37
G1 F3546 X116.52 Y158.91 Z6 E33.37
G1 F3546 X115.93 Y161.81 Z6 E33.37
G1 F3546 X115.5 Y164.73 Z6 E33.37
G1 F3546 X115.25 Y167.68 Z6 E33.37
G1 F3546 X115.18 Y170.64 Z6 E33.37
G1 F3546 X115.28 Y173.59 Z6 E33.37
G1 F3546 X115.57 Y176.54 Z6 E33.37
G1 F3546 X116.02 Y179.46 Z6 E33.37
G1 F3546 X116.65 Y182.35 Z6 E33.37
G1 F3546 X117.44 Y185.21 Z6 E33.37
G1 F3546 X118.38 Y188.01 Z6 E33.37
G1 F3547 X119.47 Y190.76 Z6 E33.37
G1 F3545 X120.75 Y193.43 Z6 E33.36
G1 F3547 X122.04 Y196.09 Z6 E33.37
G1 F3546 X123.56 Y198.63 Z6 E33.37
G1 F3547 X125.09 Y201.16 Z6 E33.37
G1 F3546 X126.81 Y203.57 Z6 E33.37
G1 F3547 X128.54 Y205.96 Z6 E33.37
G1 F3546 X130.43 Y208.24 Z6 E33.37
G1 F3547 X132.34 Y210.5 Z6 E33.37
G1 F3547 X134.4 Y212.62 Z6 E33.37
G1 F3546 X136.46 Y214.75 Z6 E33.37
G1 F3547 X138.53 Y216.86 Z6 E33.37
G1 F3547 X140.7 Y218.87 Z6 E33.37
G1 F3547 X142.86 Y220.89 Z6 E33.37
G1 F3547 X145.03 Y222.91 Z6 E33.37
G1 F3545 X147.19 Y224.92 Z6 E33.36
G1 F3547 X149.34 Y226.96 Z6 E33.37
G1 F3547 X151.33 Y229.14 Z6 E33.37
G1 F3545 X153.32 Y231.33 Z6 E33.36
G1 F3547 X155.3 Y233.54 Z6 E33.37
G1 F3546 X157.09 Y235.89 Z6 E33.37
G1 F3547 X158.87 Y238.25 Z6 E33.37
G1 F3545 X160.48 Y240.74 Z6 E33.36
G1 F3547 X162.07 Y243.23 Z6 E33.37
G1 F3545 X163.45 Y245.85 Z6 E33.36
G1 F3547 X164.81 Y248.47 Z6 E33.37
G1 F3546 X165.94 Y251.21 Z6 E33.37
G1 F3546 X167.05 Y253.95 Z6 E33.37
G1 F3546 X167.94 Y256.77 Z6 E33.37
G1 F3546 X168.68 Y259.63 Z6 E33.37
G1 F3546 X169.26 Y262.54 Z6 E33.37
G1 F3546 X169.66 Y265.47 Z6 E33.37
G1 F3546 X169.89 Y268.42 Z6 E33.37
G1 F3546 X169.95 Y271.37 Z6 E33.37
G1 F3546 X169.82 Y274.33 Z6 E33.37
G1 F3546 X169.52 Y277.27 Z6 E33.37
G1 F3546 X169.04 Y280.19 Z6 E33.37
G1 F3546 X168.4 Y283.08 Z6 E33.37
G1 F3546 X167.6 Y285.93 Z6 E33.37
G1 F3546 X166.64 Y288.73 Z6 E33.37
G1 F3547 X165.53 Y291.47 Z6 E33.37
G1 F3545 X164.24 Y294.13 Z6 E33.36
G1 F3547 X162.93 Y296.78 Z6 E33.37
G1 F3545 X161.41 Y299.32 Z6 E33.36
G1 F3547 X159.86 Y301.84 Z6 E33.37
G1 F3545 X158.13 Y304.24 Z6 E33.36
G1 F3547 X156.39 Y306.63 Z6 E33.37
G1 F3547 X154.45 Y308.87 Z6 E33.37
G1 F3546 X152.52 Y311.11 Z6 E33.37
G1 F3547 X150.57 Y313.33 Z6 E33.37
G1 F3546 X148.47 Y315.42 Z6 E33.37
G1 F3547 X146.37 Y317.5 Z6 E33.37
G1 F3547 X144.2 Y319.51 Z6 E33.37
G1 F3547 X142.04 Y321.53 Z6 E33.37
G1 F3547 X139.88 Y323.55 Z6 E33.37
G1 F3545 X137.71 Y325.57 Z6 E33.36
G1 F3547 X135.57 Y327.61 Z6 E33.37
G1 F3547 X133.58 Y329.8 Z6 E33.37
G1 F3545 X131.6 Y332 Z6 E33.36
G1 F3547 X129.64 Y334.21 Z6 E33.37
G1 F3545 X127.85 Y336.57 Z6 E33.36
G1 F3547 X126.08 Y338.94 Z6 E33.37
G1 F3545 X124.48 Y341.43 Z6 E33.36
G1 F3547 X122.91 Y343.93 Z6 E33.37
G1 F3545 X121.54 Y346.55 Z6 E33.36
G1 F3547 X120.19 Y349.19 Z6 E33.37
G1 F3545 X119.08 Y351.93 Z6 E33.36
G1 F3546 X117.99 Y354.68 Z6 E33.37
G1 F3546 X117.11 Y357.5 Z6 E33.37
G1 F3546 X116.39 Y360.37 Z6 E33.37
G1 F3546 X115.83 Y363.28 Z6 E33.37
G1 F3546 X115.44 Y366.21 Z6 E33.37
G1 F3546 X115.23 Y369.16 Z6 E33.37
G1 F3546 X115.2 Y372.12 Z6 E33.37
G1 F3546 X115.35 Y375.07 Z6 E33.37
G1 F3546 X115.67 Y378.01 Z6 E33.37
G1 F3546 X116.16 Y380.93 Z6 E33.37
G1 F3546 X116.82 Y383.81 Z6 E33.37
G1 F3545 X117.64 Y386.66 Z6 E33.36
G1 F3547 X118.62 Y389.45 Z6 E33.37
G1 F3545 X119.79 Y392.16 Z6 E33.36
G1 F3547 X120.99 Y394.87 Z6 E33.37
G1 F3545 X122.42 Y397.46 Z6 E33.36
G1 F3547 X123.86 Y400.04 Z6 E33.37
G1 F3545 X125.5 Y402.5 Z6 E33.36
G1 F3547 X127.16 Y404.95 Z6 E33.37
G1 F3545 X128.99 Y407.28 Z6 E33.36
G1 F3547 X130.83 Y409.59 Z6 E33.37
G1 F3547 X132.84 Y411.76 Z6 E33.37
G1 F3546 X134.86 Y413.93 Z6 E33.37
G1 F3547 X136.89 Y416.08 Z6 E33.37
G1 F3547 X139.04 Y418.11 Z6 E33.37
G1 F3547 X141.2 Y420.13 Z6 E33.37
G1 F3547 X143.36 Y422.15 Z6 E33.37
G1 F3547 X145.52 Y424.18 Z6 E33.37
G1 F3545 X147.68 Y426.2 Z6 E33.36
G1 F3547 X149.82 Y428.24 Z6 E33.37
G1 F3547 X151.79 Y430.45 Z6 E33.37
G1 F3545 X153.77 Y432.65 Z6 E33.36
G1 F3547 X155.72 Y434.87 Z6 E33.37
G1 F3545 X157.5 Y437.23 Z6 E33.36
G1 F3547 X159.26 Y439.61 Z6 E33.37
G1 F3545 X160.84 Y442.11 Z6 E33.36
G1 F3547 X162.4 Y444.62 Z6 E33.37
G1 F3545 X163.77 Y447.25 Z6 E33.36
G1 F3547 X165.1 Y449.89 Z6 E33.37
G1 F3545 X166.2 Y452.64 Z6 E33.36
G1 F3546 X167.27 Y455.39 Z6 E33.37
G1 F3545 X168.13 Y458.22 Z6 E33.36
G1 F3543 X168.81 Y461.1 Z6 E33.34
G1 F3519 X169.25 Y464.03 Z6 E33.11
G1 F3450 X169.23 Y466.96 Z6 E32.47
G1 F3507 X168.02 Y469.57 Z6 E33
G1 F3542 X165.46 Y470.98 Z6 E33.33
G1 F3546 X162.54 Y471.43 Z6 E33.37
G1 F3547 X159.58 Y471.54 Z6 E33.37
G1 F3547 X156.62 Y471.55 Z6 E33.37
G1 F3547 X153.66 Y471.55 Z6 E33.37
G1 F3547 X150.71 Y471.55 Z6 E33.37
G1 F3547 X147.75 Y471.55 Z6 E33.37
G1 F3547 X144.79 Y471.56 Z6 E33.37
G1 F3547 X141.83 Y471.56 Z6 E33.37
G1 F3547 X138.87 Y471.56 Z6 E33.37
G1 F3547 X135.91 Y471.57 Z6 E33.37
G1 F3547 X132.95 Y471.57 Z6 E33.37
G1 F3547 X129.99 Y471.57 Z6 E33.37
G1 F3547 X127.04 Y471.58 Z6 E33.37
G1 F3547 X124.08 Y471.58 Z6 E33.37
G1 F3531 X121.12 Y471.58 Z6 E33.23
G1 F3528 X118.18 Y471.58 Z6.23 E33.2
G1 F3505 X115.5 Y471.58 Z7.45 E32.99
G1 F3547 X112.63 Y471.58 Z8 E33.37
G1 F3547 X109.67 Y471.58 Z8 E33.37
G1 F3547 X106.71 Y471.58 Z8 E33.37
G1 F3547 X103.75 Y471.58 Z8 E33.37
G1 F3547 X100.8 Y471.57 Z8 E33.37
G1 F3547 X97.84 Y471.57 Z8 E33.37
G1 F3547 X94.88 Y471.57 Z8 E33.37
G1 F3547 X91.92 Y471.57 Z8 E33.37
G1 F3547 X88.96 Y471.56 Z8 E33.37
G1 F3547 X86 Y471.56 Z8 E33.37
G1 F3547 X83.04 Y471.56 Z8 E33.37
G1 F3547 X80.08 Y471.55 Z8 E33.37
G1 F3547 X77.13 Y471.55 Z8 E33.37
G1 F3547 X74.17 Y471.55 Z8 E33.37
G1 F3547 X71.21 Y471.55 Z8 E33.37
G1 F3547 X68.25 Y471.54 Z8 E33.37
G1 F3546 X65.29 Y471.54 Z8 E33.37
G1 F3544 X62.33 Y471.52 Z8 E33.35
G1 F3520 X59.38 Y471.34 Z8 E33.12
G1 F3434 X56.51 Y470.7 Z8 E32.32
G1 F3521 X54.22 Y468.98 Z8 E33.13
G1 F3542 X53.51 Y466.14 Z8 E33.34
G1 F3545 X53.66 Y463.18 Z8 E33.36
G1 F3546 X54.18 Y460.27 Z8 E33.37
G1 F3546 X54.9 Y457.4 Z8 E33.37
G1 F3545 X55.79 Y454.58 Z8 E33.36
G1 F3547 X56.84 Y451.82 Z8 E33.37
G1 F3544 X58.06 Y449.12 Z8 E33.36
G1 F3547 X59.32 Y446.44 Z8 E33.37
G1 F3545 X60.78 Y443.87 Z8 E33.36
G1 F3547 X62.28 Y441.32 Z8 E33.37
G1 F3545 X63.95 Y438.88 Z8 E33.36
G1 F3547 X65.65 Y436.46 Z8 E33.37
G1 F3545 X67.49 Y434.15 Z8 E33.36
G1 F3547 X69.37 Y431.86 Z8 E33.37
G1 F3547 X71.4 Y429.71 Z8 E33.37
G1 F3546 X73.43 Y427.55 Z8 E33.37
G1 F3547 X75.47 Y425.42 Z8 E33.37
G1 F3547 X77.62 Y423.38 Z8 E33.37
G1 F3547 X79.77 Y421.35 Z8 E33.37
G1 F3547 X81.92 Y419.32 Z8 E33.37
G1 F3545 X84.07 Y417.28 Z8 E33.36
G1 F3547 X86.19 Y415.22 Z8 E33.37
G1 F3547 X88.17 Y413.03 Z8 E33.37
G1 F3545 X90.16 Y410.83 Z8 E33.36
G1 F3547 X92.11 Y408.61 Z8 E33.37
G1 F3545 X93.9 Y406.25 Z8 E33.36
G1 F3547 X95.66 Y403.88 Z8 E33.37
G1 F3545 X97.26 Y401.39 Z8 E33.36
G1 F3547 X98.83 Y398.88 Z8 E33.37
G1 F3544 X100.22 Y396.27 Z8 E33.35
G1 F3547 X101.56 Y393.63 Z8 E33.37
G1 F3545 X102.69 Y390.9 Z8 E33.36
G1 F3546 X103.78 Y388.15 Z8 E33.37
G1 F3546 X104.67 Y385.33 Z8 E33.37
G1 F3546 X105.41 Y382.47 Z8 E33.37
G1 F3546 X105.98 Y379.56 Z8 E33.37
G1 F3546 X106.39 Y376.63 Z8 E33.37
G1 F3546 X106.63 Y373.68 Z8 E33.37
G1 F3546 X106.69 Y370.73 Z8 E33.37
G1 F3546 X106.57 Y367.77 Z8 E33.37
G1 F3546 X106.28 Y364.83 Z8 E33.37
G1 F3546 X105.83 Y361.91 Z8 E33.37
G1 F3546 X105.2 Y359.01 Z8 E33.37
G1 F3545 X104.42 Y356.16 Z8 E33.36
G1 F3547 X103.47 Y353.36 Z8 E33.37
G1 F3544 X102.34 Y350.62 Z8 E33.36
G1 F3547 X101.18 Y347.91 Z8 E33.37
G1 F3545 X99.79 Y345.29 Z8 E33.36
G1 F3547 X98.38 Y342.69 Z8 E33.37
G1 F3545 X96.78 Y340.21 Z8 E33.36
G1 F3547 X95.15 Y337.74 Z8 E33.37
G1 F3545 X93.35 Y335.38 Z8 E33.36
G1 F3547 X91.54 Y333.05 Z8 E33.37
G1 F3547 X89.55 Y330.86 Z8 E33.37
G1 F3545 X87.57 Y328.66 Z8 E33.36
G1 F3547 X85.56 Y326.49 Z8 E33.37
G1 F3547 X83.43 Y324.44 Z8 E33.37
G1 F3547 X81.29 Y322.4 Z8 E33.37
G1 F3547 X79.15 Y320.35 Z8 E33.37
G1 F3547 X77.01 Y318.31 Z8 E33.37
G1 F3545 X74.87 Y316.27 Z8 E33.36
G1 F3547 X72.76 Y314.2 Z8 E33.37
G1 F3547 X70.8 Y311.98 Z8 E33.37
G1 F3545 X68.83 Y309.77 Z8 E33.36
G1 F3547 X66.9 Y307.53 Z8 E33.37
G1 F3545 X65.14 Y305.15 Z8 E33.36
G1 F3547 X63.4 Y302.76 Z8 E33.37
G1 F3545 X61.83 Y300.25 Z8 E33.36
G1 F3547 X60.3 Y297.72 Z8 E33.37
G1 F3544 X58.95 Y295.09 Z8 E33.36
G1 F3547 X57.64 Y292.43 Z8 E33.37
G1 F3545 X56.56 Y289.68 Z8 E33.36
G1 F3546 X55.5 Y286.92 Z8 E33.37
G1 F3546 X54.66 Y284.08 Z8 E33.37
G1 F3546 X53.97 Y281.21 Z8 E33.37
G1 F3546 X53.45 Y278.29 Z8 E33.37
G1 F3546 X53.09 Y275.36 Z8 E33.37
G1 F3546 X52.91 Y272.41 Z8 E33.37
G1 F3546 X52.9 Y269.45 Z8 E33.37
G1 F3546 X53.06 Y266.49 Z8 E33.37
G1 F3546 X53.4 Y263.56 Z8 E33.37
G1 F3546 X53.91 Y260.64 Z8 E33.37
G1 F3546 X54.58 Y257.76 Z8 E33.37
G1 F3545 X55.41 Y254.92 Z8 E33.36
G1 F3547 X56.4 Y252.13 Z8 E33.37
G1 F3545 X57.57 Y249.41 Z8 E33.36
G1 F3547 X58.77 Y246.71 Z8 E33.37
G1 F3545 X60.19 Y244.12 Z8 E33.36
G1 F3547 X61.64 Y241.54 Z8 E33.37
G1 F3545 X63.27 Y239.07 Z8 E33.36
G1 F3547 X64.93 Y236.62 Z8 E33.37
G1 F3545 X66.74 Y234.28 Z8 E33.36
G1 F3547 X68.58 Y231.97 Z8 E33.37
G1 F3547 X70.59 Y229.79 Z8 E33.37
G1 F3546 X72.59 Y227.62 Z8 E33.36
G1 F3547 X74.61 Y225.46 Z8 E33.37
G1 F3547 X76.76 Y223.42 Z8 E33.37
G1 F3547 X78.91 Y221.39 Z8 E33.37
G1 F3547 X81.06 Y219.36 Z8 E33.37
G1 F3546 X83.21 Y217.32 Z8 E33.37
G1 F3547 X85.34 Y215.27 Z8 E33.37
G1 F3547 X87.35 Y213.1 Z8 E33.37
G1 F3545 X89.36 Y210.93 Z8 E33.36
G1 F3547 X91.34 Y208.73 Z8 E33.37
G1 F3545 X93.16 Y206.4 Z8 E33.36
G1 F3547 X94.96 Y204.05 Z8 E33.37
G1 F3545 X96.6 Y201.59 Z8 E33.36
G1 F3547 X98.21 Y199.11 Z8 E33.37
G1 F3545 X99.64 Y196.52 Z8 E33.36
G1 F3547 X101.04 Y193.91 Z8 E33.37
G1 F3545 X102.22 Y191.2 Z8 E33.36
G1 F3546 X103.37 Y188.47 Z8 E33.37
G1 F3546 X104.32 Y185.67 Z8 E33.37
G1 F3546 X105.12 Y182.82 Z8 E33.37
G1 F3546 X105.76 Y179.94 Z8 E33.37
G1 F3546 X106.23 Y177.02 Z8 E33.37
G1 F3546 X106.54 Y174.08 Z8 E33.37
G1 F3546 X106.67 Y171.12 Z8 E33.37
G1 F3546 X106.63 Y168.16 Z8 E33.37
G1 F3546 X106.41 Y165.21 Z8 E33.37
G1 F3546 X106.03 Y162.28 Z8 E33.37
G1 F3546 X105.47 Y159.37 Z8 E33.37
G1 F3546 X104.75 Y156.5 Z8 E33.37
G1 F3545 X103.88 Y153.68 Z8 E33.36
G1 F3547 X102.85 Y150.91 Z8 E33.37
G1 F3545 X101.64 Y148.2 Z8 E33.36
G1 F3547 X100.4 Y145.52 Z8 E33.37
G1 F3545 X98.94 Y142.94 Z8 E33.36
G1 F3547 X97.46 Y140.38 Z8 E33.37
G1 F3545 X95.8 Y137.93 Z8 E33.36
G1 F3547 X94.12 Y135.5 Z8 E33.37
G1 F3545 X92.27 Y133.19 Z8 E33.36
G1 F3547 X90.41 Y130.89 Z8 E33.37
G1 F3547 X88.39 Y128.73 Z8 E33.37
G1 F3546 X86.36 Y126.58 Z8 E33.37
G1 F3547 X84.32 Y124.43 Z8 E33.37
G1 F3547 X82.17 Y122.4 Z8 E33.37
G1 F3547 X80.02 Y120.37 Z8 E33.37
G1 F3547 X77.87 Y118.34 Z8 E33.37
G1 F3545 X75.72 Y116.3 Z8 E33.36
G1 F3547 X73.59 Y114.25 Z8 E33.37
G1 F3547 X71.6 Y112.06 Z8 E33.37
G1 F3545 X69.61 Y109.87 Z8 E33.36
G1 F3547 X67.65 Y107.66 Z8 E33.37
G1 F3545 X65.85 Y105.31 Z8 E33.36
G1 F3547 X64.08 Y102.94 Z8 E33.37
G1 F3545 X62.47 Y100.46 Z8 E33.36
G1 F3547 X60.89 Y97.96 Z8 E33.37
G1 F3545 X59.5 Y95.35 Z8 E33.36
G1 F3547 X58.14 Y92.72 Z8 E33.37
G1 F3545 X57 Y89.99 Z8 E33.36
G1 F3546 X55.89 Y87.25 Z8 E33.37
G1 F3546 X54.98 Y84.43 Z8 E33.37
G1 F3545 X54.24 Y81.57 Z8 E33.36
G1 F3537 X53.7 Y78.66 Z8 E33.29
G1 F3470 X53.48 Y75.72 Z8 E32.66
G1 F3474 X54.06 Y72.88 Z8 E32.7
G1 F3536 X56.2 Y70.93 Z8 E33.27
G1 F3545 X59.06 Y70.21 Z8 E33.36
G1 F3547 X62.01 Y70.03 Z8 E33.37
G1 F3547 X64.97 Y70.03 Z8 E33.37
G1 F3547 X67.93 Y70.02 Z8 E33.37
G1 F3547 X70.89 Y70.02 Z8 E33.37
G1 F3547 X73.85 Y70.02 Z8 E33.37
G1 F3547 X76.81 Y70.02 Z8 E33.37
G1 F3547 X79.76 Y70.01 Z8 E33.37
G1 F3547 X82.72 Y70.01 Z8 E33.37
G1 F3547 X85.68 Y70.01 Z8 E33.37
G1 F3547 X88.64 Y70.01 Z8 E33.37
G1 F3547 X91.6 Y70.01 Z8 E33.37
G1 F3547 X94.56 Y70 Z8 E33.37
G1 F3547 X97.52 Y70 Z8 E33.37
G1 F3547 X100.48 Y70 Z8 E33.37
G1 F3547 X103.43 Y70 Z8 E33.37
G1 F3547 X106.39 Y69.99 Z8 E33.37
G1 F3547 X109.35 Y69.99 Z8 E33.37
G1 F3547 X112.31 Y69.99 Z8 E33.37
G1 F3547 X115.27 Y69.99 Z8 E33.37
G1 F3547 X118.23 Y69.98 Z8 E33.37
G1 F3547 X121.19 Y69.98 Z8 E33.37
G1 F3547 X124.15 Y69.98 Z8 E33.37
G1 F3547 X127.1 Y69.98 Z8 E33.37
G1 F3547 X130.06 Y69.98 Z8 E33.37
G1 F3547 X133.02 Y69.97 Z8 E33.37
G1 F3547 X135.98 Y69.97 Z8 E33.37
G1 F3547 X138.94 Y69.97 Z8 E33.37
G1 F3547 X141.9 Y69.97 Z8 E33.37
G1 F3547 X144.86 Y69.96 Z8 E33.37
G1 F3546 X147.82 Y69.96 Z8 E33.37
G1 F3547 X150.77 Y69.97 Z8 E33.37
G1 F3547 X153.73 Y70.01 Z8 E33.37
G1 F3547 X156.69 Y70.06 Z8 E33.37
G1 F3541 X159.65 Y70.11 Z8 E33.32
G1 F3513 X162.6 Y70.23 Z8 E33.06
G1 F3410 X165.45 Y70.9 Z8 E32.09
G1 F3516 X167.68 Y72.67 Z8 E33.09
G1 F3542 X168.36 Y75.52 Z8 E33.33
G1 F3545 X168.18 Y78.47 Z8 E33.36
G1 F3546 X167.66 Y81.39 Z8 E33.37
G1 F3546 X166.93 Y84.25 Z8 E33.37
G1 F3545 X166.03 Y87.07 Z8 E33.36
G1 F3547 X164.98 Y89.83 Z8 E33.37
G1 F3544 X163.76 Y92.53 Z8 E33.35
G1 F3547 X162.49 Y95.2 Z8 E33.37
G1 F3545 X161.03 Y97.77 Z8 E33.36
G1 F3547 X159.52 Y100.32 Z8 E33.37
G1 F3545 X157.85 Y102.76 Z8 E33.36
G1 F3547 X156.15 Y105.18 Z8 E33.37
G1 F3545 X154.3 Y107.49 Z8 E33.36
G1 F3547 X152.42 Y109.77 Z8 E33.37
G1 F3547 X150.39 Y111.92 Z8 E33.37
G1 F3546 X148.36 Y114.07 Z8 E33.37
G1 F3547 X146.31 Y116.2 Z8 E33.37
G1 F3547 X144.16 Y118.24 Z8 E33.37
G1 F3547 X142.01 Y120.27 Z8 E33.37
G1 F3547 X139.86 Y122.31 Z8 E33.37
G1 F3545 X137.71 Y124.34 Z8 E33.36
G1 F3547 X135.6 Y126.41 Z8 E33.37
G1 F3547 X133.61 Y128.6 Z8 E33.37
G1 F3545 X131.63 Y130.8 Z8 E33.36
G1 F3547 X129.69 Y133.03 Z8 E33.37
G1 F3545 X127.9 Y135.38 Z8 E33.36
G1 F3547 X126.14 Y137.76 Z8 E33.37
G1 F3544 X124.54 Y140.25 Z8 E33.36
G1 F3547 X122.98 Y142.76 Z8 E33.37
G1 F3544 X121.6 Y145.38 Z8 E33.35
G1 F3547 X120.26 Y148.02 Z8 E33.37
G1 F3545 X119.14 Y150.75 Z8 E33.36
G1 F3546 X118.05 Y153.5 Z8 E33.37
G1 F3546 X117.17 Y156.33 Z8 E33.37
G1 F3546 X116.44 Y159.19 Z8 E33.37
G1 F3546 X115.87 Y162.1 Z8 E33.37
G1 F3546 X115.47 Y165.03 Z8 E33.37
G1 F3546 X115.24 Y167.98 Z8 E33.37
G1 F3546 X115.18 Y170.93 Z8 E33.37
G1 F3546 X115.3 Y173.89 Z8 E33.37
G1 F3546 X115.6 Y176.83 Z8 E33.37
G1 F3546 X116.06 Y179.75 Z8 E33.37
G1 F3546 X116.7 Y182.64 Z8 E33.37
G1 F3545 X117.49 Y185.49 Z8 E33.36
G1 F3547 X118.44 Y188.29 Z8 E33.37
G1 F3544 X119.57 Y191.03 Z8 E33.35
G1 F3547 X120.74 Y193.74 Z8 E33.37
G1 F3545 X122.13 Y196.36 Z8 E33.36
G1 F3547 X123.55 Y198.95 Z8 E33.37
G1 F3545 X125.15 Y201.43 Z8 E33.36
G1 F3547 X126.79 Y203.9 Z8 E33.37
G1 F3545 X128.58 Y206.25 Z8 E33.36
G1 F3547 X130.41 Y208.58 Z8 E33.37
G1 F3547 X132.39 Y210.77 Z8 E33.37
G1 F3545 X134.38 Y212.97 Z8 E33.36
G1 F3547 X136.39 Y215.14 Z8 E33.37
G1 F3547 X138.53 Y217.18 Z8 E33.37
G1 F3547 X140.67 Y219.23 Z8 E33.37
G1 F3547 X142.8 Y221.27 Z8 E33.37
G1 F3547 X144.94 Y223.31 Z8 E33.37
G1 F3545 X147.08 Y225.36 Z8 E33.36
G1 F3547 X149.19 Y227.43 Z8 E33.37
G1 F3547 X151.15 Y229.65 Z8 E33.37
G1 F3545 X153.11 Y231.87 Z8 E33.36
G1 F3547 X155.03 Y234.11 Z8 E33.37
G1 F3545 X156.8 Y236.49 Z8 E33.36
G1 F3547 X158.53 Y238.89 Z8 E33.37
G1 F3544 X160.1 Y241.39 Z8 E33.36
G1 F3547 X161.62 Y243.93 Z8 E33.37
G1 F3544 X162.97 Y246.56 Z8 E33.35
G1 F3547 X164.27 Y249.22 Z8 E33.37
G1 F3545 X165.35 Y251.97 Z8 E33.36
G1 F3546 X166.4 Y254.74 Z8 E33.37
G1 F3546 X167.24 Y257.57 Z8 E33.37
G1 F3546 X167.92 Y260.45 Z8 E33.37
G1 F3546 X168.44 Y263.36 Z8 E33.37
G1 F3546 X168.79 Y266.3 Z8 E33.37
G1 F3546 X168.96 Y269.25 Z8 E33.37
G1 F3546 X168.96 Y272.21 Z8 E33.37
G1 F3546 X168.79 Y275.17 Z8 E33.37
G1 F3546 X168.45 Y278.1 Z8 E33.37
G1 F3546 X167.93 Y281.02 Z8 E33.37
G1 F3546 X167.25 Y283.9 Z8 E33.37
G1 F3545 X166.42 Y286.73 Z8 E33.36
G1 F3547 X165.42 Y289.52 Z8 E33.37
G1 F3544 X164.25 Y292.24 Z8 E33.35
G1 F3547 X163.04 Y294.93 Z8 E33.37
G1 F3545 X161.62 Y297.53 Z8 E33.36
G1 F3547 X160.17 Y300.1 Z8 E33.37
G1 F3545 X158.53 Y302.57 Z8 E33.36
G1 F3547 X156.87 Y305.01 Z8 E33.37
G1 F3545 X155.05 Y307.35 Z8 E33.36
G1 F3547 X153.2 Y309.66 Z8 E33.37
G1 F3547 X151.2 Y311.84 Z8 E33.37
G1 F3545 X149.2 Y314.01 Z8 E33.36
G1 F3547 X147.17 Y316.17 Z8 E33.37
G1 F3547 X145.02 Y318.2 Z8 E33.37
G1 F3547 X142.87 Y320.23 Z8 E33.37
G1 F3547 X140.72 Y322.27 Z8 E33.37
G1 F3545 X138.57 Y324.3 Z8 E33.36
G1 F3547 X136.45 Y326.36 Z8 E33.37
G1 F3547 X134.44 Y328.53 Z8 E33.37
G1 F3545 X132.43 Y330.7 Z8 E33.36
G1 F3547 X130.46 Y332.9 Z8 E33.37
G1 F3545 X128.63 Y335.23 Z8 E33.36
G1 F3547 X126.84 Y337.59 Z8 E33.37
G1 F3545 X125.2 Y340.05 Z8 E33.36
G1 F3547 X123.6 Y342.53 Z8 E33.37
G1 F3544 X122.17 Y345.13 Z8 E33.35
G1 F3547 X120.78 Y347.74 Z8 E33.37
G1 F3545 X119.61 Y350.45 Z8 E33.36
G1 F3546 X118.46 Y353.18 Z8 E33.37
G1 F3546 X117.52 Y355.98 Z8 E33.37
G1 F3546 X116.72 Y358.83 Z8 E33.37
G1 F3546 X116.09 Y361.72 Z8 E33.37
G1 F3546 X115.62 Y364.64 Z8 E33.37
G1 F3546 X115.32 Y367.59 Z8 E33.37
G1 F3546 X115.19 Y370.54 Z8 E33.37
G1 F3546 X115.24 Y373.5 Z8 E33.37
G1 F3546 X115.47 Y376.45 Z8 E33.37
G1 F3546 X115.86 Y379.38 Z8 E33.37
G1 F3546 X116.43 Y382.28 Z8 E33.37
G1 F3546 X117.15 Y385.15 Z8 E33.37
G1 F3545 X118.03 Y387.98 Z8 E33.36
G1 F3547 X119.07 Y390.74 Z8 E33.37
G1 F3544 X120.28 Y393.45 Z8 E33.35
G1 F3547 X121.53 Y396.12 Z8 E33.37
G1 F3545 X122.98 Y398.7 Z8 E33.36
G1 F3547 X124.47 Y401.26 Z8 E33.37
G1 F3545 X126.13 Y403.71 Z8 E33.36
G1 F3547 X127.82 Y406.13 Z8 E33.37
G1 F3545 X129.66 Y408.45 Z8 E33.36
G1 F3547 X131.54 Y410.74 Z8 E33.37
G1 F3547 X133.56 Y412.89 Z8 E33.37
G1 F3546 X135.58 Y415.05 Z8 E33.37
G1 F3547 X137.63 Y417.19 Z8 E33.37
G1 F3547 X139.78 Y419.22 Z8 E33.37
G1 F3547 X141.93 Y421.25 Z8 E33.37
G1 F3547 X144.08 Y423.29 Z8 E33.37
G1 F3545 X146.23 Y425.32 Z8 E33.36
G1 F3547 X148.35 Y427.38 Z8 E33.37
G1 F3547 X150.34 Y429.57 Z8 E33.37
G1 F3545 X152.33 Y431.76 Z8 E33.36
G1 F3547 X154.29 Y433.98 Z8 E33.37
G1 F3545 X156.08 Y436.33 Z8 E33.36
G1 F3547 X157.85 Y438.7 Z8 E33.37
G1 F3545 X159.46 Y441.18 Z8 E33.36
G1 F3547 X161.03 Y443.69 Z8 E33.37
G1 F3544 X162.43 Y446.3 Z8 E33.35
G1 F3547 X163.78 Y448.93 Z8 E33.37
G1 F3545 X164.91 Y451.66 Z8 E33.36
G1 F3546 X166.02 Y454.4 Z8 E33.37
G1 F3545 X166.92 Y457.22 Z8 E33.36
G1 F3544 X167.65 Y460.09 Z8 E33.35
G1 F3535 X168.18 Y463 Z8 E33.26
G1 F3451 X168.37 Y465.94 Z8 E32.48
G1 F3461 X167.73 Y468.75 Z8 E32.57
G1 F3534 X165.56 Y470.65 Z8 E33.26
G1 F3545 X162.69 Y471.34 Z8 E33.36
G1 F3547 X159.74 Y471.52 Z8 E33.37
G1 F3547 X156.78 Y471.52 Z8 E33.37
G1 F3547 X153.82 Y471.53 Z8 E33.37
G1 F3547 X150.86 Y471.53 Z8 E33.37
G1 F3547 X147.9 Y471.54 Z8 E33.37
G1 F3547 X144.94 Y471.54 Z8 E33.37
G1 F3547 X141.99 Y471.55 Z8 E33.37
G1 F3547 X139.03 Y471.55 Z8 E33.37
G1 F3547 X136.07 Y471.56 Z8 E33.37
G1 F3547 X133.11 Y471.56 Z8 E33.37
G1 F3547 X130.15 Y471.57 Z8 E33.37
G1 F3547 X127.19 Y471.57 Z8 E33.37
G1 F3547 X124.23 Y471.58 Z8 E33.37
G1 F3532 X121.28 Y471.58 Z8 E33.24
G1 F3523 X118.33 Y471.59 Z8.2 E33.16
G1 F3503 X115.64 Y471.59 Z9.38 E32.96
G1 F3547 X112.79 Y471.58 Z10 E33.37
G1 F3547 X109.83 Y471.58 Z10 E33.37
G1 F3547 X106.87 Y471.57 Z10 E33.37
G1 F3547 X103.91 Y471.57 Z10 E33.37
G1 F3547 X100.95 Y471.57 Z10 E33.37
G1 F3547 X97.99 Y471.56 Z10 E33.37
G1 F3547 X95.03 Y471.56 Z10 E33.37
G1 F3547 X92.08 Y471.55 Z10 E33.37
G1 F3547 X89.12 Y471.55 Z10 E33.37
G1 F3547 X86.16 Y471.55 Z10 E33.37
G1 F3547 X83.2 Y471.54 Z10 E33.37
G1 F3547 X80.24 Y471.54 Z10 E33.37
G1 F3547 X77.28 Y471.53 Z10 E33.37
G1 F3547 X74.32 Y471.53 Z10 E33.37
G1 F3547 X71.37 Y471.53 Z10 E33.37
G1 F3547 X68.41 Y471.52 Z10 E33.37
G1 F3546 X65.45 Y471.52 Z10 E33.37
G1 F3542 X62.49 Y471.49 Z10 E33.33
G1 F3506 X59.55 Y471.23 Z10 E32.99
G1 F3462 X56.75 Y470.37 Z10 E32.58
G1 F3535 X54.82 Y468.22 Z10 E33.27
G1 F3544 X54.46 Y465.29 Z10 E33.35
G1 F3546 X54.73 Y462.35 Z10 E33.37
G1 F3546 X55.3 Y459.44 Z10 E33.37
G1 F3545 X56.06 Y456.59 Z10 E33.36
G1 F3547 X56.99 Y453.78 Z10 E33.37
G1 F3545 X58.1 Y451.04 Z10 E33.36
G1 F3547 X59.25 Y448.31 Z10 E33.37
G1 F3545 X60.61 Y445.68 Z10 E33.36
G1 F3547 X62.01 Y443.08 Z10 E33.37
G1 F3545 X63.59 Y440.58 Z10 E33.36
G1 F3547 X65.2 Y438.1 Z10 E33.37
G1 F3545 X66.97 Y435.73 Z10 E33.36
G1 F3547 X68.77 Y433.38 Z10 E33.37
G1 F3547 X70.74 Y431.17 Z10 E33.37
G1 F3546 X72.71 Y428.96 Z10 E33.37
G1 F3547 X74.69 Y426.77 Z10 E33.37
G1 F3547 X76.81 Y424.7 Z10 E33.37
G1 F3547 X78.93 Y422.64 Z10 E33.37
G1 F3547 X81.05 Y420.57 Z10 E33.37
G1 F3547 X83.17 Y418.51 Z10 E33.37
G1 F3545 X85.29 Y416.44 Z10 E33.36
G1 F3547 X87.38 Y414.36 Z10 E33.37
G1 F3547 X89.32 Y412.11 Z10 E33.37
G1 F3545 X91.25 Y409.87 Z10 E33.36
G1 F3547 X93.15 Y407.61 Z10 E33.37
G1 F3545 X94.88 Y405.21 Z10 E33.36
G1 F3547 X96.59 Y402.79 Z10 E33.37
G1 F3545 X98.12 Y400.26 Z10 E33.36
G1 F3547 X99.63 Y397.72 Z10 E33.37
G1 F3545 X100.93 Y395.06 Z10 E33.36
G1 F3547 X102.2 Y392.39 Z10 E33.37
G1 F3545 X103.24 Y389.62 Z10 E33.36
G1 F3546 X104.26 Y386.85 Z10 E33.37
G1 F3546 X105.07 Y384 Z10 E33.37
G1 F3546 X105.72 Y381.11 Z10 E33.37
G1 F3546 X106.21 Y378.2 Z10 E33.37
G1 F3546 X106.53 Y375.26 Z10 E33.37
G1 F3546 X106.68 Y372.3 Z10 E33.37
G1 F3546 X106.66 Y369.34 Z10 E33.37
G1 F3546 X106.47 Y366.39 Z10 E33.37
G1 F3546 X106.11 Y363.45 Z10 E33.37
G1 F3546 X105.58 Y360.54 Z10 E33.37
G1 F3546 X104.89 Y357.67 Z10 E33.37
G1 F3547 X104.04 Y354.83 Z10 E33.37
G1 F3545 X103 Y352.07 Z10 E33.36
G1 F3547 X101.92 Y349.31 Z10 E33.37
G1 F3545 X100.62 Y346.66 Z10 E33.36
G1 F3547 X99.29 Y344.01 Z10 E33.37
G1 F3546 X97.75 Y341.48 Z10 E33.37
G1 F3547 X96.2 Y338.97 Z10 E33.37
G1 F3545 X94.47 Y336.57 Z10 E33.36
G1 F3547 X92.72 Y334.18 Z10 E33.37
G1 F3547 X90.78 Y331.94 Z10 E33.37
G1 F3545 X88.85 Y329.7 Z10 E33.36
G1 F3547 X86.9 Y327.48 Z10 E33.37
G1 F3547 X84.78 Y325.41 Z10 E33.37
G1 F3547 X82.66 Y323.35 Z10 E33.37
G1 F3547 X80.54 Y321.28 Z10 E33.37
G1 F3547 X78.42 Y319.22 Z10 E33.37
G1 F3546 X76.31 Y317.16 Z10 E33.37
G1 F3547 X74.2 Y315.08 Z10 E33.37
G1 F3547 X72.23 Y312.87 Z10 E33.37
G1 F3546 X70.27 Y310.65 Z10 E33.37
G1 F3547 X68.32 Y308.43 Z10 E33.37
G1 F3546 X66.55 Y306.06 Z10 E33.37
G1 F3547 X64.79 Y303.68 Z10 E33.37
G1 F3546 X63.21 Y301.18 Z10 E33.37
G1 F3547 X61.65 Y298.67 Z10 E33.37
G1 F3545 X60.28 Y296.04 Z10 E33.36
G1 F3547 X58.94 Y293.41 Z10 E33.37
G1 F3546 X57.83 Y290.66 Z10 E33.37
G1 F3546 X56.74 Y287.91 Z10 E33.37
G1 F3546 X55.86 Y285.09 Z10 E33.37
G1 F3546 X55.13 Y282.22 Z10 E33.37
G1 F3546 X54.55 Y279.32 Z10 E33.37
G1 F3546 X54.14 Y276.39 Z10 E33.37
G1 F3546 X53.9 Y273.44 Z10 E33.37
G1 F3546 X53.83 Y270.48 Z10 E33.37
G1 F3546 X53.94 Y267.53 Z10 E33.37
G1 F3546 X54.21 Y264.58 Z10 E33.37
G1 F3546 X54.65 Y261.66 Z10 E33.37
G1 F3546 X55.26 Y258.76 Z10 E33.37
G1 F3546 X56.02 Y255.9 Z10 E33.37
G1 F3547 X56.94 Y253.09 Z10 E33.37
G1 F3546 X58.05 Y250.35 Z10 E33.37
G1 F3547 X59.18 Y247.62 Z10 E33.37
G1 F3546 X60.55 Y244.99 Z10 E33.37
G1 F3547 X61.93 Y242.38 Z10 E33.37
G1 F3546 X63.52 Y239.88 Z10 E33.37
G1 F3547 X65.12 Y237.39 Z10 E33.37
G1 F3546 X66.9 Y235.02 Z10 E33.37
G1 F3547 X68.68 Y232.67 Z10 E33.37
G1 F3547 X70.65 Y230.46 Z10 E33.37
G1 F3546 X72.62 Y228.25 Z10 E33.37
G1 F3547 X74.6 Y226.05 Z10 E33.37
G1 F3547 X76.72 Y223.98 Z10 E33.37
G1 F3547 X78.83 Y221.92 Z10 E33.37
G1 F3547 X80.95 Y219.85 Z10 E33.37
G1 F3547 X83.07 Y217.79 Z10 E33.37
G1 F3546 X85.19 Y215.72 Z10 E33.37
G1 F3547 X87.3 Y213.65 Z10 E33.37
G1 F3547 X89.23 Y211.4 Z10 E33.37
G1 F3546 X91.15 Y209.16 Z10 E33.37
G1 F3547 X93.07 Y206.91 Z10 E33.37
G1 F3546 X94.8 Y204.5 Z10 E33.37
G1 F3547 X96.52 Y202.09 Z10 E33.37
G1 F3546 X98.04 Y199.56 Z10 E33.37
G1 F3547 X99.56 Y197.02 Z10 E33.37
G1 F3546 X100.86 Y194.37 Z10 E33.37
G1 F3547 X102.15 Y191.7 Z10 E33.37
G1 F3546 X103.19 Y188.93 Z10 E33.37
G1 F3546 X104.22 Y186.16 Z10 E33.37
G1 F3546 X105.03 Y183.31 Z10 E33.37
G1 F3546 X105.69 Y180.43 Z10 E33.37
G1 F3546 X106.18 Y177.51 Z10 E33.37
G1 F3546 X106.51 Y174.57 Z10 E33.37
G1 F3546 X106.67 Y171.62 Z10 E33.37
G1 F3546 X106.66 Y168.66 Z10 E33.37
G1 F3546 X106.48 Y165.71 Z10 E33.37
G1 F3546 X106.12 Y162.77 Z10 E33.37
G1 F3546 X105.6 Y159.86 Z10 E33.37
G1 F3546 X104.92 Y156.98 Z10 E33.37
G1 F3547 X104.08 Y154.14 Z10 E33.37
G1 F3546 X103.04 Y151.37 Z10 E33.37
G1 F3547 X101.98 Y148.61 Z10 E33.37
G1 F3546 X100.67 Y145.96 Z10 E33.37
G1 F3547 X99.35 Y143.31 Z10 E33.37
G1 F3546 X97.82 Y140.78 Z10 E33.37
G1 F3547 X96.27 Y138.25 Z10 E33.37
G1 F3546 X94.54 Y135.86 Z10 E33.37
G1 F3547 X92.81 Y133.46 Z10 E33.37
G1 F3547 X90.87 Y131.22 Z10 E33.37
G1 F3546 X88.94 Y128.98 Z10 E33.37
G1 F3547 X87 Y126.75 Z10 E33.37
G1 F3547 X84.88 Y124.69 Z10 E33.37
G1 F3547 X82.76 Y122.62 Z10 E33.37
G1 F3547 X80.64 Y120.56 Z10 E33.37
G1 F3547 X78.51 Y118.5 Z10 E33.37
G1 F3546 X76.39 Y116.43 Z10 E33.37
G1 F3547 X74.28 Y114.37 Z10 E33.37
G1 F3547 X72.31 Y112.15 Z10 E33.37
G1 F3546 X70.35 Y109.94 Z10 E33.37
G1 F3547 X68.39 Y107.72 Z10 E33.37
G1 F3546 X66.62 Y105.35 Z10 E33.37
G1 F3547 X64.85 Y102.98 Z10 E33.37
G1 F3546 X63.27 Y100.48 Z10 E33.37
G1 F3547 X61.7 Y97.97 Z10 E33.37
G1 F3546 X60.34 Y95.35 Z10 E33.37
G1 F3547 X58.98 Y92.72 Z10 E33.37
G1 F3546 X57.88 Y89.97 Z10 E33.37
G1 F3546 X56.77 Y87.23 Z10 E33.37
G1 F3546 X55.89 Y84.4 Z10 E33.37
G1 F3546 X55.16 Y81.54 Z10 E33.37
G1 F3546 X54.62 Y78.63 Z10 E33.37
G1 F3536 X54.4 Y75.68 Z10 E33.27
G1 F3527 X55 Y72.79 Z10 E33.19
G1 F3544 X57.23 Y70.87 Z10 E33.35
G1 F3546 X60.11 Y70.2 Z10 E33.37
G1 F3547 X63.07 Y70.02 Z10 E33.37
G1 F3547 X66.02 Y70.02 Z10 E33.37
G1 F3547 X68.98 Y70.01 Z10 E33.37
G1 F3547 X71.94 Y70.01 Z10 E33.37
G1 F3547 X74.9 Y70.01 Z10 E33.37
G1 F3547 X77.86 Y70.01 Z10 E33.37
G1 F3547 X80.82 Y70.01 Z10 E33.37
G1 F3547 X83.78 Y70 Z10 E33.37
G1 F3547 X86.74 Y70 Z10 E33.37
G1 F3547 X89.69 Y70 Z10 E33.37
G1 F3547 X92.65 Y70 Z10 E33.37
G1 F3547 X95.61 Y70 Z10 E33.37
G1 F3547 X98.57 Y70 Z10 E33.37
G1 F3547 X101.53 Y69.99 Z10 E33.37
G1 F3547 X104.49 Y69.99 Z10 E33.37
G1 F3547 X107.45 Y69.99 Z10 E33.37
G1 F3547 X110.41 Y69.99 Z10 E33.37
G1 F3547 X113.36 Y69.99 Z10 E33.37
G1 F3547 X116.32 Y69.98 Z10 E33.37
G1 F3547 X119.28 Y69.98 Z10 E33.37
G1 F3547 X122.24 Y69.98 Z10 E33.37
G1 F3547 X125.2 Y69.98 Z10 E33.37
G1 F3547 X128.16 Y69.98 Z10 E33.37
G1 F3547 X131.12 Y69.97 Z10 E33.37
G1 F3547 X134.08 Y69.97 Z10 E33.37
G1 F3547 X137.03 Y69.97 Z10 E33.37
G1 F3547 X139.99 Y69.97 Z10 E33.37
G1 F3547 X142.95 Y69.97 Z10 E33.37
G1 F3547 X145.91 Y69.96 Z10 E33.37
G1 F3547 X148.87 Y69.96 Z10 E33.37
G1 F3547 X151.83 Y69.96 Z10 E33.37
G1 F3547 X154.79 Y70 Z10 E33.37
G1 F3546 X157.74 Y70.05 Z10 E33.37
G1 F3544 X160.7 Y70.1 Z10 E33.35
G1 F3518 X163.63 Y70.49 Z10 E33.11
G1 F3530 X166.27 Y71.79 Z10 E33.22
G1 F3544 X167.39 Y74.51 Z10 E33.35
G1 F3546 X167.38 Y77.47 Z10 E33.37
G1 F3546 X166.94 Y80.39 Z10 E33.37
G1 F3546 X166.28 Y83.28 Z10 E33.37
G1 F3546 X165.45 Y86.12 Z10 E33.37
G1 F3547 X164.47 Y88.91 Z10 E33.37
G1 F3546 X163.29 Y91.62 Z10 E33.37
G1 F3547 X162.1 Y94.33 Z10 E33.37
G1 F3546 X160.68 Y96.92 Z10 E33.37
G1 F3547 X159.25 Y99.51 Z10 E33.37
G1 F3546 X157.61 Y101.98 Z10 E33.37
G1 F3547 X155.97 Y104.44 Z10 E33.37
G1 F3546 X154.16 Y106.78 Z10 E33.37
G1 F3547 X152.33 Y109.11 Z10 E33.37
G1 F3547 X150.33 Y111.29 Z10 E33.37
G1 F3546 X148.33 Y113.47 Z10 E33.37
G1 F3547 X146.33 Y115.64 Z10 E33.37
G1 F3547 X144.2 Y117.69 Z10 E33.37
G1 F3547 X142.07 Y119.75 Z10 E33.37
G1 F3547 X139.94 Y121.8 Z10 E33.37
G1 F3546 X137.81 Y123.86 Z10 E33.37
G1 F3547 X135.68 Y125.92 Z10 E33.37
G1 F3547 X133.72 Y128.13 Z10 E33.37
G1 F3546 X131.75 Y130.34 Z10 E33.37
G1 F3547 X129.79 Y132.55 Z10 E33.37
G1 F3546 X128.02 Y134.92 Z10 E33.37
G1 F3547 X126.25 Y137.29 Z10 E33.37
G1 F3546 X124.66 Y139.79 Z10 E33.37
G1 F3547 X123.09 Y142.29 Z10 E33.37
G1 F3546 X121.72 Y144.92 Z10 E33.37
G1 F3547 X120.36 Y147.55 Z10 E33.37
G1 F3546 X119.25 Y150.29 Z10 E33.37
G1 F3546 X118.15 Y153.03 Z10 E33.37
G1 F3546 X117.25 Y155.85 Z10 E33.37
G1 F3546 X116.51 Y158.72 Z10 E33.37
G1 F3546 X115.92 Y161.62 Z10 E33.37
G1 F3546 X115.5 Y164.55 Z10 E33.37
G1 F3546 X115.25 Y167.49 Z10 E33.37
G1 F3546 X115.16 Y170.45 Z10 E33.37
G1 F3546 X115.26 Y173.41 Z10 E33.37
G1 F3546 X115.52 Y176.35 Z10 E33.37
G1 F3546 X115.95 Y179.28 Z10 E33.37
G1 F3546 X116.54 Y182.18 Z10 E33.37
G1 F3546 X117.3 Y185.04 Z10 E33.37
G1 F3547 X118.2 Y187.86 Z10 E33.37
G1 F3546 X119.32 Y190.6 Z10 E33.37
G1 F3547 X120.43 Y193.34 Z10 E33.37
G1 F3546 X121.8 Y195.96 Z10 E33.37
G1 F3547 X123.17 Y198.59 Z10 E33.37
G1 F3546 X124.75 Y201.08 Z10 E33.37
G1 F3547 X126.34 Y203.58 Z10 E33.37
G1 F3546 X128.12 Y205.95 Z10 E33.37
G1 F3547 X129.89 Y208.31 Z10 E33.37
G1 F3547 X131.86 Y210.52 Z10 E33.37
G1 F3546 X133.83 Y212.73 Z10 E33.37
G1 F3547 X135.8 Y214.94 Z10 E33.37
G1 F3547 X137.92 Y217.01 Z10 E33.37
G1 F3547 X140.04 Y219.07 Z10 E33.37
G1 F3547 X142.16 Y221.14 Z10 E33.37
G1 F3547 X144.27 Y223.2 Z10 E33.37
G1 F3546 X146.39 Y225.27 Z10 E33.37
G1 F3547 X148.51 Y227.33 Z10 E33.37
G1 F3547 X150.44 Y229.57 Z10 E33.37
G1 F3546 X152.37 Y231.82 Z10 E33.37
G1 F3547 X154.3 Y234.06 Z10 E33.37
G1 F3547 X156.03 Y236.46 Z10 E33.37
G1 F3547 X157.76 Y238.86 Z10 E33.37
G1 F3547 X159.29 Y241.39 Z10 E33.37
G1 F3547 X160.82 Y243.93 Z10 E33.37
G1 F3547 X162.12 Y246.58 Z10 E33.37
G1 F3547 X163.43 Y249.24 Z10 E33.37
G1 F3547 X164.47 Y252.01 Z10 E33.37
G1 F3547 X165.51 Y254.78 Z10 E33.37
G1 F3547 X166.33 Y257.62 Z10 E33.37
G1 F3547 X167 Y260.5 Z10 E33.37
G1 F3547 X167.51 Y263.42 Z10 E33.37
G1 F3547 X167.85 Y266.36 Z10 E33.37
G1 F3546 X168.02 Y269.31 Z10 E33.37
G1 F3546 X168.02 Y272.27 Z10 E33.37
G1 F3546 X167.84 Y275.22 Z10 E33.37
G1 F3546 X167.5 Y278.16 Z10 E33.37
G1 F3546 X166.99 Y281.07 Z10 E33.37
G1 F3546 X166.32 Y283.96 Z10 E33.37
G1 F3546 X165.5 Y286.8 Z10 E33.37
G1 F3547 X164.45 Y289.57 Z10 E33.37
G1 F3546 X163.41 Y292.34 Z10 E33.37
G1 F3547 X162.11 Y294.99 Z10 E33.37
G1 F3546 X160.8 Y297.65 Z10 E33.37
G1 F3547 X159.27 Y300.18 Z10 E33.37
G1 F3546 X157.73 Y302.71 Z10 E33.37
G1 F3547 X156.01 Y305.11 Z10 E33.37
G1 F3546 X154.28 Y307.51 Z10 E33.37
G1 F3547 X152.35 Y309.75 Z10 E33.37
G1 F3547 X150.42 Y311.99 Z10 E33.37
G1 F3546 X148.48 Y314.23 Z10 E33.37
G1 F3547 X146.37 Y316.3 Z10 E33.37
G1 F3547 X144.25 Y318.37 Z10 E33.37
G1 F3547 X142.13 Y320.43 Z10 E33.37
G1 F3547 X140.01 Y322.5 Z10 E33.37
G1 F3547 X137.9 Y324.57 Z10 E33.37
G1 F3546 X135.78 Y326.63 Z10 E33.37
G1 F3547 X133.81 Y328.84 Z10 E33.37
G1 F3547 X131.84 Y331.05 Z10 E33.37
G1 F3546 X129.88 Y333.26 Z10 E33.37
G1 F3547 X128.1 Y335.63 Z10 E33.37
G1 F3546 X126.33 Y338 Z10 E33.37
G1 F3547 X124.74 Y340.49 Z10 E33.37
G1 F3546 X123.16 Y342.99 Z10 E33.37
G1 F3547 X121.79 Y345.62 Z10 E33.37
G1 F3546 X120.43 Y348.24 Z10 E33.37
G1 F3547 X119.31 Y350.98 Z10 E33.37
G1 F3546 X118.2 Y353.73 Z10 E33.37
G1 F3546 X117.3 Y356.54 Z10 E33.37
G1 F3546 X116.55 Y359.4 Z10 E33.37
G1 F3546 X115.95 Y362.3 Z10 E33.37
G1 F3546 X115.53 Y365.23 Z10 E33.37
G1 F3546 X115.27 Y368.18 Z10 E33.37
G1 F3546 X115.18 Y371.13 Z10 E33.37
G1 F3546 X115.26 Y374.09 Z10 E33.37
G1 F3546 X115.51 Y377.04 Z10 E33.37
G1 F3546 X115.94 Y379.97 Z10 E33.37
G1 F3546 X116.52 Y382.87 Z10 E33.37
G1 F3546 X117.27 Y385.73 Z10 E33.37
G1 F3546 X118.17 Y388.55 Z10 E33.37
G1 F3547 X119.27 Y391.29 Z10 E33.37
G1 F3546 X120.38 Y394.04 Z10 E33.37
G1 F3547 X121.74 Y396.66 Z10 E33.37
G1 F3546 X123.11 Y399.29 Z10 E33.37
G1 F3547 X124.69 Y401.79 Z10 E33.37
G1 F3546 X126.27 Y404.29 Z10 E33.37
G1 F3547 X128.04 Y406.66 Z10 E33.37
G1 F3546 X129.81 Y409.03 Z10 E33.37
G1 F3547 X131.77 Y411.25 Z10 E33.37
G1 F3547 X133.74 Y413.45 Z10 E33.37
G1 F3546 X135.71 Y415.66 Z10 E33.37
G1 F3547 X137.82 Y417.73 Z10 E33.37
G1 F3547 X139.94 Y419.8 Z10 E33.37
G1 F3547 X142.06 Y421.86 Z10 E33.37
G1 F3547 X144.18 Y423.92 Z10 E33.37
G1 F3547 X146.3 Y425.99 Z10 E33.37
G1 F3546 X148.42 Y428.05 Z10 E33.37
G1 F3547 X150.36 Y430.28 Z10 E33.37
G1 F3547 X152.29 Y432.53 Z10 E33.37
G1 F3546 X154.22 Y434.77 Z10 E33.37
G1 F3547 X155.96 Y437.17 Z10 E33.37
G1 F3546 X157.69 Y439.57 Z10 E33.37
G1 F3547 X159.23 Y442.09 Z10 E33.37
G1 F3546 X160.76 Y444.63 Z10 E33.37
G1 F3547 X162.07 Y447.28 Z10 E33.37
G1 F3545 X163.37 Y449.93 Z10 E33.36
G1 F3547 X164.43 Y452.7 Z10 E33.37
G1 F3546 X165.46 Y455.47 Z10 E33.37
G1 F3546 X166.3 Y458.31 Z10 E33.37
G1 F3546 X166.95 Y461.19 Z10 E33.37
G1 F3544 X167.38 Y464.12 Z10 E33.35
G1 F3521 X167.4 Y467.07 Z10 E33.13
G1 F3517 X166.13 Y469.72 Z10 E33.1
G1 F3543 X163.51 Y471.04 Z10 E33.34
G1 F3546 X160.58 Y471.44 Z10 E33.37
G1 F3546 X157.62 Y471.55 Z10 E33.37
G1 F3547 X154.66 Y471.56 Z10 E33.37
G1 F3547 X151.7 Y471.56 Z10 E33.37
G1 F3547 X148.74 Y471.56 Z10 E33.37
G1 F3547 X145.79 Y471.56 Z10 E33.37
G1 F3547 X142.83 Y471.57 Z10 E33.37
G1 F3547 X139.87 Y471.57 Z10 E33.37
G1 F3547 X136.91 Y471.57 Z10 E33.37
G1 F3547 X133.95 Y471.57 Z10 E33.37
G1 F3547 X130.99 Y471.57 Z10 E33.37
G1 F3547 X128.03 Y471.58 Z10 E33.37
G1 F3547 X125.07 Y471.58 Z10 E33.37
G1 F3542 X122.12 Y471.58 Z10 E33.33
G1 F3511 X119.16 Y471.58 Z10.04 E33.04
G1 F3511 X116.39 Y471.58 Z11 E33.04
G1 F3542 X113.62 Y471.58 Z11.95 E33.33
G1 F3547 X110.67 Y471.58 Z12 E33.37
G1 F3547 X107.71 Y471.57 Z12 E33.37
G1 F3547 X104.75 Y471.57 Z12 E33.37
G1 F3547 X101.79 Y471.56 Z12 E33.37
G1 F3547 X98.83 Y471.56 Z12 E33.37
G1 F3547 X95.88 Y471.55 Z12 E33.37
G1 F3547 X92.92 Y471.54 Z12 E33.37
G1 F3547 X89.96 Y471.54 Z12 E33.37
G1 F3547 X87 Y471.53 Z12 E33.37
G1 F3547 X84.04 Y471.53 Z12 E33.37
G1 F3547 X81.08 Y471.52 Z12 E33.37
G1 F3547 X78.12 Y471.52 Z12 E33.37
G1 F3547 X75.16 Y471.51 Z12 E33.37
G1 F3547 X72.21 Y471.51 Z12 E33.37
G1 F3547 X69.25 Y471.5 Z12 E33.37
G1 F3547 X66.29 Y471.49 Z12 E33.37
G1 F3544 X63.33 Y471.49 Z12 E33.35
G1 F3531 X60.38 Y471.25 Z12 E33.23
G1 F3448 X57.57 Y470.37 Z12 E32.44
G1 F3495 X55.77 Y468.12 Z12 E32.89
G1 F3541 X55.41 Y465.23 Z12 E33.32
G1 F3545 X55.68 Y462.29 Z12 E33.36
G1 F3546 X56.25 Y459.39 Z12 E33.37
G1 F3546 X57 Y456.53 Z12 E33.37
G1 F3545 X57.91 Y453.71 Z12 E33.36
G1 F3547 X59.01 Y450.97 Z12 E33.37
G1 F3545 X60.15 Y448.23 Z12 E33.36
G1 F3547 X61.49 Y445.6 Z12 E33.37
G1 F3545 X62.87 Y442.98 Z12 E33.36
G1 F3547 X64.44 Y440.48 Z12 E33.37
G1 F3545 X66.04 Y437.98 Z12 E33.36
G1 F3547 X67.79 Y435.6 Z12 E33.37
G1 F3545 X69.57 Y433.24 Z12 E33.36
G1 F3547 X71.51 Y431.01 Z12 E33.37
G1 F3547 X73.49 Y428.8 Z12 E33.37
G1 F3546 X75.46 Y426.6 Z12 E33.37
G1 F3547 X77.55 Y424.5 Z12 E33.37
G1 F3547 X79.66 Y422.43 Z12 E33.37
G1 F3547 X81.77 Y420.36 Z12 E33.37
G1 F3547 X83.88 Y418.28 Z12 E33.37
G1 F3545 X85.99 Y416.21 Z12 E33.36
G1 F3547 X87.96 Y414.01 Z12 E33.37
G1 F3547 X89.92 Y411.78 Z12 E33.37
G1 F3545 X91.87 Y409.56 Z12 E33.36
G1 F3547 X93.66 Y407.21 Z12 E33.37
G1 F3545 X95.41 Y404.82 Z12 E33.36
G1 F3547 X97.01 Y402.34 Z12 E33.37
G1 F3545 X98.58 Y399.83 Z12 E33.36
G1 F3547 X99.96 Y397.21 Z12 E33.37
G1 F3544 X101.31 Y394.58 Z12 E33.35
G1 F3547 X102.45 Y391.85 Z12 E33.37
G1 F3545 X103.55 Y389.1 Z12 E33.36
G1 F3546 X104.47 Y386.3 Z12 E33.37
G1 F3546 X105.24 Y383.44 Z12 E33.37
G1 F3546 X105.85 Y380.54 Z12 E33.37
G1 F3546 X106.29 Y377.62 Z12 E33.37
G1 F3546 X106.58 Y374.67 Z12 E33.37
G1 F3546 X106.69 Y371.72 Z12 E33.37
G1 F3546 X106.64 Y368.76 Z12 E33.37
G1 F3546 X106.42 Y365.81 Z12 E33.37
G1 F3546 X106.03 Y362.88 Z12 E33.37
G1 F3546 X105.48 Y359.97 Z12 E33.37
G1 F3546 X104.77 Y357.1 Z12 E33.37
G1 F3545 X103.91 Y354.27 Z12 E33.36
G1 F3547 X102.85 Y351.51 Z12 E33.37
G1 F3544 X101.76 Y348.76 Z12 E33.35
G1 F3547 X100.46 Y346.1 Z12 E33.37
G1 F3544 X99.11 Y343.47 Z12 E33.36
G1 F3547 X97.58 Y340.94 Z12 E33.37
G1 F3545 X96.02 Y338.43 Z12 E33.36
G1 F3547 X94.3 Y336.02 Z12 E33.37
G1 F3544 X92.54 Y333.64 Z12 E33.35
G1 F3547 X90.63 Y331.38 Z12 E33.37
G1 F3547 X88.68 Y329.16 Z12 E33.37
G1 F3545 X86.73 Y326.94 Z12 E33.36
G1 F3547 X84.66 Y324.82 Z12 E33.37
G1 F3547 X82.56 Y322.74 Z12 E33.37
G1 F3547 X80.46 Y320.65 Z12 E33.37
G1 F3547 X78.36 Y318.56 Z12 E33.37
G1 F3547 X76.26 Y316.48 Z12 E33.37
G1 F3544 X74.17 Y314.39 Z12 E33.35
G1 F3547 X72.22 Y312.16 Z12 E33.37
G1 F3547 X70.32 Y309.89 Z12 E33.37
G1 F3544 X68.42 Y307.63 Z12 E33.35
G1 F3547 X66.69 Y305.23 Z12 E33.37
G1 F3545 X64.99 Y302.81 Z12 E33.36
G1 F3547 X63.46 Y300.28 Z12 E33.37
G1 F3544 X61.97 Y297.73 Z12 E33.35
G1 F3547 X60.65 Y295.08 Z12 E33.37
G1 F3544 X59.39 Y292.4 Z12 E33.35
G1 F3547 X58.33 Y289.64 Z12 E33.37
G1 F3545 X57.33 Y286.86 Z12 E33.36
G1 F3546 X56.5 Y284.02 Z12 E33.37
G1 F3546 X55.84 Y281.13 Z12 E33.37
G1 F3546 X55.34 Y278.22 Z12 E33.36
G1 F3545 X55 Y275.28 Z12 E33.36
G1 F3545 X54.83 Y272.33 Z12 E33.36
G1 F3545 X54.82 Y269.37 Z12 E33.36
G1 F3545 X54.99 Y266.42 Z12 E33.36
G1 F3546 X55.32 Y263.48 Z12 E33.36
G1 F3546 X55.81 Y260.56 Z12 E33.37
G1 F3546 X56.47 Y257.68 Z12 E33.37
G1 F3545 X57.27 Y254.83 Z12 E33.36
G1 F3547 X58.28 Y252.05 Z12 E33.37
G1 F3544 X59.33 Y249.29 Z12 E33.35
G1 F3547 X60.58 Y246.61 Z12 E33.37
G1 F3544 X61.9 Y243.96 Z12 E33.35
G1 F3547 X63.38 Y241.4 Z12 E33.37
G1 F3544 X64.92 Y238.87 Z12 E33.35
G1 F3547 X66.6 Y236.44 Z12 E33.37
G1 F3544 X68.33 Y234.04 Z12 E33.35
G1 F3547 X70.21 Y231.75 Z12 E33.37
G1 F3547 X72.14 Y229.51 Z12 E33.37
G1 F3544 X74.07 Y227.27 Z12 E33.36
G1 F3547 X76.12 Y225.14 Z12 E33.37
G1 F3547 X78.22 Y223.06 Z12 E33.37
G1 F3547 X80.32 Y220.97 Z12 E33.37
G1 F3547 X82.42 Y218.89 Z12 E33.37
G1 F3547 X84.52 Y216.8 Z12 E33.37
G1 F3544 X86.62 Y214.72 Z12 E33.35
G1 F3547 X88.59 Y212.51 Z12 E33.37
G1 F3547 X90.51 Y210.26 Z12 E33.37
G1 F3544 X92.43 Y208.01 Z12 E33.35
G1 F3547 X94.2 Y205.65 Z12 E33.37
G1 F3544 X95.92 Y203.24 Z12 E33.35
G1 F3547 X97.5 Y200.74 Z12 E33.37
G1 F3544 X99.02 Y198.2 Z12 E33.35
G1 F3547 X100.38 Y195.57 Z12 E33.37
G1 F3543 X101.68 Y192.92 Z12 E33.34
G1 F3547 X102.79 Y190.18 Z12 E33.37
G1 F3544 X103.83 Y187.41 Z12 E33.35
G1 F3545 X104.71 Y184.58 Z12 E33.36
G1 F3545 X105.43 Y181.71 Z12 E33.36
G1 F3545 X105.99 Y178.81 Z12 E33.36
G1 F3545 X106.38 Y175.88 Z12 E33.36
G1 F3545 X106.62 Y172.93 Z12 E33.36
G1 F3545 X106.68 Y169.97 Z12 E33.36
G1 F3545 X106.57 Y167.02 Z12 E33.36
G1 F3545 X106.3 Y164.07 Z12 E33.36
G1 F3545 X105.86 Y161.15 Z12 E33.36
G1 F3545 X105.26 Y158.25 Z12 E33.36
G1 F3544 X104.5 Y155.39 Z12 E33.35
G1 F3547 X103.55 Y152.59 Z12 E33.37
G1 F3543 X102.53 Y149.81 Z12 E33.34
G1 F3547 X101.34 Y147.11 Z12 E33.37
G1 F3544 X100.06 Y144.44 Z12 E33.35
G1 F3547 X98.62 Y141.86 Z12 E33.37
G1 F3544 X97.11 Y139.31 Z12 E33.35
G1 F3547 X95.47 Y136.86 Z12 E33.37
G1 F3544 X93.76 Y134.44 Z12 E33.35
G1 F3547 X91.92 Y132.13 Z12 E33.37
G1 F3547 X90.01 Y129.87 Z12 E33.37
G1 F3544 X88.1 Y127.61 Z12 E33.35
G1 F3547 X86.06 Y125.47 Z12 E33.37
G1 F3547 X83.96 Y123.38 Z12 E33.37
G1 F3547 X81.86 Y121.3 Z12 E33.37
G1 F3547 X79.76 Y119.22 Z12 E33.37
G1 F3547 X77.66 Y117.13 Z12 E33.37
G1 F3544 X75.56 Y115.05 Z12 E33.35
G1 F3547 X73.56 Y112.87 Z12 E33.37
G1 F3547 X71.62 Y110.63 Z12 E33.37
G1 F3544 X69.68 Y108.4 Z12 E33.35
G1 F3547 X67.87 Y106.06 Z12 E33.37
G1 F3544 X66.13 Y103.67 Z12 E33.35
G1 F3547 X64.51 Y101.2 Z12 E33.37
G1 F3544 X62.96 Y98.68 Z12 E33.35
G1 F3547 X61.55 Y96.08 Z12 E33.37
G1 F3543 X60.22 Y93.43 Z12 E33.34
G1 F3547 X59.06 Y90.72 Z12 E33.37
G1 F3544 X57.98 Y87.96 Z12 E33.35
G1 F3545 X57.04 Y85.16 Z12 E33.36
G1 F3545 X56.29 Y82.3 Z12 E33.36
G1 F3541 X55.71 Y79.4 Z12 E33.32
G1 F3508 X55.43 Y76.46 Z12 E33.01
G1 F3375 X55.84 Y73.56 Z12 E31.76
G1 F3469 X57.62 Y71.38 Z12 E32.65
G1 F3537 X60.33 Y70.38 Z12 E33.29
G1 F3545 X63.27 Y70.07 Z12 E33.36
G1 F3547 X66.23 Y70.01 Z12 E33.37
G1 F3547 X69.18 Y70.01 Z12 E33.37
G1 F3547 X72.14 Y70.01 Z12 E33.37
G1 F3547 X75.1 Y70.01 Z12 E33.37
G1 F3547 X78.06 Y70 Z12 E33.37
G1 F3547 X81.02 Y70 Z12 E33.37
G1 F3547 X83.98 Y70 Z12 E33.37
G1 F3547 X86.94 Y70 Z12 E33.37
G1 F3547 X89.9 Y70 Z12 E33.37
G1 F3547 X92.85 Y69.99 Z12 E33.37
G1 F3547 X95.81 Y69.99 Z12 E33.37
G1 F3547 X98.77 Y69.99 Z12 E33.37
G1 F3547 X101.73 Y69.99 Z12 E33.37
G1 F3547 X104.69 Y69.99 Z12 E33.37
G1 F3547 X107.65 Y69.99 Z12 E33.37
G1 F3547 X110.61 Y69.98 Z12 E33.37
G1 F3547 X113.56 Y69.98 Z12 E33.37
G1 F3547 X116.52 Y69.98 Z12 E33.37
G1 F3547 X119.48 Y69.98 Z12 E33.37
G1 F3547 X122.44 Y69.98 Z12 E33.37
G1 F3547 X125.4 Y69.98 Z12 E33.37
G1 F3547 X128.36 Y69.97 Z12 E33.37
G1 F3547 X131.32 Y69.97 Z12 E33.37
G1 F3547 X134.28 Y69.97 Z12 E33.37
G1 F3547 X137.23 Y69.97 Z12 E33.37
G1 F3547 X140.19 Y69.97 Z12 E33.37
G1 F3547 X143.15 Y69.96 Z12 E33.37
G1 F3547 X146.11 Y69.96 Z12 E33.37
G1 F3546 X149.07 Y69.96 Z12 E33.37
G1 F3547 X152.03 Y69.98 Z12 E33.37
G1 F3547 X154.99 Y70.01 Z12 E33.37
G1 F3543 X157.95 Y70.04 Z12 E33.34
G1 F3521 X160.9 Y70.24 Z12 E33.14
G1 F3376 X163.74 Y70.98 Z12 E31.77
G1 F3443 X165.78 Y72.92 Z12 E32.4
G1 F3535 X166.42 Y75.72 Z12 E33.26
G1 F3544 X166.25 Y78.67 Z12 E33.35
G1 F3545 X165.74 Y81.58 Z12 E33.36
G1 F3545 X165.02 Y84.45 Z12 E33.36
G1 F3544 X164.15 Y87.27 Z12 E33.35
G1 F3547 X163.08 Y90.03 Z12 E33.37
G1 F3543 X161.95 Y92.76 Z12 E33.34
G1 F3547 X160.65 Y95.42 Z12 E33.37
G1 F3544 X159.27 Y98.04 Z12 E33.35
G1 F3547 X157.75 Y100.57 Z12 E33.37
G1 F3544 X156.15 Y103.06 Z12 E33.35
G1 F3547 X154.43 Y105.47 Z12 E33.37
G1 F3544 X152.65 Y107.83 Z12 E33.35
G1 F3547 X150.75 Y110.09 Z12 E33.37
G1 F3547 X148.78 Y112.3 Z12 E33.37
G1 F3545 X146.81 Y114.5 Z12 E33.36
G1 F3547 X144.74 Y116.62 Z12 E33.37
G1 F3547 X142.63 Y118.7 Z12 E33.37
G1 F3547 X140.52 Y120.77 Z12 E33.37
G1 F3547 X138.41 Y122.85 Z12 E33.37
G1 F3544 X136.3 Y124.92 Z12 E33.35
G1 F3547 X134.29 Y127.09 Z12 E33.37
G1 F3547 X132.34 Y129.31 Z12 E33.37
G1 F3544 X130.39 Y131.54 Z12 E33.35
G1 F3547 X128.56 Y133.86 Z12 E33.37
G1 F3544 X126.81 Y136.24 Z12 E33.35
G1 F3547 X125.17 Y138.71 Z12 E33.37
G1 F3544 X123.6 Y141.21 Z12 E33.35
G1 F3547 X122.17 Y143.8 Z12 E33.37
G1 F3543 X120.82 Y146.44 Z12 E33.34
G1 F3547 X119.63 Y149.14 Z12 E33.37
G1 F3544 X118.54 Y151.89 Z12 E33.35
G1 F3545 X117.57 Y154.68 Z12 E33.36
G1 F3545 X116.78 Y157.53 Z12 E33.36
G1 F3545 X116.14 Y160.42 Z12 E33.36
G1 F3545 X115.66 Y163.34 Z12 E33.36
G1 F3545 X115.34 Y166.28 Z12 E33.36
G1 F3545 X115.19 Y169.23 Z12 E33.36
G1 F3545 X115.21 Y172.19 Z12 E33.36
G1 F3545 X115.4 Y175.14 Z12 E33.36
G1 F3545 X115.76 Y178.08 Z12 E33.36
G1 F3545 X116.27 Y180.99 Z12 E33.36
G1 F3545 X116.95 Y183.87 Z12 E33.36
G1 F3544 X117.78 Y186.71 Z12 E33.35
G1 F3547 X118.79 Y189.49 Z12 E33.37
G1 F3543 X119.89 Y192.23 Z12 E33.34
G1 F3547 X121.14 Y194.91 Z12 E33.37
G1 F3543 X122.49 Y197.55 Z12 E33.35
G1 F3547 X123.97 Y200.11 Z12 E33.37
G1 F3544 X125.54 Y202.61 Z12 E33.35
G1 F3547 X127.22 Y205.05 Z12 E33.37
G1 F3543 X128.97 Y207.43 Z12 E33.35
G1 F3547 X130.85 Y209.72 Z12 E33.37
G1 F3547 X132.8 Y211.94 Z12 E33.37
G1 F3545 X134.75 Y214.16 Z12 E33.36
G1 F3547 X136.79 Y216.3 Z12 E33.37
G1 F3547 X138.89 Y218.39 Z12 E33.37
G1 F3547 X140.99 Y220.48 Z12 E33.37
G1 F3547 X143.08 Y222.56 Z12 E33.37
G1 F3547 X145.18 Y224.65 Z12 E33.37
G1 F3543 X147.28 Y226.73 Z12 E33.34
G1 F3547 X149.26 Y228.93 Z12 E33.37
G1 F3547 X151.16 Y231.19 Z12 E33.37
G1 F3543 X153.06 Y233.46 Z12 E33.34
G1 F3547 X154.84 Y235.82 Z12 E33.37
G1 F3544 X156.53 Y238.25 Z12 E33.35
G1 F3547 X158.11 Y240.75 Z12 E33.37
G1 F3543 X159.6 Y243.31 Z12 E33.34
G1 F3547 X160.96 Y245.93 Z12 E33.37
G1 F3542 X162.22 Y248.61 Z12 E33.34
G1 F3547 X163.34 Y251.35 Z12 E33.37
G1 F3544 X164.33 Y254.13 Z12 E33.35
G1 F3545 X165.21 Y256.96 Z12 E33.36
G1 F3545 X165.9 Y259.83 Z12 E33.36
G1 F3545 X166.44 Y262.74 Z12 E33.36
G1 F3545 X166.81 Y265.67 Z12 E33.36
G1 F3545 X167.01 Y268.62 Z12 E33.36
G1 F3545 X167.05 Y271.58 Z12 E33.36
G1 F3545 X166.92 Y274.54 Z12 E33.36
G1 F3545 X166.62 Y277.48 Z12 E33.36
G1 F3545 X166.16 Y280.4 Z12 E33.36
G1 F3545 X165.54 Y283.29 Z12 E33.36
G1 F3544 X164.76 Y286.15 Z12 E33.35
G1 F3547 X163.8 Y288.94 Z12 E33.37
G1 F3543 X162.74 Y291.7 Z12 E33.34
G1 F3547 X161.55 Y294.41 Z12 E33.37
G1 F3543 X160.23 Y297.06 Z12 E33.34
G1 F3547 X158.8 Y299.64 Z12 E33.37
G1 F3544 X157.26 Y302.17 Z12 E33.35
G1 F3547 X155.62 Y304.63 Z12 E33.37
G1 F3543 X153.89 Y307.03 Z12 E33.34
G1 F3547 X152.05 Y309.34 Z12 E33.37
G1 F3547 X150.12 Y311.58 Z12 E33.37
G1 F3544 X148.18 Y313.82 Z12 E33.35
G1 F3547 X146.16 Y315.98 Z12 E33.37
G1 F3547 X144.06 Y318.07 Z12 E33.37
G1 F3547 X141.97 Y320.15 Z12 E33.37
G1 F3547 X139.87 Y322.24 Z12 E33.37
G1 F3547 X137.77 Y324.32 Z12 E33.37
G1 F3544 X135.67 Y326.41 Z12 E33.35
G1 F3547 X133.66 Y328.58 Z12 E33.37
G1 F3547 X131.74 Y330.83 Z12 E33.37
G1 F3543 X129.82 Y333.08 Z12 E33.34
G1 F3547 X128.01 Y335.42 Z12 E33.37
G1 F3544 X126.29 Y337.82 Z12 E33.35
G1 F3547 X124.67 Y340.3 Z12 E33.37
G1 F3543 X123.15 Y342.84 Z12 E33.34
G1 F3547 X121.74 Y345.44 Z12 E33.37
G1 F3542 X120.45 Y348.1 Z12 E33.34
G1 F3547 X119.28 Y350.81 Z12 E33.37
G1 F3544 X118.25 Y353.58 Z12 E33.35
G1 F3545 X117.32 Y356.39 Z12 E33.36
G1 F3545 X116.57 Y359.25 Z12 E33.36
G1 F3545 X115.98 Y362.15 Z12 E33.36
G1 F3545 X115.55 Y365.08 Z12 E33.36
G1 F3545 X115.29 Y368.02 Z12 E33.36
G1 F3545 X115.19 Y370.98 Z12 E33.36
G1 F3545 X115.26 Y373.94 Z12 E33.36
G1 F3545 X115.5 Y376.88 Z12 E33.36
G1 F3545 X115.91 Y379.81 Z12 E33.36
G1 F3545 X116.48 Y382.72 Z12 E33.36
G1 F3544 X117.2 Y385.58 Z12 E33.35
G1 F3547 X118.11 Y388.4 Z12 E33.37
G1 F3542 X119.13 Y391.17 Z12 E33.34
G1 F3547 X120.27 Y393.9 Z12 E33.37
G1 F3543 X121.55 Y396.57 Z12 E33.34
G1 F3547 X122.94 Y399.18 Z12 E33.37
G1 F3544 X124.45 Y401.72 Z12 E33.35
G1 F3547 X126.06 Y404.2 Z12 E33.37
G1 F3543 X127.76 Y406.62 Z12 E33.34
G1 F3547 X129.57 Y408.96 Z12 E33.37
G1 F3547 X131.48 Y411.22 Z12 E33.37
G1 F3543 X133.39 Y413.48 Z12 E33.34
G1 F3547 X135.39 Y415.66 Z12 E33.37
G1 F3547 X137.49 Y417.74 Z12 E33.37
G1 F3547 X139.59 Y419.83 Z12 E33.37
G1 F3547 X141.69 Y421.91 Z12 E33.37
G1 F3547 X143.79 Y423.99 Z12 E33.37
G1 F3544 X145.89 Y426.08 Z12 E33.35
G1 F3547 X147.92 Y428.23 Z12 E33.37
G1 F3547 X149.86 Y430.46 Z12 E33.37
G1 F3543 X151.8 Y432.7 Z12 E33.34
G1 F3547 X153.65 Y435 Z12 E33.37
G1 F3544 X155.39 Y437.39 Z12 E33.35
G1 F3547 X157.05 Y439.84 Z12 E33.37
G1 F3543 X158.6 Y442.36 Z12 E33.34
G1 F3547 X160.05 Y444.94 Z12 E33.37
G1 F3543 X161.38 Y447.58 Z12 E33.34
G1 F3547 X162.6 Y450.27 Z12 E33.37
G1 F3544 X163.67 Y453.03 Z12 E33.35
G1 F3545 X164.65 Y455.82 Z12 E33.36
G1 F3544 X165.44 Y458.67 Z12 E33.35
G1 F3541 X166.05 Y461.56 Z12 E33.32
G1 F3506 X166.41 Y464.5 Z12 E32.99
G1 F3357 X166.18 Y467.41 Z12 E31.6
G1 F3457 X164.72 Y469.8 Z12 E32.54
G1 F3536 X162.11 Y471.04 Z12 E33.28
G1 F3545 X159.19 Y471.44 Z12 E33.36
G1 F3547 X156.23 Y471.53 Z12 E33.37
G1 F3547 X153.28 Y471.54 Z12 E33.37
G1 F3547 X150.32 Y471.54 Z12 E33.37
G1 F3547 X147.36 Y471.55 Z12 E33.37
G1 F3547 X144.4 Y471.55 Z12 E33.37
G1 F3547 X141.44 Y471.55 Z12 E33.37
G1 F3547 X138.48 Y471.56 Z12 E33.37
G1 F3547 X135.52 Y471.56 Z12 E33.37
G1 F3547 X132.56 Y471.57 Z12 E33.37
G1 F3547 X129.61 Y471.57 Z12 E33.37
G1 F3547 X126.65 Y471.57 Z12 E33.37
G1 F3547 X123.69 Y471.58 Z12 E33.37
G1 F3531 X120.73 Y471.58 Z12 E33.23
G1 F3543 X117.8 Y471.59 Z12.3 E33.34
G1 F3522 X115.16 Y471.58 Z13.62 E33.14
G1 F3547 X112.24 Y471.58 Z14 E33.37
G1 F3547 X109.28 Y471.58 Z14 E33.37
G1 F3547 X106.32 Y471.57 Z14 E33.37
G1 F3547 X103.37 Y471.57 Z14 E33.37
G1 F3547 X100.41 Y471.56 Z14 E33.37
G1 F3547 X97.45 Y471.56 Z14 E33.37
G1 F3547 X94.49 Y471.55 Z14 E33.37
G1 F3547 X91.53 Y471.55 Z14 E33.37
G1 F3547 X88.57 Y471.54 Z14 E33.37
G1 F3547 X85.61 Y471.54 Z14 E33.37
G1 F3547 X82.65 Y471.53 Z14 E33.37
G1 F3547 X79.7 Y471.53 Z14 E33.37
G1 F3547 X76.74 Y471.52 Z14 E33.37
G1 F3547 X73.78 Y471.52 Z14 E33.37
G1 F3547 X70.82 Y471.51 Z14 E33.37
G1 F3547 X67.86 Y471.5 Z14 E33.37
G1 F3544 X64.9 Y471.5 Z14 E33.35
G1 F3530 X61.95 Y471.31 Z14 E33.22
G1 F3429 X59.1 Y470.58 Z14 E32.27
G1 F3449 X57.02 Y468.62 Z14 E32.46
G1 F3535 X56.39 Y465.81 Z14 E33.27
G1 F3544 X56.56 Y462.86 Z14 E33.35
G1 F3545 X57.06 Y459.95 Z14 E33.36
G1 F3546 X57.77 Y457.08 Z14 E33.37
G1 F3545 X58.63 Y454.25 Z14 E33.36
G1 F3547 X59.69 Y451.49 Z14 E33.37
G1 F3544 X60.79 Y448.74 Z14 E33.35
G1 F3547 X62.09 Y446.08 Z14 E33.37
G1 F3544 X63.43 Y443.45 Z14 E33.36
G1 F3547 X64.95 Y440.91 Z14 E33.37
G1 F3545 X66.52 Y438.4 Z14 E33.36
G1 F3547 X68.23 Y435.99 Z14 E33.37
G1 F3544 X69.98 Y433.6 Z14 E33.36
G1 F3547 X71.89 Y431.34 Z14 E33.37
G1 F3547 X73.83 Y429.11 Z14 E33.37
G1 F3545 X75.78 Y426.88 Z14 E33.36
G1 F3547 X77.84 Y424.76 Z14 E33.37
G1 F3547 X79.93 Y422.67 Z14 E33.37
G1 F3547 X82.02 Y420.57 Z14 E33.37
G1 F3547 X84.11 Y418.48 Z14 E33.37
G1 F3545 X86.2 Y416.39 Z14 E33.36
G1 F3547 X88.16 Y414.18 Z14 E33.37
G1 F3547 X90.1 Y411.94 Z14 E33.37
G1 F3544 X92.03 Y409.7 Z14 E33.36
G1 F3547 X93.81 Y407.33 Z14 E33.37
G1 F3545 X95.54 Y404.94 Z14 E33.36
G1 F3547 X97.13 Y402.44 Z14 E33.37
G1 F3544 X98.68 Y399.92 Z14 E33.36
G1 F3547 X100.05 Y397.3 Z14 E33.37
G1 F3544 X101.38 Y394.66 Z14 E33.35
G1 F3547 X102.51 Y391.92 Z14 E33.37
G1 F3544 X103.59 Y389.17 Z14 E33.35
G1 F3547 X104.44 Y386.34 Z14 E33.37
G1 F3545 X105.24 Y383.49 Z14 E33.36
G1 F3546 X105.85 Y380.6 Z14 E33.37
G1 F3546 X106.3 Y377.67 Z14 E33.37
G1 F3546 X106.58 Y374.73 Z14 E33.37
G1 F3546 X106.7 Y371.77 Z14 E33.37
G1 F3546 X106.65 Y368.81 Z14 E33.37
G1 F3546 X106.43 Y365.86 Z14 E33.37
G1 F3546 X106.05 Y362.93 Z14 E33.37
G1 F3546 X105.51 Y360.02 Z14 E33.37
G1 F3545 X104.82 Y357.15 Z14 E33.36
G1 F3547 X103.92 Y354.33 Z14 E33.37
G1 F3544 X102.98 Y351.52 Z14 E33.35
G1 F3547 X101.82 Y348.8 Z14 E33.37
G1 F3544 X100.62 Y346.1 Z14 E33.35
G1 F3547 X99.22 Y343.49 Z14 E33.37
G1 F3545 X97.78 Y340.91 Z14 E33.36
G1 F3547 X96.17 Y338.43 Z14 E33.37
G1 F3545 X94.53 Y335.97 Z14 E33.36
G1 F3547 X92.74 Y333.61 Z14 E33.37
G1 F3545 X90.92 Y331.28 Z14 E33.36
G1 F3547 X88.96 Y329.07 Z14 E33.37
G1 F3547 X86.96 Y326.89 Z14 E33.37
G1 F3546 X84.96 Y324.71 Z14 E33.37
G1 F3547 X82.88 Y322.6 Z14 E33.37
G1 F3547 X80.78 Y320.51 Z14 E33.37
G1 F3547 X78.69 Y318.43 Z14 E33.37
G1 F3545 X76.59 Y316.34 Z14 E33.36
G1 F3547 X74.61 Y314.14 Z14 E33.37
G1 F3547 X72.67 Y311.91 Z14 E33.37
G1 F3545 X70.72 Y309.68 Z14 E33.36
G1 F3547 X68.93 Y307.33 Z14 E33.37
G1 F3545 X67.18 Y304.94 Z14 E33.36
G1 F3547 X65.58 Y302.45 Z14 E33.37
G1 F3545 X64.02 Y299.94 Z14 E33.36
G1 F3547 X62.63 Y297.33 Z14 E33.37
G1 F3544 X61.28 Y294.7 Z14 E33.35
G1 F3547 X60.13 Y291.97 Z14 E33.37
G1 F3544 X59.03 Y289.23 Z14 E33.35
G1 F3547 X58.15 Y286.4 Z14 E33.37
G1 F3545 X57.33 Y283.56 Z14 E33.36
G1 F3546 X56.69 Y280.68 Z14 E33.37
G1 F3546 X56.22 Y277.75 Z14 E33.37
G1 F3546 X55.91 Y274.81 Z14 E33.37
G1 F3546 X55.77 Y271.86 Z14 E33.37
G1 F3546 X55.79 Y268.9 Z14 E33.37
G1 F3546 X55.98 Y265.95 Z14 E33.37
G1 F3546 X56.33 Y263.01 Z14 E33.37
G1 F3546 X56.84 Y260.1 Z14 E33.37
G1 F3545 X57.51 Y257.22 Z14 E33.36
G1 F3547 X58.38 Y254.39 Z14 E33.37
G1 F3544 X59.3 Y251.58 Z14 E33.35
G1 F3547 X60.43 Y248.85 Z14 E33.37
G1 F3544 X61.62 Y246.14 Z14 E33.35
G1 F3547 X63 Y243.52 Z14 E33.37
G1 F3545 X64.42 Y240.92 Z14 E33.36
G1 F3547 X66.01 Y238.43 Z14 E33.37
G1 F3545 X67.63 Y235.96 Z14 E33.36
G1 F3547 X69.41 Y233.59 Z14 E33.37
G1 F3545 X71.21 Y231.25 Z14 E33.36
G1 F3547 X73.17 Y229.03 Z14 E33.37
G1 F3547 X75.15 Y226.84 Z14 E33.37
G1 F3546 X77.14 Y224.64 Z14 E33.37
G1 F3547 X79.21 Y222.53 Z14 E33.37
G1 F3547 X81.29 Y220.43 Z14 E33.37
G1 F3547 X83.38 Y218.33 Z14 E33.37
G1 F3547 X85.46 Y216.23 Z14 E33.37
G1 F3544 X87.54 Y214.13 Z14 E33.35
G1 F3547 X89.46 Y211.88 Z14 E33.37
G1 F3547 X91.35 Y209.6 Z14 E33.37
G1 F3545 X93.24 Y207.32 Z14 E33.36
G1 F3547 X94.95 Y204.91 Z14 E33.37
G1 F3545 X96.63 Y202.47 Z14 E33.36
G1 F3547 X98.15 Y199.93 Z14 E33.37
G1 F3545 X99.63 Y197.37 Z14 E33.36
G1 F3547 X100.92 Y194.71 Z14 E33.37
G1 F3544 X102.17 Y192.03 Z14 E33.35
G1 F3547 X103.21 Y189.26 Z14 E33.37
G1 F3545 X104.2 Y186.47 Z14 E33.36
G1 F3546 X105.01 Y183.63 Z14 E33.37
G1 F3546 X105.66 Y180.75 Z14 E33.37
G1 F3546 X106.16 Y177.83 Z14 E33.37
G1 F3546 X106.49 Y174.89 Z14 E33.37
G1 F3546 X106.67 Y171.94 Z14 E33.37
G1 F3546 X106.67 Y168.98 Z14 E33.37
G1 F3546 X106.51 Y166.03 Z14 E33.37
G1 F3546 X106.19 Y163.09 Z14 E33.37
G1 F3546 X105.7 Y160.17 Z14 E33.37
G1 F3545 X105.06 Y157.28 Z14 E33.36
G1 F3547 X104.21 Y154.45 Z14 E33.37
G1 F3544 X103.32 Y151.63 Z14 E33.35
G1 F3547 X102.21 Y148.89 Z14 E33.37
G1 F3544 X101.04 Y146.17 Z14 E33.36
G1 F3547 X99.68 Y143.54 Z14 E33.37
G1 F3545 X98.28 Y140.93 Z14 E33.36
G1 F3547 X96.71 Y138.43 Z14 E33.37
G1 F3545 X95.1 Y135.95 Z14 E33.36
G1 F3547 X93.34 Y133.57 Z14 E33.37
G1 F3545 X91.55 Y131.22 Z14 E33.36
G1 F3547 X89.6 Y128.99 Z14 E33.37
G1 F3547 X87.62 Y126.79 Z14 E33.37
G1 F3546 X85.65 Y124.59 Z14 E33.37
G1 F3547 X83.58 Y122.47 Z14 E33.37
G1 F3547 X81.49 Y120.38 Z14 E33.37
G1 F3547 X79.4 Y118.28 Z14 E33.37
G1 F3547 X77.31 Y116.18 Z14 E33.37
G1 F3545 X75.22 Y114.09 Z14 E33.36
G1 F3547 X73.29 Y111.85 Z14 E33.37
G1 F3547 X71.39 Y109.58 Z14 E33.37
G1 F3545 X69.5 Y107.31 Z14 E33.36
G1 F3547 X67.77 Y104.91 Z14 E33.37
G1 F3545 X66.07 Y102.49 Z14 E33.36
G1 F3547 X64.54 Y99.96 Z14 E33.37
G1 F3545 X63.04 Y97.4 Z14 E33.36
G1 F3547 X61.73 Y94.75 Z14 E33.37
G1 F3544 X60.46 Y92.08 Z14 E33.35
G1 F3547 X59.4 Y89.32 Z14 E33.37
G1 F3545 X58.39 Y86.54 Z14 E33.36
G1 F3546 X57.55 Y83.7 Z14 E33.37
G1 F3545 X56.89 Y80.82 Z14 E33.36
G1 F3542 X56.44 Y77.9 Z14 E33.33
G1 F3501 X56.37 Y74.94 Z14 E32.95
G1 F3459 X57.42 Y72.22 Z14 E32.55
G1 F3527 X59.86 Y70.68 Z14 E33.19
G1 F3545 X62.75 Y70.15 Z14 E33.36
G1 F3546 X65.71 Y70.01 Z14 E33.37
G1 F3547 X68.67 Y70 Z14 E33.37
G1 F3547 X71.62 Y70 Z14 E33.37
G1 F3547 X74.58 Y70 Z14 E33.37
G1 F3547 X77.54 Y70 Z14 E33.37
G1 F3547 X80.5 Y70 Z14 E33.37
G1 F3547 X83.46 Y70 Z14 E33.37
G1 F3547 X86.42 Y70.01 Z14 E33.37
G1 F3547 X89.38 Y70.01 Z14 E33.37
G1 F3547 X92.34 Y70.01 Z14 E33.37
G1 F3547 X95.29 Y70.01 Z14 E33.37
G1 F3547 X98.25 Y70.01 Z14 E33.37
G1 F3547 X101.21 Y70.01 Z14 E33.37
G1 F3547 X104.17 Y70.02 Z14 E33.37
G1 F3547 X107.13 Y70.02 Z14 E33.37
G1 F3547 X110.09 Y70.02 Z14 E33.37
G1 F3547 X113.05 Y70.02 Z14 E33.37
G1 F3547 X116.01 Y70.02 Z14 E33.37
G1 F3547 X118.96 Y70.02 Z14 E33.37
G1 F3547 X121.92 Y70.03 Z14 E33.37
G1 F3547 X124.88 Y70.03 Z14 E33.37
G1 F3547 X127.84 Y70.03 Z14 E33.37
G1 F3547 X130.8 Y70.03 Z14 E33.37
G1 F3547 X133.76 Y70.03 Z14 E33.37
G1 F3547 X136.72 Y70.03 Z14 E33.37
G1 F3547 X139.68 Y70.04 Z14 E33.37
G1 F3547 X142.63 Y70.04 Z14 E33.37
G1 F3547 X145.59 Y70.04 Z14 E33.37
G1 F3547 X148.55 Y70.04 Z14 E33.37
G1 F3547 X151.51 Y70.04 Z14 E33.37
G1 F3547 X154.47 Y70.04 Z14 E33.37
G1 F3545 X157.43 Y70.05 Z14 E33.36
G1 F3538 X160.38 Y70.28 Z14 E33.3
G1 F3493 X163.21 Y71.1 Z14 E32.87
G1 F3514 X165.14 Y73.29 Z14 E33.07
G1 F3543 X165.52 Y76.2 Z14 E33.34
G1 F3546 X165.26 Y79.14 Z14 E33.37
G1 F3546 X164.72 Y82.05 Z14 E33.37
G1 F3546 X163.98 Y84.91 Z14 E33.37
G1 F3546 X163.1 Y87.74 Z14 E33.37
G1 F3547 X162.01 Y90.49 Z14 E33.37
G1 F3546 X160.91 Y93.23 Z14 E33.37
G1 F3547 X159.57 Y95.87 Z14 E33.37
G1 F3546 X158.22 Y98.51 Z14 E33.37
G1 F3547 X156.67 Y101.02 Z14 E33.37
G1 F3546 X155.1 Y103.54 Z14 E33.37
G1 F3547 X153.36 Y105.93 Z14 E33.37
G1 F3546 X151.61 Y108.31 Z14 E33.37
G1 F3547 X149.68 Y110.55 Z14 E33.37
G1 F3547 X147.73 Y112.78 Z14 E33.37
G1 F3546 X145.79 Y115.01 Z14 E33.37
G1 F3547 X143.7 Y117.11 Z14 E33.37
G1 F3547 X141.61 Y119.2 Z14 E33.37
G1 F3547 X139.52 Y121.3 Z14 E33.37
G1 F3547 X137.43 Y123.39 Z14 E33.37
G1 F3546 X135.34 Y125.49 Z14 E33.37
G1 F3547 X133.4 Y127.72 Z14 E33.37
G1 F3547 X131.47 Y129.96 Z14 E33.37
G1 F3546 X129.54 Y132.2 Z14 E33.37
G1 F3547 X127.79 Y134.59 Z14 E33.37
G1 F3546 X126.05 Y136.98 Z14 E33.37
G1 F3547 X124.5 Y139.5 Z14 E33.37
G1 F3546 X122.95 Y142.02 Z14 E33.37
G1 F3547 X121.61 Y144.66 Z14 E33.37
G1 F3546 X120.28 Y147.3 Z14 E33.37
G1 F3547 X119.19 Y150.05 Z14 E33.37
G1 F3546 X118.11 Y152.81 Z14 E33.37
G1 F3547 X117.3 Y155.65 Z14 E33.37
G1 F3546 X116.5 Y158.5 Z14 E33.37
G1 F3546 X115.92 Y161.4 Z14 E33.37
G1 F3546 X115.5 Y164.33 Z14 E33.37
G1 F3546 X115.25 Y167.28 Z14 E33.37
G1 F3546 X115.16 Y170.23 Z14 E33.37
G1 F3546 X115.23 Y173.19 Z14 E33.37
G1 F3546 X115.48 Y176.14 Z14 E33.37
G1 F3546 X115.88 Y179.07 Z14 E33.37
G1 F3546 X116.44 Y181.98 Z14 E33.37
G1 F3546 X117.16 Y184.85 Z14 E33.37
G1 F3547 X118.09 Y187.65 Z14 E33.37
G1 F3546 X119.03 Y190.46 Z14 E33.37
G1 F3547 X120.23 Y193.16 Z14 E33.37
G1 F3546 X121.44 Y195.86 Z14 E33.37
G1 F3547 X122.87 Y198.45 Z14 E33.37
G1 F3546 X124.31 Y201.04 Z14 E33.37
G1 F3547 X125.95 Y203.5 Z14 E33.37
G1 F3546 X127.59 Y205.96 Z14 E33.37
G1 F3547 X129.41 Y208.3 Z14 E33.37
G1 F3546 X131.23 Y210.63 Z14 E33.37
G1 F3547 X133.22 Y212.82 Z14 E33.37
G1 F3547 X135.22 Y215 Z14 E33.37
G1 F3546 X137.22 Y217.18 Z14 E33.37
G1 F3547 X139.31 Y219.27 Z14 E33.37
G1 F3547 X141.41 Y221.36 Z14 E33.37
G1 F3547 X143.51 Y223.44 Z14 E33.37
G1 F3546 X145.61 Y225.53 Z14 E33.37
G1 F3547 X147.56 Y227.75 Z14 E33.37
G1 F3547 X149.5 Y229.98 Z14 E33.37
G1 F3546 X151.45 Y232.21 Z14 E33.37
G1 F3547 X153.21 Y234.59 Z14 E33.37
G1 F3546 X154.96 Y236.98 Z14 E33.37
G1 F3547 X156.53 Y239.48 Z14 E33.37
G1 F3546 X158.09 Y241.99 Z14 E33.37
G1 F3547 X159.45 Y244.62 Z14 E33.37
G1 F3546 X160.8 Y247.26 Z14 E33.37
G1 F3547 X161.91 Y250 Z14 E33.37
G1 F3546 X163.01 Y252.74 Z14 E33.37
G1 F3547 X163.84 Y255.58 Z14 E33.37
G1 F3546 X164.67 Y258.43 Z14 E33.37
G1 F3546 X165.27 Y261.32 Z14 E33.37
G1 F3546 X165.71 Y264.25 Z14 E33.37
G1 F3546 X166 Y267.19 Z14 E33.37
G1 F3546 X166.11 Y270.15 Z14 E33.37
G1 F3546 X166.07 Y273.11 Z14 E33.37
G1 F3546 X165.85 Y276.06 Z14 E33.37
G1 F3546 X165.48 Y278.99 Z14 E33.37
G1 F3546 X164.94 Y281.9 Z14 E33.37
G1 F3546 X164.25 Y284.78 Z14 E33.37
G1 F3547 X163.34 Y287.59 Z14 E33.37
G1 F3546 X162.42 Y290.41 Z14 E33.37
G1 F3547 X161.25 Y293.12 Z14 E33.37
G1 F3546 X160.06 Y295.83 Z14 E33.37
G1 F3547 X158.65 Y298.43 Z14 E33.37
G1 F3546 X157.23 Y301.03 Z14 E33.37
G1 F3547 X155.61 Y303.5 Z14 E33.37
G1 F3546 X153.98 Y305.97 Z14 E33.37
G1 F3547 X152.18 Y308.32 Z14 E33.37
G1 F3546 X150.37 Y310.66 Z14 E33.37
G1 F3547 X148.39 Y312.86 Z14 E33.37
G1 F3547 X146.4 Y315.05 Z14 E33.37
G1 F3546 X144.41 Y317.24 Z14 E33.37
G1 F3547 X142.33 Y319.34 Z14 E33.37
G1 F3547 X140.25 Y321.44 Z14 E33.37
G1 F3547 X138.17 Y323.55 Z14 E33.37
G1 F3547 X136.08 Y325.65 Z14 E33.37
G1 F3546 X134 Y327.75 Z14 E33.37
G1 F3547 X132.11 Y330.02 Z14 E33.37
G1 F3547 X130.22 Y332.3 Z14 E33.37
G1 F3546 X128.34 Y334.58 Z14 E33.37
G1 F3547 X126.65 Y337.01 Z14 E33.37
G1 F3546 X124.97 Y339.45 Z14 E33.37
G1 F3547 X123.49 Y342.01 Z14 E33.37
G1 F3546 X122.01 Y344.57 Z14 E33.37
G1 F3547 X120.75 Y347.25 Z14 E33.37
G1 F3546 X119.5 Y349.93 Z14 E33.37
G1 F3547 X118.51 Y352.72 Z14 E33.37
G1 F3546 X117.51 Y355.51 Z14 E33.37
G1 F3546 X116.73 Y358.36 Z14 E33.37
G1 F3546 X116.11 Y361.25 Z14 E33.37
G1 F3546 X115.63 Y364.17 Z14 E33.37
G1 F3546 X115.32 Y367.11 Z14 E33.37
G1 F3546 X115.18 Y370.07 Z14 E33.37
G1 F3546 X115.2 Y373.03 Z14 E33.37
G1 F3546 X115.38 Y375.98 Z14 E33.37
G1 F3546 X115.73 Y378.92 Z14 E33.37
G1 F3546 X116.24 Y381.83 Z14 E33.37
G1 F3546 X116.91 Y384.71 Z14 E33.37
G1 F3547 X117.8 Y387.54 Z14 E33.37
G1 F3546 X118.69 Y390.36 Z14 E33.37
G1 F3547 X119.84 Y393.08 Z14 E33.37
G1 F3546 X121 Y395.8 Z14 E33.37
G1 F3547 X122.4 Y398.41 Z14 E33.37
G1 F3546 X123.8 Y401.02 Z14 E33.37
G1 F3547 X125.41 Y403.5 Z14 E33.37
G1 F3546 X127.02 Y405.98 Z14 E33.37
G1 F3547 X128.81 Y408.34 Z14 E33.37
G1 F3546 X130.6 Y410.7 Z14 E33.37
G1 F3547 X132.57 Y412.9 Z14 E33.37
G1 F3547 X134.55 Y415.1 Z14 E33.37
G1 F3546 X136.53 Y417.3 Z14 E33.37
G1 F3547 X138.62 Y419.4 Z14 E33.37
G1 F3547 X140.7 Y421.49 Z14 E33.37
G1 F3547 X142.79 Y423.59 Z14 E33.37
G1 F3547 X144.88 Y425.69 Z14 E33.37
G1 F3546 X146.97 Y427.78 Z14 E33.37
G1 F3547 X148.87 Y430.05 Z14 E33.37
G1 F3547 X150.77 Y432.32 Z14 E33.37
G1 F3546 X152.67 Y434.59 Z14 E33.37
G1 F3547 X154.36 Y437.01 Z14 E33.37
G1 F3546 X156.06 Y439.44 Z14 E33.37
G1 F3547 X157.56 Y441.99 Z14 E33.37
G1 F3546 X159.06 Y444.54 Z14 E33.37
G1 F3547 X160.33 Y447.21 Z14 E33.37
G1 F3546 X161.61 Y449.88 Z14 E33.37
G1 F3547 X162.62 Y452.66 Z14 E33.37
G1 F3546 X163.64 Y455.44 Z14 E33.37
G1 F3546 X164.44 Y458.28 Z14 E33.37
G1 F3546 X165.07 Y461.17 Z14 E33.37
G1 F3546 X165.49 Y464.1 Z14 E33.37
G1 F3529 X165.5 Y467.06 Z14 E33.21
G1 F3538 X164.23 Y469.72 Z14 E33.3
G1 F3546 X161.58 Y471.04 Z14 E33.37
G1 F3546 X158.65 Y471.44 Z14 E33.37
G1 F3547 X155.7 Y471.55 Z14 E33.37
G1 F3547 X152.74 Y471.55 Z14 E33.37
G1 F3547 X149.78 Y471.56 Z14 E33.37
G1 F3547 X146.82 Y471.56 Z14 E33.37
G1 F3547 X143.86 Y471.56 Z14 E33.37
G1 F3547 X140.9 Y471.56 Z14 E33.37
G1 F3547 X137.95 Y471.57 Z14 E33.37
G1 F3547 X134.99 Y471.57 Z14 E33.37
G1 F3547 X132.03 Y471.57 Z14 E33.37
G1 F3547 X129.07 Y471.57 Z14 E33.37
G1 F3547 X126.11 Y471.58 Z14 E33.37
G1 F3547 X123.15 Y471.58 Z14 E33.37
G1 F3507 X120.19 Y471.58 Z14 E33
G1 F3530 X117.31 Y471.58 Z14.53 E33.22
G1 F3531 X114.64 Y471.58 Z15.76 E33.23
G1 F3547 X111.71 Y471.58 Z16 E33.37
G1 F3547 X108.75 Y471.58 Z16 E33.37
G1 F3547 X105.79 Y471.58 Z16 E33.37
G1 F3547 X102.83 Y471.58 Z16 E33.37
G1 F3547 X99.87 Y471.58 Z16 E33.37
G1 F3547 X96.91 Y471.57 Z16 E33.37
G1 F3547 X93.95 Y471.57 Z16 E33.37
G1 F3547 X90.99 Y471.57 Z16 E33.37
G1 F3547 X88.04 Y471.57 Z16 E33.37
G1 F3547 X85.08 Y471.57 Z16 E33.37
G1 F3547 X82.12 Y471.57 Z16 E33.37
G1 F3547 X79.16 Y471.56 Z16 E33.37
G1 F3547 X76.2 Y471.56 Z16 E33.37
G1 F3547 X73.24 Y471.56 Z16 E33.37
G1 F3547 X70.28 Y471.56 Z16 E33.37
G1 F3546 X67.32 Y471.56 Z16 E33.37
G1 F3546 X64.37 Y471.47 Z16 E33.37
G1 F3537 X61.43 Y471.12 Z16 E33.28
G1 F3504 X58.71 Y469.96 Z16 E32.97
G1 F3539 X57.38 Y467.36 Z16 E33.31
G1 F3546 X57.31 Y464.41 Z16 E33.37
G1 F3546 X57.68 Y461.47 Z16 E33.37
G1 F3546 X58.29 Y458.58 Z16 E33.37
G1 F3546 X59.06 Y455.72 Z16 E33.37
G1 F3547 X60.05 Y452.93 Z16 E33.37
G1 F3546 X61.04 Y450.14 Z16 E33.37
G1 F3547 X62.28 Y447.46 Z16 E33.37
G1 F3546 X63.52 Y444.77 Z16 E33.37
G1 F3547 X64.99 Y442.21 Z16 E33.37
G1 F3546 X66.46 Y439.64 Z16 E33.37
G1 F3547 X68.13 Y437.19 Z16 E33.37
G1 F3546 X69.79 Y434.75 Z16 E33.37
G1 F3547 X71.67 Y432.46 Z16 E33.37
G1 F3547 X73.54 Y430.17 Z16 E33.37
G1 F3546 X75.42 Y427.88 Z16 E33.37
G1 F3547 X77.47 Y425.75 Z16 E33.37
G1 F3547 X79.53 Y423.63 Z16 E33.37
G1 F3547 X81.59 Y421.5 Z16 E33.37
G1 F3547 X83.65 Y419.38 Z16 E33.37
G1 F3547 X85.7 Y417.25 Z16 E33.37
G1 F3546 X87.76 Y415.13 Z16 E33.37
G1 F3547 X89.65 Y412.85 Z16 E33.37
G1 F3547 X91.53 Y410.56 Z16 E33.37
G1 F3546 X93.41 Y408.28 Z16 E33.37
G1 F3547 X95.09 Y405.85 Z16 E33.37
G1 F3546 X96.77 Y403.41 Z16 E33.37
G1 F3547 X98.25 Y400.85 Z16 E33.37
G1 F3546 X99.73 Y398.29 Z16 E33.37
G1 F3547 X100.99 Y395.61 Z16 E33.37
G1 F3546 X102.25 Y392.93 Z16 E33.37
G1 F3547 X103.26 Y390.15 Z16 E33.37
G1 F3546 X104.25 Y387.36 Z16 E33.37
G1 F3547 X104.98 Y384.49 Z16 E33.37
G1 F3546 X105.69 Y381.62 Z16 E33.37
G1 F3546 X106.18 Y378.71 Z16 E33.37
G1 F3546 X106.52 Y375.77 Z16 E33.37
G1 F3546 X106.69 Y372.81 Z16 E33.37
G1 F3546 X106.7 Y369.85 Z16 E33.37
G1 F3546 X106.54 Y366.9 Z16 E33.37
G1 F3546 X106.22 Y363.96 Z16 E33.37
G1 F3546 X105.75 Y361.04 Z16 E33.37
G1 F3546 X105.12 Y358.15 Z16 E33.37
G1 F3547 X104.28 Y355.31 Z16 E33.37
G1 F3546 X103.42 Y352.48 Z16 E33.37
G1 F3547 X102.31 Y349.74 Z16 E33.37
G1 F3546 X101.18 Y347 Z16 E33.37
G1 F3547 X99.82 Y344.37 Z16 E33.37
G1 F3546 X98.46 Y341.75 Z16 E33.37
G1 F3547 X96.89 Y339.24 Z16 E33.37
G1 F3546 X95.31 Y336.74 Z16 E33.37
G1 F3547 X93.56 Y334.36 Z16 E33.37
G1 F3546 X91.8 Y331.98 Z16 E33.37
G1 F3547 X89.86 Y329.74 Z16 E33.37
G1 F3547 X87.91 Y327.52 Z16 E33.37
G1 F3546 X85.96 Y325.3 Z16 E33.37
G1 F3547 X83.89 Y323.17 Z16 E33.37
G1 F3547 X81.83 Y321.05 Z16 E33.37
G1 F3547 X79.76 Y318.94 Z16 E33.37
G1 F3547 X77.7 Y316.82 Z16 E33.37
G1 F3546 X75.63 Y314.7 Z16 E33.37
G1 F3547 X73.74 Y312.42 Z16 E33.37
G1 F3547 X71.86 Y310.14 Z16 E33.37
G1 F3546 X69.98 Y307.85 Z16 E33.37
G1 F3547 X68.3 Y305.42 Z16 E33.37
G1 F3546 X66.63 Y302.98 Z16 E33.37
G1 F3547 X65.14 Y300.42 Z16 E33.37
G1 F3546 X63.67 Y297.86 Z16 E33.37
G1 F3547 X62.41 Y295.18 Z16 E33.37
G1 F3546 X61.16 Y292.5 Z16 E33.37
G1 F3547 X60.15 Y289.72 Z16 E33.37
G1 F3546 X59.16 Y286.93 Z16 E33.37
G1 F3547 X58.43 Y284.06 Z16 E33.37
G1 F3546 X57.73 Y281.19 Z16 E33.37
G1 F3546 X57.23 Y278.27 Z16 E33.37
G1 F3546 X56.9 Y275.33 Z16 E33.37
G1 F3546 X56.73 Y272.38 Z16 E33.37
G1 F3546 X56.73 Y269.42 Z16 E33.37
G1 F3546 X56.88 Y266.46 Z16 E33.37
G1 F3546 X57.2 Y263.52 Z16 E33.37
G1 F3546 X57.68 Y260.6 Z16 E33.37
G1 F3546 X58.3 Y257.71 Z16 E33.37
G1 F3547 X59.15 Y254.88 Z16 E33.37
G1 F3546 X60.01 Y252.05 Z16 E33.37
G1 F3547 X61.12 Y249.31 Z16 E33.37
G1 F3546 X62.25 Y246.57 Z16 E33.37
G1 F3547 X63.6 Y243.94 Z16 E33.37
G1 F3546 X64.97 Y241.32 Z16 E33.37
G1 F3547 X66.54 Y238.81 Z16 E33.37
G1 F3546 X68.12 Y236.31 Z16 E33.37
G1 F3547 X69.87 Y233.92 Z16 E33.37
G1 F3546 X71.63 Y231.55 Z16 E33.37
G1 F3547 X73.57 Y229.31 Z16 E33.37
G1 F3547 X75.52 Y227.09 Z16 E33.37
G1 F3546 X77.48 Y224.86 Z16 E33.37
G1 F3547 X79.53 Y222.74 Z16 E33.37
G1 F3547 X81.6 Y220.62 Z16 E33.37
G1 F3547 X83.66 Y218.5 Z16 E33.37
G1 F3547 X85.73 Y216.38 Z16 E33.37
G1 F3546 X87.79 Y214.26 Z16 E33.37
G1 F3547 X89.68 Y211.99 Z16 E33.37
G1 F3547 X91.56 Y209.7 Z16 E33.37
G1 F3546 X93.44 Y207.41 Z16 E33.37
G1 F3547 X95.12 Y204.98 Z16 E33.37
G1 F3546 X96.79 Y202.54 Z16 E33.37
G1 F3547 X98.28 Y199.98 Z16 E33.37
G1 F3546 X99.75 Y197.42 Z16 E33.37
G1 F3547 X101.01 Y194.74 Z16 E33.37
G1 F3545 X102.26 Y192.06 Z16 E33.36
G1 F3547 X103.27 Y189.28 Z16 E33.37
G1 F3545 X104.26 Y186.49 Z16 E33.36
G1 F3547 X104.98 Y183.62 Z16 E33.37
G1 F3546 X105.69 Y180.75 Z16 E33.37
G1 F3546 X106.18 Y177.83 Z16 E33.37
G1 F3546 X106.51 Y174.89 Z16 E33.37
G1 F3546 X106.68 Y171.94 Z16 E33.37
G1 F3546 X106.68 Y168.98 Z16 E33.37
G1 F3546 X106.53 Y166.02 Z16 E33.37
G1 F3546 X106.21 Y163.08 Z16 E33.37
G1 F3546 X105.73 Y160.16 Z16 E33.37
G1 F3546 X105.1 Y157.27 Z16 E33.37
G1 F3547 X104.26 Y154.44 Z16 E33.37
G1 F3545 X103.39 Y151.61 Z16 E33.36
G1 F3547 X102.28 Y148.87 Z16 E33.37
G1 F3545 X101.15 Y146.13 Z16 E33.36
G1 F3547 X99.8 Y143.5 Z16 E33.37
G1 F3546 X98.42 Y140.88 Z16 E33.37
G1 F3547 X96.86 Y138.37 Z16 E33.37
G1 F3546 X95.27 Y135.87 Z16 E33.37
G1 F3547 X93.52 Y133.49 Z16 E33.37
G1 F3546 X91.76 Y131.11 Z16 E33.37
G1 F3547 X89.82 Y128.88 Z16 E33.37
G1 F3547 X87.87 Y126.66 Z16 E33.37
G1 F3546 X85.91 Y124.44 Z16 E33.37
G1 F3547 X83.85 Y122.31 Z16 E33.37
G1 F3547 X81.79 Y120.19 Z16 E33.37
G1 F3547 X79.72 Y118.08 Z16 E33.37
G1 F3547 X77.65 Y115.96 Z16 E33.37
G1 F3545 X75.59 Y113.84 Z16 E33.36
G1 F3547 X73.7 Y111.57 Z16 E33.37
G1 F3547 X71.82 Y109.28 Z16 E33.37
G1 F3545 X69.95 Y106.99 Z16 E33.36
G1 F3547 X68.26 Y104.56 Z16 E33.37
G1 F3546 X66.6 Y102.11 Z16 E33.37
G1 F3547 X65.11 Y99.56 Z16 E33.37
G1 F3545 X63.64 Y96.99 Z16 E33.36
G1 F3547 X62.38 Y94.31 Z16 E33.37
G1 F3545 X61.13 Y91.63 Z16 E33.36
G1 F3547 X60.13 Y88.85 Z16 E33.37
G1 F3546 X59.14 Y86.06 Z16 E33.37
G1 F3546 X58.35 Y83.21 Z16 E33.37
G1 F3546 X57.73 Y80.32 Z16 E33.37
G1 F3543 X57.33 Y77.38 Z16 E33.34
G1 F3510 X57.35 Y74.43 Z16 E33.03
G1 F3500 X58.64 Y71.8 Z16 E32.94
G1 F3539 X61.26 Y70.5 Z16 E33.3
G1 F3546 X64.18 Y70.1 Z16 E33.37
G1 F3546 X67.14 Y69.99 Z16 E33.37
G1 F3547 X70.1 Y69.99 Z16 E33.37
G1 F3547 X73.06 Y69.99 Z16 E33.37
G1 F3547 X76.02 Y69.99 Z16 E33.37
G1 F3547 X78.97 Y69.99 Z16 E33.37
G1 F3547 X81.93 Y69.99 Z16 E33.37
G1 F3547 X84.89 Y70 Z16 E33.37
G1 F3547 X87.85 Y70 Z16 E33.37
G1 F3547 X90.81 Y70 Z16 E33.37
G1 F3547 X93.77 Y70 Z16 E33.37
G1 F3547 X96.73 Y70 Z16 E33.37
G1 F3547 X99.69 Y70 Z16 E33.37
G1 F3547 X102.64 Y70 Z16 E33.37
G1 F3547 X105.6 Y70 Z16 E33.37
G1 F3547 X108.56 Y70.01 Z16 E33.37
G1 F3547 X111.52 Y70.01 Z16 E33.37
G1 F3547 X114.48 Y70.01 Z16 E33.37
G1 F3547 X117.44 Y70.01 Z16 E33.37
G1 F3547 X120.4 Y70.01 Z16 E33.37
G1 F3547 X123.36 Y70.01 Z16 E33.37
G1 F3547 X126.31 Y70.01 Z16 E33.37
G1 F3547 X129.27 Y70.01 Z16 E33.37
G1 F3547 X132.23 Y70.02 Z16 E33.37
G1 F3547 X135.19 Y70.02 Z16 E33.37
G1 F3547 X138.15 Y70.02 Z16 E33.37
G1 F3547 X141.11 Y70.02 Z16 E33.37
G1 F3547 X144.07 Y70.02 Z16 E33.37
G1 F3547 X147.03 Y70.02 Z16 E33.37
G1 F3547 X149.98 Y70.02 Z16 E33.37
G1 F3547 X152.94 Y70.03 Z16 E33.37
G1 F3546 X155.9 Y70.03 Z16 E33.37
G1 F3543 X158.85 Y70.22 Z16 E33.34
G1 F3520 X161.73 Y70.89 Z16 E33.13
G1 F3517 X163.98 Y72.77 Z16 E33.09
G1 F3543 X164.56 Y75.65 Z16 E33.34
G1 F3546 X164.39 Y78.6 Z16 E33.37
G1 F3546 X163.9 Y81.52 Z16 E33.37
G1 F3546 X163.21 Y84.4 Z16 E33.37
G1 F3546 X162.36 Y87.23 Z16 E33.37
G1 F3547 X161.31 Y90 Z16 E33.37
G1 F3546 X160.25 Y92.76 Z16 E33.37
G1 F3547 X158.96 Y95.42 Z16 E33.37
G1 F3546 X157.65 Y98.07 Z16 E33.37
G1 F3547 X156.13 Y100.61 Z16 E33.37
G1 F3546 X154.61 Y103.15 Z16 E33.37
G1 F3547 X152.9 Y105.56 Z16 E33.37
G1 F3546 X151.18 Y107.97 Z16 E33.37
G1 F3547 X149.28 Y110.24 Z16 E33.37
G1 F3547 X147.36 Y112.49 Z16 E33.37
G1 F3546 X145.45 Y114.75 Z16 E33.37
G1 F3547 X143.39 Y116.87 Z16 E33.37
G1 F3547 X141.32 Y118.98 Z16 E33.37
G1 F3547 X139.25 Y121.1 Z16 E33.37
G1 F3547 X137.18 Y123.21 Z16 E33.37
G1 F3546 X135.11 Y125.33 Z16 E33.37
G1 F3547 X133.19 Y127.58 Z16 E33.37
G1 F3547 X131.27 Y129.83 Z16 E33.37
G1 F3546 X129.35 Y132.08 Z16 E33.37
G1 F3547 X127.63 Y134.49 Z16 E33.37
G1 F3546 X125.91 Y136.89 Z16 E33.37
G1 F3547 X124.37 Y139.42 Z16 E33.37
G1 F3546 X122.84 Y141.95 Z16 E33.37
G1 F3547 X121.52 Y144.6 Z16 E33.37
G1 F3546 X120.21 Y147.25 Z16 E33.37
G1 F3547 X119.13 Y150.01 Z16 E33.37
G1 F3546 X118.07 Y152.77 Z16 E33.37
G1 F3547 X117.27 Y155.62 Z16 E33.37
G1 F3546 X116.48 Y158.47 Z16 E33.37
G1 F3546 X115.91 Y161.37 Z16 E33.37
G1 F3546 X115.5 Y164.3 Z16 E33.37
G1 F3546 X115.25 Y167.25 Z16 E33.37
G1 F3546 X115.15 Y170.21 Z16 E33.37
G1 F3546 X115.23 Y173.16 Z16 E33.37
G1 F3546 X115.46 Y176.11 Z16 E33.37
G1 F3546 X115.86 Y179.05 Z16 E33.37
G1 F3546 X116.41 Y181.95 Z16 E33.37
G1 F3546 X117.12 Y184.83 Z16 E33.37
G1 F3547 X118.03 Y187.64 Z16 E33.37
G1 F3546 X118.96 Y190.45 Z16 E33.37
G1 F3547 X120.13 Y193.16 Z16 E33.37
G1 F3546 X121.32 Y195.87 Z16 E33.37
G1 F3547 X122.73 Y198.47 Z16 E33.37
G1 F3546 X124.16 Y201.07 Z16 E33.37
G1 F3547 X125.77 Y203.54 Z16 E33.37
G1 F3546 X127.4 Y206.01 Z16 E33.37
G1 F3547 X129.19 Y208.37 Z16 E33.37
G1 F3546 X131 Y210.71 Z16 E33.37
G1 F3547 X132.97 Y212.92 Z16 E33.37
G1 F3547 X134.95 Y215.11 Z16 E33.37
G1 F3546 X136.94 Y217.31 Z16 E33.37
G1 F3547 X139 Y219.42 Z16 E33.37
G1 F3547 X141.08 Y221.53 Z16 E33.37
G1 F3547 X143.16 Y223.64 Z16 E33.37
G1 F3546 X145.23 Y225.75 Z16 E33.37
G1 F3547 X147.16 Y228 Z16 E33.37
G1 F3547 X149.07 Y230.25 Z16 E33.37
G1 F3546 X150.98 Y232.51 Z16 E33.37
G1 F3547 X152.71 Y234.91 Z16 E33.37
G1 F3546 X154.43 Y237.32 Z16 E33.37
G1 F3547 X155.97 Y239.85 Z16 E33.37
G1 F3546 X157.49 Y242.38 Z16 E33.37
G1 F3547 X158.82 Y245.03 Z16 E33.37
G1 F3546 X160.12 Y247.68 Z16 E33.37
G1 F3547 X161.2 Y250.44 Z16 E33.37
G1 F3545 X162.26 Y253.2 Z16 E33.36
G1 F3547 X163.06 Y256.05 Z16 E33.37
G1 F3546 X163.84 Y258.9 Z16 E33.37
G1 F3546 X164.41 Y261.8 Z16 E33.37
G1 F3546 X164.82 Y264.73 Z16 E33.37
G1 F3546 X165.07 Y267.68 Z16 E33.37
G1 F3546 X165.16 Y270.64 Z16 E33.37
G1 F3546 X165.08 Y273.6 Z16 E33.37
G1 F3546 X164.85 Y276.55 Z16 E33.37
G1 F3546 X164.45 Y279.48 Z16 E33.37
G1 F3546 X163.9 Y282.38 Z16 E33.37
G1 F3547 X163.13 Y285.24 Z16 E33.37
G1 F3545 X162.34 Y288.09 Z16 E33.36
G1 F3547 X161.29 Y290.86 Z16 E33.37
G1 F3545 X160.23 Y293.62 Z16 E33.36
G1 F3547 X158.93 Y296.28 Z16 E33.37
G1 F3546 X157.62 Y298.93 Z16 E33.37
G1 F3547 X156.1 Y301.47 Z16 E33.37
G1 F3546 X154.57 Y304 Z16 E33.37
G1 F3547 X152.87 Y306.42 Z16 E33.37
G1 F3546 X151.15 Y308.82 Z16 E33.37
G1 F3547 X149.24 Y311.09 Z16 E33.37
G1 F3547 X147.33 Y313.34 Z16 E33.37
G1 F3546 X145.41 Y315.6 Z16 E33.37
G1 F3547 X143.35 Y317.72 Z16 E33.37
G1 F3547 X141.28 Y319.84 Z16 E33.37
G1 F3547 X139.21 Y321.95 Z16 E33.37
G1 F3547 X137.15 Y324.07 Z16 E33.37
G1 F3546 X135.08 Y326.18 Z16 E33.37
G1 F3547 X133.15 Y328.43 Z16 E33.37
G1 F3547 X131.24 Y330.69 Z16 E33.37
G1 F3546 X129.33 Y332.95 Z16 E33.36
G1 F3547 X127.6 Y335.34 Z16 E33.37
G1 F3546 X125.88 Y337.76 Z16 E33.37
G1 F3547 X124.34 Y340.28 Z16 E33.37
G1 F3546 X122.82 Y342.82 Z16 E33.36
G1 F3547 X121.5 Y345.47 Z16 E33.37
G1 F3545 X120.19 Y348.12 Z16 E33.36
G1 F3547 X119.12 Y350.88 Z16 E33.37
G1 F3545 X118.06 Y353.64 Z16 E33.36
G1 F3547 X117.26 Y356.49 Z16 E33.37
G1 F3546 X116.49 Y359.34 Z16 E33.37
G1 F3546 X115.91 Y362.24 Z16 E33.37
G1 F3546 X115.51 Y365.17 Z16 E33.37
G1 F3546 X115.26 Y368.12 Z16 E33.37
G1 F3546 X115.17 Y371.08 Z16 E33.37
G1 F3546 X115.24 Y374.04 Z16 E33.37
G1 F3546 X115.48 Y376.99 Z16 E33.37
G1 F3546 X115.88 Y379.92 Z16 E33.37
G1 F3546 X116.43 Y382.82 Z16 E33.37
G1 F3547 X117.2 Y385.68 Z16 E33.37
G1 F3545 X118 Y388.53 Z16 E33.36
G1 F3547 X119.04 Y391.3 Z16 E33.37
G1 F3545 X120.11 Y394.06 Z16 E33.36
G1 F3547 X121.4 Y396.72 Z16 E33.37
G1 F3545 X122.72 Y399.37 Z16 E33.36
G1 F3547 X124.23 Y401.91 Z16 E33.37
G1 F3546 X125.77 Y404.44 Z16 E33.37
G1 F3547 X127.47 Y406.85 Z16 E33.37
G1 F3545 X129.2 Y409.26 Z16 E33.36
G1 F3547 X131.1 Y411.52 Z16 E33.37
G1 F3547 X133.02 Y413.77 Z16 E33.37
G1 F3546 X134.94 Y416.03 Z16 E33.37
G1 F3547 X136.99 Y418.15 Z16 E33.37
G1 F3547 X139.06 Y420.27 Z16 E33.37
G1 F3547 X141.14 Y422.38 Z16 E33.37
G1 F3547 X143.21 Y424.49 Z16 E33.37
G1 F3546 X145.28 Y426.61 Z16 E33.37
G1 F3547 X147.2 Y428.85 Z16 E33.37
G1 F3547 X149.11 Y431.11 Z16 E33.37
G1 F3545 X151.02 Y433.37 Z16 E33.36
G1 F3547 X152.75 Y435.77 Z16 E33.37
G1 F3546 X154.46 Y438.18 Z16 E33.36
G1 F3547 X156.01 Y440.71 Z16 E33.37
G1 F3545 X157.52 Y443.25 Z16 E33.36
G1 F3547 X158.85 Y445.89 Z16 E33.37
G1 F3545 X160.15 Y448.55 Z16 E33.36
G1 F3547 X161.23 Y451.3 Z16 E33.37
G1 F3546 X162.28 Y454.07 Z16 E33.37
G1 F3546 X163.14 Y456.9 Z16 E33.37
G1 F3546 X163.85 Y459.77 Z16 E33.37
G1 F3544 X164.36 Y462.68 Z16 E33.36
G1 F3533 X164.58 Y465.63 Z16 E33.24
G1 F3480 X164.03 Y468.53 Z16 E32.75
G1 F3521 X161.93 Y470.54 Z16 E33.13
G1 F3544 X159.1 Y471.3 Z16 E33.35
G1 F3546 X156.15 Y471.51 Z16 E33.37
G1 F3547 X153.19 Y471.53 Z16 E33.37
G1 F3547 X150.23 Y471.54 Z16 E33.37
G1 F3547 X147.27 Y471.54 Z16 E33.37
G1 F3547 X144.31 Y471.54 Z16 E33.37
G1 F3547 X141.35 Y471.55 Z16 E33.37
G1 F3547 X138.4 Y471.55 Z16 E33.37
G1 F3547 X135.44 Y471.56 Z16 E33.37
G1 F3547 X132.48 Y471.56 Z16 E33.37
G1 F3547 X129.52 Y471.57 Z16 E33.37
G1 F3547 X126.56 Y471.57 Z16 E33.37
G1 F3547 X123.6 Y471.58 Z16 E33.37
G1 F3530 X120.64 Y471.58 Z16 E33.22
G1 F3547 X117.72 Y471.59 Z16.32 E33.37
G1 F3527 X115.08 Y471.58 Z17.66 E33.2
G1 F3547 X112.16 Y471.58 Z18 E33.37
G1 F3547 X109.2 Y471.58 Z18 E33.37
G1 F3547 X106.24 Y471.58 Z18 E33.37
G1 F3547 X103.28 Y471.57 Z18 E33.37
G1 F3547 X100.32 Y471.57 Z18 E33.37
G1 F3547 X97.36 Y471.57 Z18 E33.37
G1 F3547 X94.4 Y471.56 Z18 E33.37
G1 F3547 X91.44 Y471.56 Z18 E33.37
G1 F3547 X88.49 Y471.56 Z18 E33.37
G1 F3547 X85.53 Y471.55 Z18 E33.37
G1 F3547 X82.57 Y471.55 Z18 E33.37
G1 F3547 X79.61 Y471.55 Z18 E33.37
G1 F3547 X76.65 Y471.54 Z18 E33.37
G1 F3547 X73.69 Y471.54 Z18 E33.37
G1 F3547 X70.73 Y471.54 Z18 E33.37
G1 F3546 X67.78 Y471.53 Z18 E33.37
G1 F3542 X64.82 Y471.4 Z18 E33.33
G1 F3511 X61.91 Y470.91 Z18 E33.04
G1 F3443 X59.37 Y469.44 Z18 E32.4
G1 F3530 X58.36 Y466.75 Z18 E33.22
G1 F3544 X58.34 Y463.81 Z18 E33.35
G1 F3546 X58.75 Y460.88 Z18 E33.37
G1 F3546 X59.37 Y457.99 Z18 E33.37
G1 F3545 X60.16 Y455.14 Z18 E33.36
G1 F3547 X61.15 Y452.35 Z18 E33.37
G1 F3545 X62.16 Y449.57 Z18 E33.36
G1 F3547 X63.39 Y446.88 Z18 E33.37
G1 F3545 X64.66 Y444.21 Z18 E33.36
G1 F3547 X66.11 Y441.63 Z18 E33.37
G1 F3545 X67.6 Y439.08 Z18 E33.36
G1 F3547 X69.25 Y436.62 Z18 E33.37
G1 F3545 X70.93 Y434.19 Z18 E33.36
G1 F3547 X72.79 Y431.88 Z18 E33.37
G1 F3547 X74.67 Y429.6 Z18 E33.37
G1 F3545 X76.55 Y427.32 Z18 E33.36
G1 F3547 X78.57 Y425.16 Z18 E33.37
G1 F3547 X80.62 Y423.02 Z18 E33.37
G1 F3547 X82.67 Y420.89 Z18 E33.37
G1 F3547 X84.72 Y418.75 Z18 E33.37
G1 F3546 X86.76 Y416.62 Z18 E33.36
G1 F3547 X88.69 Y414.37 Z18 E33.37
G1 F3547 X90.59 Y412.1 Z18 E33.37
G1 F3545 X92.49 Y409.83 Z18 E33.36
G1 F3547 X94.22 Y407.43 Z18 E33.37
G1 F3545 X95.92 Y405.01 Z18 E33.36
G1 F3547 X97.46 Y402.49 Z18 E33.37
G1 F3545 X98.97 Y399.94 Z18 E33.36
G1 F3547 X100.3 Y397.3 Z18 E33.37
G1 F3545 X101.59 Y394.64 Z18 E33.36
G1 F3547 X102.68 Y391.89 Z18 E33.37
G1 F3544 X103.73 Y389.12 Z18 E33.35
G1 F3547 X104.54 Y386.28 Z18 E33.37
G1 F3545 X105.32 Y383.43 Z18 E33.36
G1 F3546 X105.91 Y380.53 Z18 E33.37
G1 F3546 X106.33 Y377.6 Z18 E33.37
G1 F3546 X106.6 Y374.65 Z18 E33.37
G1 F3546 X106.71 Y371.7 Z18 E33.37
G1 F3546 X106.65 Y368.74 Z18 E33.37
G1 F3546 X106.44 Y365.79 Z18 E33.37
G1 F3546 X106.07 Y362.86 Z18 E33.37
G1 F3545 X105.55 Y359.94 Z18 E33.36
G1 F3547 X104.82 Y357.08 Z18 E33.37
G1 F3544 X104.04 Y354.22 Z18 E33.35
G1 F3547 X103.05 Y351.44 Z18 E33.37
G1 F3544 X102 Y348.67 Z18 E33.35
G1 F3547 X100.75 Y345.99 Z18 E33.37
G1 F3545 X99.46 Y343.33 Z18 E33.36
G1 F3547 X97.99 Y340.76 Z18 E33.37
G1 F3545 X96.48 Y338.22 Z18 E33.36
G1 F3547 X94.82 Y335.77 Z18 E33.37
G1 F3545 X93.12 Y333.35 Z18 E33.36
G1 F3547 X91.25 Y331.06 Z18 E33.37
G1 F3547 X89.35 Y328.79 Z18 E33.37
G1 F3545 X87.46 Y326.52 Z18 E33.36
G1 F3547 X85.44 Y324.36 Z18 E33.37
G1 F3547 X83.39 Y322.22 Z18 E33.37
G1 F3547 X81.34 Y320.08 Z18 E33.37
G1 F3547 X79.29 Y317.95 Z18 E33.37
G1 F3545 X77.25 Y315.81 Z18 E33.36
G1 F3547 X75.33 Y313.56 Z18 E33.37
G1 F3547 X73.45 Y311.28 Z18 E33.37
G1 F3544 X71.57 Y308.99 Z18 E33.35
G1 F3547 X69.84 Y306.59 Z18 E33.37
G1 F3545 X68.17 Y304.15 Z18 E33.36
G1 F3547 X66.64 Y301.62 Z18 E33.37
G1 F3544 X65.15 Y299.06 Z18 E33.35
G1 F3547 X63.84 Y296.41 Z18 E33.37
G1 F3544 X62.57 Y293.74 Z18 E33.35
G1 F3547 X61.5 Y290.98 Z18 E33.37
G1 F3544 X60.49 Y288.2 Z18 E33.35
G1 F3547 X59.69 Y285.36 Z18 E33.37
G1 F3545 X58.95 Y282.49 Z18 E33.36
G1 F3546 X58.39 Y279.59 Z18 E33.37
G1 F3546 X57.99 Y276.66 Z18 E33.37
G1 F3546 X57.76 Y273.71 Z18 E33.37
G1 F3546 X57.68 Y270.75 Z18 E33.37
G1 F3546 X57.76 Y267.8 Z18 E33.37
G1 F3546 X58 Y264.85 Z18 E33.37
G1 F3546 X58.4 Y261.92 Z18 E33.37
G1 F3545 X58.95 Y259.01 Z18 E33.36
G1 F3547 X59.7 Y256.15 Z18 E33.37
G1 F3543 X60.51 Y253.3 Z18 E33.35
G1 F3547 X61.52 Y250.53 Z18 E33.37
G1 F3544 X62.59 Y247.77 Z18 E33.35
G1 F3547 X63.86 Y245.1 Z18 E33.37
G1 F3544 X65.18 Y242.45 Z18 E33.35
G1 F3547 X66.66 Y239.89 Z18 E33.37
G1 F3545 X68.19 Y237.36 Z18 E33.36
G1 F3547 X69.87 Y234.92 Z18 E33.37
G1 F3544 X71.59 Y232.52 Z18 E33.35
G1 F3547 X73.45 Y230.22 Z18 E33.37
G1 F3547 X75.37 Y227.97 Z18 E33.37
G1 F3545 X77.29 Y225.71 Z18 E33.36
G1 F3547 X79.3 Y223.55 Z18 E33.37
G1 F3547 X81.34 Y221.41 Z18 E33.37
G1 F3547 X83.39 Y219.27 Z18 E33.37
G1 F3547 X85.43 Y217.13 Z18 E33.37
G1 F3544 X87.48 Y214.99 Z18 E33.35
G1 F3547 X89.39 Y212.74 Z18 E33.37
G1 F3547 X91.26 Y210.44 Z18 E33.37
G1 F3544 X93.12 Y208.14 Z18 E33.35
G1 F3547 X94.83 Y205.73 Z18 E33.37
G1 F3544 X96.49 Y203.28 Z18 E33.35
G1 F3547 X98.01 Y200.74 Z18 E33.37
G1 F3544 X99.47 Y198.17 Z18 E33.35
G1 F3547 X100.77 Y195.52 Z18 E33.37
G1 F3544 X102 Y192.83 Z18 E33.35
G1 F3547 X103.06 Y190.07 Z18 E33.37
G1 F3543 X104.04 Y187.27 Z18 E33.34
G1 F3547 X104.82 Y184.42 Z18 E33.37
G1 F3544 X105.52 Y181.55 Z18 E33.35
G1 F3546 X106.06 Y178.64 Z18 E33.37
G1 F3545 X106.43 Y175.71 Z18 E33.36
G1 F3545 X106.64 Y172.76 Z18 E33.36
G1 F3545 X106.69 Y169.8 Z18 E33.36
G1 F3545 X106.58 Y166.84 Z18 E33.36
G1 F3545 X106.31 Y163.9 Z18 E33.36
G1 F3544 X105.89 Y160.97 Z18 E33.35
G1 F3547 X105.26 Y158.08 Z18 E33.37
G1 F3543 X104.56 Y155.21 Z18 E33.34
G1 F3547 X103.67 Y152.39 Z18 E33.37
G1 F3543 X102.69 Y149.6 Z18 E33.34
G1 F3547 X101.54 Y146.88 Z18 E33.37
G1 F3544 X100.3 Y144.18 Z18 E33.35
G1 F3547 X98.92 Y141.57 Z18 E33.37
G1 F3544 X97.46 Y139 Z18 E33.35
G1 F3547 X95.87 Y136.51 Z18 E33.37
G1 F3544 X94.21 Y134.05 Z18 E33.35
G1 F3547 X92.42 Y131.71 Z18 E33.37
G1 F3547 X90.55 Y129.41 Z18 E33.37
G1 F3544 X88.69 Y127.11 Z18 E33.35
G1 F3547 X86.71 Y124.91 Z18 E33.37
G1 F3547 X84.67 Y122.77 Z18 E33.37
G1 F3547 X82.64 Y120.62 Z18 E33.37
G1 F3547 X80.6 Y118.48 Z18 E33.37
G1 F3547 X78.56 Y116.33 Z18 E33.37
G1 F3544 X76.52 Y114.19 Z18 E33.35
G1 F3547 X74.62 Y111.93 Z18 E33.37
G1 F3547 X72.77 Y109.62 Z18 E33.37
G1 F3544 X70.92 Y107.3 Z18 E33.35
G1 F3547 X69.22 Y104.89 Z18 E33.37
G1 F3544 X67.58 Y102.42 Z18 E33.35
G1 F3547 X66.08 Y99.88 Z18 E33.37
G1 F3544 X64.65 Y97.29 Z18 E33.35
G1 F3547 X63.36 Y94.62 Z18 E33.37
G1 F3543 X62.16 Y91.92 Z18 E33.34
G1 F3547 X61.12 Y89.16 Z18 E33.37
G1 F3544 X60.17 Y86.35 Z18 E33.35
G1 F3545 X59.36 Y83.51 Z18 E33.36
G1 F3544 X58.74 Y80.62 Z18 E33.35
G1 F3536 X58.32 Y77.69 Z18 E33.28
G1 F3428 X58.3 Y74.74 Z18 E32.26
G1 F3404 X59.45 Y72.12 Z18 E32.03
G1 F3522 X61.88 Y70.65 Z18 E33.14
G1 F3545 X64.77 Y70.14 Z18 E33.36
G1 F3546 X67.72 Y70 Z18 E33.37
G1 F3547 X70.68 Y69.98 Z18 E33.37
G1 F3547 X73.64 Y69.98 Z18 E33.37
G1 F3547 X76.6 Y69.98 Z18 E33.37
G1 F3547 X79.56 Y69.98 Z18 E33.37
G1 F3547 X82.52 Y69.98 Z18 E33.37
G1 F3547 X85.48 Y69.99 Z18 E33.37
G1 F3547 X88.44 Y69.99 Z18 E33.37
G1 F3547 X91.39 Y69.99 Z18 E33.37
G1 F3547 X94.35 Y69.99 Z18 E33.37
G1 F3547 X97.31 Y69.99 Z18 E33.37
G1 F3547 X100.27 Y69.99 Z18 E33.37
G1 F3547 X103.23 Y69.99 Z18 E33.37
G1 F3547 X106.19 Y69.99 Z18 E33.37
G1 F3547 X109.15 Y69.99 Z18 E33.37
G1 F3547 X112.11 Y69.99 Z18 E33.37
G1 F3547 X115.06 Y70 Z18 E33.37
G1 F3547 X118.02 Y70 Z18 E33.37
G1 F3547 X120.98 Y70 Z18 E33.37
G1 F3547 X123.94 Y70 Z18 E33.37
G1 F3547 X126.9 Y70 Z18 E33.37
G1 F3547 X129.86 Y70 Z18 E33.37
G1 F3547 X132.82 Y70 Z18 E33.37
G1 F3547 X135.77 Y70 Z18 E33.37
G1 F3547 X138.73 Y70 Z18 E33.37
G1 F3547 X141.69 Y70.01 Z18 E33.37
G1 F3547 X144.65 Y70.01 Z18 E33.37
G1 F3547 X147.61 Y70.01 Z18 E33.37
G1 F3547 X150.57 Y70.01 Z18 E33.37
G1 F3545 X153.53 Y70.01 Z18 E33.36
G1 F3539 X156.48 Y70.11 Z18 E33.31
G1 F3484 X159.41 Y70.53 Z18 E32.78
G1 F3348 X162.03 Y71.79 Z18 E31.51
G1 F3513 X163.36 Y74.24 Z18 E33.06
G1 F3541 X163.54 Y77.17 Z18 E33.32
G1 F3545 X163.21 Y80.1 Z18 E33.36
G1 F3545 X162.62 Y83 Z18 E33.36
G1 F3544 X161.86 Y85.86 Z18 E33.35
G1 F3547 X160.91 Y88.66 Z18 E33.37
G1 F3543 X159.9 Y91.44 Z18 E33.34
G1 F3547 X158.71 Y94.15 Z18 E33.37
G1 F3544 X157.45 Y96.83 Z18 E33.35
G1 F3547 X156.04 Y99.42 Z18 E33.37
G1 F3544 X154.55 Y101.98 Z18 E33.35
G1 F3547 X152.93 Y104.46 Z18 E33.37
G1 F3544 X151.26 Y106.89 Z18 E33.35
G1 F3547 X149.44 Y109.23 Z18 E33.37
G1 F3547 X147.56 Y111.51 Z18 E33.37
G1 F3544 X145.68 Y113.79 Z18 E33.35
G1 F3547 X143.68 Y115.98 Z18 E33.37
G1 F3547 X141.64 Y118.11 Z18 E33.37
G1 F3547 X139.59 Y120.25 Z18 E33.37
G1 F3547 X137.54 Y122.38 Z18 E33.37
G1 F3545 X135.49 Y124.52 Z18 E33.36
G1 F3547 X133.54 Y126.74 Z18 E33.37
G1 F3547 X131.64 Y129.01 Z18 E33.37
G1 F3544 X129.74 Y131.28 Z18 E33.35
G1 F3547 X127.97 Y133.65 Z18 E33.37
G1 F3544 X126.27 Y136.07 Z18 E33.35
G1 F3547 X124.7 Y138.57 Z18 E33.37
G1 F3544 X123.19 Y141.11 Z18 E33.35
G1 F3547 X121.82 Y143.73 Z18 E33.37
G1 F3543 X120.52 Y146.39 Z18 E33.34
G1 F3547 X119.39 Y149.12 Z18 E33.37
G1 F3543 X118.34 Y151.89 Z18 E33.34
G1 F3547 X117.47 Y154.72 Z18 E33.37
G1 F3544 X116.7 Y157.57 Z18 E33.35
G1 F3545 X116.07 Y160.46 Z18 E33.36
G1 F3545 X115.61 Y163.38 Z18 E33.36
G1 F3545 X115.32 Y166.33 Z18 E33.36
G1 F3545 X115.18 Y169.28 Z18 E33.36
G1 F3545 X115.2 Y172.24 Z18 E33.36
G1 F3545 X115.38 Y175.19 Z18 E33.36
G1 F3545 X115.72 Y178.13 Z18 E33.36
G1 F3544 X116.21 Y181.04 Z18 E33.35
G1 F3547 X116.9 Y183.92 Z18 E33.37
G1 F3543 X117.68 Y186.78 Z18 E33.34
G1 F3547 X118.62 Y189.58 Z18 E33.37
G1 F3543 X119.67 Y192.34 Z18 E33.34
G1 F3547 X120.87 Y195.05 Z18 E33.37
G1 F3544 X122.16 Y197.71 Z18 E33.35
G1 F3547 X123.59 Y200.29 Z18 E33.37
G1 F3544 X125.1 Y202.84 Z18 E33.35
G1 F3547 X126.73 Y205.31 Z18 E33.37
G1 F3543 X128.43 Y207.73 Z18 E33.35
G1 F3547 X130.25 Y210.06 Z18 E33.37
G1 F3547 X132.15 Y212.32 Z18 E33.37
G1 F3545 X134.05 Y214.59 Z18 E33.36
G1 F3547 X136.04 Y216.78 Z18 E33.37
G1 F3547 X138.09 Y218.92 Z18 E33.37
G1 F3547 X140.13 Y221.05 Z18 E33.37
G1 F3547 X142.18 Y223.19 Z18 E33.37
G1 F3544 X144.23 Y225.32 Z18 E33.35
G1 F3547 X146.18 Y227.55 Z18 E33.37
G1 F3547 X148.06 Y229.83 Z18 E33.37
G1 F3543 X149.94 Y232.11 Z18 E33.34
G1 F3547 X151.7 Y234.49 Z18 E33.37
G1 F3544 X153.38 Y236.92 Z18 E33.35
G1 F3547 X154.95 Y239.43 Z18 E33.37
G1 F3543 X156.43 Y241.99 Z18 E33.35
G1 F3547 X157.79 Y244.62 Z18 E33.37
G1 F3543 X159.05 Y247.29 Z18 E33.34
G1 F3547 X160.17 Y250.03 Z18 E33.37
G1 F3542 X161.18 Y252.81 Z18 E33.34
G1 F3547 X162.04 Y255.64 Z18 E33.37
G1 F3544 X162.77 Y258.5 Z18 E33.35
G1 F3545 X163.38 Y261.4 Z18 E33.36
G1 F3545 X163.8 Y264.32 Z18 E33.36
G1 F3545 X164.07 Y267.27 Z18 E33.36
G1 F3545 X164.18 Y270.23 Z18 E33.36
G1 F3545 X164.13 Y273.18 Z18 E33.36
G1 F3545 X163.92 Y276.13 Z18 E33.36
G1 F3545 X163.55 Y279.07 Z18 E33.36
G1 F3544 X163.03 Y281.98 Z18 E33.35
G1 F3547 X162.32 Y284.85 Z18 E33.37
G1 F3542 X161.52 Y287.7 Z18 E33.34
G1 F3547 X160.56 Y290.49 Z18 E33.37
G1 F3543 X159.48 Y293.25 Z18 E33.34
G1 F3547 X158.26 Y295.94 Z18 E33.37
G1 F3544 X156.94 Y298.59 Z18 E33.35
G1 F3547 X155.5 Y301.17 Z18 E33.37
G1 F3544 X153.97 Y303.7 Z18 E33.35
G1 F3547 X152.33 Y306.16 Z18 E33.37
G1 F3543 X150.61 Y308.57 Z18 E33.35
G1 F3547 X148.78 Y310.89 Z18 E33.37
G1 F3547 X146.86 Y313.15 Z18 E33.37
G1 F3545 X144.95 Y315.4 Z18 E33.36
G1 F3547 X142.96 Y317.59 Z18 E33.37
G1 F3547 X140.91 Y319.73 Z18 E33.37
G1 F3547 X138.87 Y321.87 Z18 E33.37
G1 F3547 X136.82 Y324 Z18 E33.37
G1 F3544 X134.78 Y326.14 Z18 E33.35
G1 F3547 X132.83 Y328.37 Z18 E33.37
G1 F3547 X130.97 Y330.66 Z18 E33.37
G1 F3543 X129.1 Y332.96 Z18 E33.34
G1 F3547 X127.35 Y335.34 Z18 E33.37
G1 F3544 X125.69 Y337.79 Z18 E33.35
G1 F3547 X124.14 Y340.31 Z18 E33.37
G1 F3543 X122.68 Y342.88 Z18 E33.34
G1 F3547 X121.34 Y345.52 Z18 E33.37
G1 F3543 X120.1 Y348.2 Z18 E33.34
G1 F3547 X119 Y350.95 Z18 E33.37
G1 F3542 X118.01 Y353.74 Z18 E33.33
G1 F3547 X117.18 Y356.57 Z18 E33.37
G1 F3544 X116.48 Y359.45 Z18 E33.35
G1 F3545 X115.89 Y362.34 Z18 E33.36
G1 F3545 X115.5 Y365.27 Z18 E33.36
G1 F3545 X115.26 Y368.22 Z18 E33.36
G1 F3545 X115.18 Y371.18 Z18 E33.36
G1 F3545 X115.26 Y374.14 Z18 E33.36
G1 F3545 X115.5 Y377.08 Z18 E33.36
G1 F3544 X115.89 Y380.01 Z18 E33.35
G1 F3547 X116.48 Y382.91 Z18 E33.37
G1 F3542 X117.17 Y385.79 Z18 E33.33
G1 F3547 X118.01 Y388.62 Z18 E33.37
G1 F3543 X118.99 Y391.41 Z18 E33.34
G1 F3547 X120.1 Y394.16 Z18 E33.37
G1 F3543 X121.33 Y396.85 Z18 E33.34
G1 F3547 X122.67 Y399.48 Z18 E33.37
G1 F3544 X124.13 Y402.05 Z18 E33.35
G1 F3547 X125.69 Y404.57 Z18 E33.37
G1 F3543 X127.34 Y407.02 Z18 E33.34
G1 F3547 X129.1 Y409.4 Z18 E33.37
G1 F3547 X130.96 Y411.7 Z18 E33.37
G1 F3544 X132.82 Y414 Z18 E33.35
G1 F3547 X134.77 Y416.22 Z18 E33.37
G1 F3547 X136.81 Y418.37 Z18 E33.37
G1 F3547 X138.84 Y420.51 Z18 E33.37
G1 F3547 X140.88 Y422.66 Z18 E33.37
G1 F3547 X142.92 Y424.8 Z18 E33.37
G1 F3543 X144.96 Y426.95 Z18 E33.34
G1 F3547 X146.9 Y429.17 Z18 E33.37
G1 F3547 X148.75 Y431.49 Z18 E33.37
G1 F3543 X150.59 Y433.8 Z18 E33.34
G1 F3547 X152.34 Y436.18 Z18 E33.37
G1 F3544 X153.97 Y438.65 Z18 E33.35
G1 F3547 X155.51 Y441.17 Z18 E33.37
G1 F3543 X156.95 Y443.76 Z18 E33.34
G1 F3547 X158.27 Y446.4 Z18 E33.37
G1 F3543 X159.48 Y449.1 Z18 E33.34
G1 F3547 X160.56 Y451.85 Z18 E33.37
G1 F3544 X161.51 Y454.66 Z18 E33.35
G1 F3545 X162.36 Y457.49 Z18 E33.36
G1 F3544 X163.02 Y460.37 Z18 E33.35
G1 F3535 X163.48 Y463.29 Z18 E33.27
G1 F3415 X163.59 Y466.24 Z18 E32.13
G1 F3379 X162.74 Y468.96 Z18 E31.79
G1 F3517 X160.52 Y470.7 Z18 E33.1
G1 F3544 X157.66 Y471.35 Z18 E33.35
G1 F3546 X154.71 Y471.53 Z18 E33.37
G1 F3547 X151.75 Y471.56 Z18 E33.37
G1 F3547 X148.79 Y471.57 Z18 E33.37
G1 F3547 X145.83 Y471.57 Z18 E33.37
G1 F3547 X142.87 Y471.57 Z18 E33.37
G1 F3547 X139.91 Y471.57 Z18 E33.37
G1 F3547 X136.96 Y471.57 Z18 E33.37
G1 F3547 X134 Y471.58 Z18 E33.37
G1 F3547 X131.04 Y471.58 Z18 E33.37
G1 F3547 X128.08 Y471.58 Z18 E33.37
G1 F3547 X125.12 Y471.58 Z18 E33.37
G1 F3543 X122.16 Y471.58 Z18 E33.34
G1 F3511 X119.21 Y471.58 Z18.03 E33.04
G1 F3511 X116.43 Y471.58 Z18.97 E33.04
G1 F3541 X113.67 Y471.58 Z19.95 E33.32
G1 F3547 X110.72 Y471.58 Z20 E33.37
G1 F3547 X107.76 Y471.58 Z20 E33.37
G1 F3547 X104.8 Y471.58 Z20 E33.37
G1 F3547 X101.84 Y471.57 Z20 E33.37
G1 F3547 X98.88 Y471.57 Z20 E33.37
G1 F3547 X95.92 Y471.57 Z20 E33.37
G1 F3547 X92.96 Y471.56 Z20 E33.37
G1 F3547 X90 Y471.56 Z20 E33.37
G1 F3547 X87.05 Y471.56 Z20 E33.37
G1 F3547 X84.09 Y471.56 Z20 E33.37
G1 F3547 X81.13 Y471.55 Z20 E33.37
G1 F3547 X78.17 Y471.55 Z20 E33.37
G1 F3547 X75.21 Y471.55 Z20 E33.37
G1 F3547 X72.25 Y471.54 Z20 E33.37
G1 F3546 X69.29 Y471.54 Z20 E33.37
G1 F3542 X66.34 Y471.44 Z20 E33.33
G1 F3502 X63.41 Y471.04 Z20 E32.96
G1 F3381 X60.76 Y469.81 Z20 E31.81
G1 F3513 X59.44 Y467.32 Z20 E33.06
G1 F3542 X59.26 Y464.4 Z20 E33.33
G1 F3545 X59.59 Y461.46 Z20 E33.36
G1 F3546 X60.17 Y458.56 Z20 E33.37
G1 F3545 X60.91 Y455.7 Z20 E33.36
G1 F3547 X61.85 Y452.89 Z20 E33.37
G1 F3544 X62.83 Y450.1 Z20 E33.35
G1 F3547 X64.01 Y447.39 Z20 E33.37
G1 F3544 X65.24 Y444.7 Z20 E33.35
G1 F3547 X66.65 Y442.1 Z20 E33.37
G1 F3545 X68.1 Y439.52 Z20 E33.36
G1 F3547 X69.71 Y437.04 Z20 E33.37
G1 F3544 X71.36 Y434.58 Z20 E33.35
G1 F3547 X73.17 Y432.24 Z20 E33.37
G1 F3547 X75.02 Y429.94 Z20 E33.37
G1 F3545 X76.88 Y427.63 Z20 E33.36
G1 F3547 X78.86 Y425.44 Z20 E33.37
G1 F3547 X80.87 Y423.27 Z20 E33.37
G1 F3547 X82.88 Y421.1 Z20 E33.37
G1 F3547 X84.9 Y418.93 Z20 E33.37
G1 F3547 X86.91 Y416.76 Z20 E33.37
G1 F3545 X88.92 Y414.59 Z20 E33.36
G1 F3547 X90.8 Y412.31 Z20 E33.37
G1 F3545 X92.64 Y410 Z20 E33.36
G1 F3547 X94.36 Y407.58 Z20 E33.37
G1 F3545 X96.04 Y405.15 Z20 E33.36
G1 F3547 X97.57 Y402.62 Z20 E33.37
G1 F3545 X99.06 Y400.06 Z20 E33.36
G1 F3547 X100.37 Y397.41 Z20 E33.37
G1 F3544 X101.65 Y394.74 Z20 E33.35
G1 F3547 X102.73 Y391.99 Z20 E33.37
G1 F3544 X103.75 Y389.22 Z20 E33.35
G1 F3547 X104.57 Y386.37 Z20 E33.37
G1 F3544 X105.33 Y383.51 Z20 E33.35
G1 F3547 X105.85 Y380.6 Z20 E33.37
G1 F3545 X106.31 Y377.68 Z20 E33.36
G1 F3546 X106.6 Y374.74 Z20 E33.37
G1 F3546 X106.71 Y371.78 Z20 E33.37
G1 F3546 X106.66 Y368.82 Z20 E33.37
G1 F3546 X106.46 Y365.87 Z20 E33.37
G1 F3545 X106.1 Y362.94 Z20 E33.36
G1 F3547 X105.53 Y360.04 Z20 E33.37
G1 F3544 X104.92 Y357.14 Z20 E33.35
G1 F3547 X104.08 Y354.31 Z20 E33.37
G1 F3544 X103.18 Y351.49 Z20 E33.35
G1 F3547 X102.08 Y348.74 Z20 E33.37
G1 F3544 X100.93 Y346.02 Z20 E33.35
G1 F3547 X99.59 Y343.38 Z20 E33.37
G1 F3545 X98.21 Y340.77 Z20 E33.36
G1 F3547 X96.66 Y338.25 Z20 E33.37
G1 F3545 X95.07 Y335.75 Z20 E33.36
G1 F3547 X93.34 Y333.35 Z20 E33.37
G1 F3545 X91.58 Y330.97 Z20 E33.36
G1 F3547 X89.69 Y328.7 Z20 E33.37
G1 F3546 X87.78 Y326.44 Z20 E33.37
G1 F3547 X85.77 Y324.27 Z20 E33.37
G1 F3547 X83.75 Y322.11 Z20 E33.37
G1 F3547 X81.72 Y319.95 Z20 E33.37
G1 F3547 X79.7 Y317.79 Z20 E33.37
G1 F3545 X77.67 Y315.64 Z20 E33.36
G1 F3547 X75.78 Y313.36 Z20 E33.37
G1 F3547 X73.93 Y311.06 Z20 E33.37
G1 F3544 X72.07 Y308.75 Z20 E33.35
G1 F3547 X70.39 Y306.32 Z20 E33.37
G1 F3545 X68.74 Y303.87 Z20 E33.36
G1 F3547 X67.25 Y301.31 Z20 E33.37
G1 F3545 X65.79 Y298.74 Z20 E33.36
G1 F3547 X64.52 Y296.07 Z20 E33.37
G1 F3544 X63.28 Y293.38 Z20 E33.35
G1 F3547 X62.25 Y290.61 Z20 E33.37
G1 F3544 X61.27 Y287.82 Z20 E33.35
G1 F3547 X60.51 Y284.96 Z20 E33.37
G1 F3544 X59.8 Y282.09 Z20 E33.35
G1 F3547 X59.33 Y279.17 Z20 E33.37
G1 F3545 X58.92 Y276.24 Z20 E33.36
G1 F3546 X58.69 Y273.29 Z20 E33.37
G1 F3546 X58.64 Y270.33 Z20 E33.37
G1 F3546 X58.74 Y267.38 Z20 E33.37
G1 F3545 X59 Y264.43 Z20 E33.36
G1 F3547 X59.47 Y261.51 Z20 E33.37
G1 F3544 X59.98 Y258.6 Z20 E33.35
G1 F3547 X60.73 Y255.74 Z20 E33.37
G1 F3544 X61.54 Y252.89 Z20 E33.35
G1 F3547 X62.56 Y250.11 Z20 E33.37
G1 F3544 X63.63 Y247.36 Z20 E33.36
G1 F3547 X64.89 Y244.68 Z20 E33.37
G1 F3545 X66.2 Y242.03 Z20 E33.36
G1 F3547 X67.69 Y239.47 Z20 E33.37
G1 F3545 X69.21 Y236.94 Z20 E33.36
G1 F3547 X70.89 Y234.5 Z20 E33.37
G1 F3545 X72.59 Y232.08 Z20 E33.36
G1 F3547 X74.46 Y229.79 Z20 E33.37
G1 F3547 X76.36 Y227.52 Z20 E33.37
G1 F3546 X78.27 Y225.26 Z20 E33.37
G1 F3547 X80.27 Y223.08 Z20 E33.37
G1 F3547 X82.29 Y220.92 Z20 E33.37
G1 F3547 X84.31 Y218.76 Z20 E33.37
G1 F3547 X86.33 Y216.6 Z20 E33.37
G1 F3545 X88.35 Y214.44 Z20 E33.36
G1 F3547 X90.22 Y212.14 Z20 E33.37
G1 F3547 X92.05 Y209.82 Z20 E33.37
G1 F3545 X93.88 Y207.49 Z20 E33.36
G1 F3547 X95.53 Y205.04 Z20 E33.37
G1 F3545 X97.15 Y202.56 Z20 E33.36
G1 F3547 X98.6 Y199.99 Z20 E33.37
G1 F3545 X100.02 Y197.39 Z20 E33.36
G1 F3547 X101.25 Y194.7 Z20 E33.37
G1 F3544 X102.45 Y191.99 Z20 E33.35
G1 F3547 X103.43 Y189.21 Z20 E33.37
G1 F3544 X104.37 Y186.4 Z20 E33.35
G1 F3547 X105.08 Y183.53 Z20 E33.37
G1 F3544 X105.74 Y180.65 Z20 E33.35
G1 F3547 X106.15 Y177.72 Z20 E33.37
G1 F3545 X106.51 Y174.78 Z20 E33.36
G1 F3546 X106.68 Y171.83 Z20 E33.37
G1 F3546 X106.68 Y168.87 Z20 E33.37
G1 F3546 X106.53 Y165.92 Z20 E33.37
G1 F3545 X106.21 Y162.98 Z20 E33.36
G1 F3547 X105.69 Y160.07 Z20 E33.37
G1 F3544 X105.12 Y157.16 Z20 E33.35
G1 F3547 X104.32 Y154.31 Z20 E33.37
G1 F3544 X103.47 Y151.48 Z20 E33.35
G1 F3547 X102.4 Y148.72 Z20 E33.37
G1 F3545 X101.29 Y145.98 Z20 E33.36
G1 F3547 X99.98 Y143.33 Z20 E33.37
G1 F3545 X98.63 Y140.7 Z20 E33.36
G1 F3547 X97.11 Y138.16 Z20 E33.37
G1 F3545 X95.56 Y135.64 Z20 E33.36
G1 F3547 X93.85 Y133.23 Z20 E33.37
G1 F3545 X92.11 Y130.83 Z20 E33.36
G1 F3547 X90.22 Y128.56 Z20 E33.37
G1 F3547 X88.29 Y126.32 Z20 E33.37
G1 F3546 X86.36 Y124.07 Z20 E33.37
G1 F3547 X84.34 Y121.91 Z20 E33.37
G1 F3547 X82.31 Y119.76 Z20 E33.37
G1 F3547 X80.27 Y117.62 Z20 E33.37
G1 F3545 X78.24 Y115.47 Z20 E33.36
G1 F3547 X76.33 Y113.2 Z20 E33.37
G1 F3547 X74.46 Y110.92 Z20 E33.37
G1 F3545 X72.58 Y108.63 Z20 E33.36
G1 F3547 X70.87 Y106.22 Z20 E33.37
G1 F3545 X69.19 Y103.78 Z20 E33.36
G1 F3547 X67.67 Y101.24 Z20 E33.37
G1 F3545 X66.19 Y98.69 Z20 E33.36
G1 F3547 X64.88 Y96.03 Z20 E33.37
G1 F3545 X63.61 Y93.36 Z20 E33.36
G1 F3547 X62.55 Y90.6 Z20 E33.37
G1 F3544 X61.52 Y87.83 Z20 E33.35
G1 F3547 X60.73 Y84.98 Z20 E33.37
G1 F3545 X59.98 Y82.11 Z20 E33.36
G1 F3544 X59.45 Y79.21 Z20 E33.35
G1 F3533 X59.2 Y76.26 Z20 E33.25
G1 F3460 X59.61 Y73.34 Z20 E32.56
G1 F3503 X61.54 Y71.19 Z20 E32.97
G1 F3541 X64.32 Y70.3 Z20 E33.32
G1 F3546 X67.26 Y70.04 Z20 E33.37
G1 F3547 X70.22 Y70.02 Z20 E33.37
G1 F3547 X73.18 Y70.02 Z20 E33.37
G1 F3547 X76.14 Y70.02 Z20 E33.37
G1 F3547 X79.1 Y70.01 Z20 E33.37
G1 F3547 X82.06 Y70.01 Z20 E33.37
G1 F3547 X85.02 Y70.01 Z20 E33.37
G1 F3547 X87.98 Y70.01 Z20 E33.37
G1 F3547 X90.93 Y70.01 Z20 E33.37
G1 F3547 X93.89 Y70 Z20 E33.37
G1 F3547 X96.85 Y70 Z20 E33.37
G1 F3547 X99.81 Y70 Z20 E33.37
G1 F3547 X102.77 Y70 Z20 E33.37
G1 F3547 X105.73 Y69.99 Z20 E33.37
G1 F3547 X108.69 Y69.99 Z20 E33.37
G1 F3547 X111.65 Y69.99 Z20 E33.37
G1 F3547 X114.6 Y69.99 Z20 E33.37
G1 F3547 X117.56 Y69.98 Z20 E33.37
G1 F3547 X120.52 Y69.98 Z20 E33.37
G1 F3547 X123.48 Y69.98 Z20 E33.37
G1 F3547 X126.44 Y69.98 Z20 E33.37
G1 F3547 X129.4 Y69.98 Z20 E33.37
G1 F3547 X132.36 Y69.97 Z20 E33.37
G1 F3547 X135.31 Y69.97 Z20 E33.37
G1 F3547 X138.27 Y69.97 Z20 E33.37
G1 F3547 X141.23 Y69.97 Z20 E33.37
G1 F3547 X144.19 Y69.96 Z20 E33.37
G1 F3546 X147.15 Y69.96 Z20 E33.37
G1 F3547 X150.11 Y70.02 Z20 E33.37
G1 F3547 X153.07 Y70.07 Z20 E33.37
G1 F3543 X156.02 Y70.13 Z20 E33.34
G1 F3527 X158.95 Y70.58 Z20 E33.19
G1 F3486 X161.54 Y71.98 Z20 E32.81
G1 F3536 X162.58 Y74.69 Z20 E33.28
G1 F3545 X162.6 Y77.64 Z20 E33.36
G1 F3546 X162.21 Y80.57 Z20 E33.37
G1 F3546 X161.6 Y83.47 Z20 E33.37
G1 F3546 X160.83 Y86.32 Z20 E33.37
G1 F3547 X159.85 Y89.12 Z20 E33.37
G1 F3546 X158.87 Y91.91 Z20 E33.37
G1 F3547 X157.65 Y94.6 Z20 E33.37
G1 F3546 X156.42 Y97.29 Z20 E33.37
G1 F3547 X154.97 Y99.88 Z20 E33.37
G1 F3546 X153.52 Y102.45 Z20 E33.37
G1 F3547 X151.88 Y104.92 Z20 E33.37
G1 F3546 X150.23 Y107.37 Z20 E33.37
G1 F3547 X148.39 Y109.69 Z20 E33.37
G1 F3547 X146.53 Y111.99 Z20 E33.37
G1 F3546 X144.68 Y114.3 Z20 E33.37
G1 F3547 X142.67 Y116.47 Z20 E33.37
G1 F3547 X140.66 Y118.64 Z20 E33.37
G1 F3547 X138.65 Y120.81 Z20 E33.37
G1 F3547 X136.64 Y122.98 Z20 E33.37
G1 F3547 X134.62 Y125.14 Z20 E33.37
G1 F3546 X132.61 Y127.31 Z20 E33.37
G1 F3547 X130.76 Y129.62 Z20 E33.37
G1 F3546 X128.91 Y131.94 Z20 E33.37
G1 F3547 X127.23 Y134.37 Z20 E33.37
G1 F3546 X125.55 Y136.8 Z20 E33.37
G1 F3547 X124.05 Y139.35 Z20 E33.37
G1 F3546 X122.56 Y141.91 Z20 E33.37
G1 F3547 X121.28 Y144.58 Z20 E33.37
G1 F3546 X120.01 Y147.25 Z20 E33.37
G1 F3547 X118.97 Y150.02 Z20 E33.37
G1 F3546 X117.94 Y152.79 Z20 E33.37
G1 F3547 X117.17 Y155.65 Z20 E33.37
G1 F3546 X116.42 Y158.51 Z20 E33.37
G1 F3547 X115.94 Y161.43 Z20 E33.37
G1 F3546 X115.47 Y164.35 Z20 E33.37
G1 F3546 X115.23 Y167.3 Z20 E33.37
G1 F3546 X115.15 Y170.26 Z20 E33.37
G1 F3546 X115.22 Y173.21 Z20 E33.37
G1 F3546 X115.45 Y176.16 Z20 E33.37
G1 F3546 X115.83 Y179.1 Z20 E33.37
G1 F3547 X116.44 Y181.99 Z20 E33.37
G1 F3546 X117.05 Y184.89 Z20 E33.37
G1 F3547 X117.94 Y187.71 Z20 E33.37
G1 F3546 X118.83 Y190.53 Z20 E33.37
G1 F3547 X119.98 Y193.26 Z20 E33.37
G1 F3546 X121.13 Y195.98 Z20 E33.37
G1 F3547 X122.51 Y198.6 Z20 E33.37
G1 F3546 X123.89 Y201.21 Z20 E33.37
G1 F3547 X125.47 Y203.72 Z20 E33.37
G1 F3546 X127.06 Y206.21 Z20 E33.37
G1 F3547 X128.82 Y208.59 Z20 E33.37
G1 F3546 X130.59 Y210.97 Z20 E33.37
G1 F3547 X132.5 Y213.22 Z20 E33.37
G1 F3546 X134.41 Y215.48 Z20 E33.37
G1 F3547 X136.43 Y217.64 Z20 E33.37
G1 F3547 X138.46 Y219.8 Z20 E33.37
G1 F3547 X140.48 Y221.95 Z20 E33.37
G1 F3547 X142.51 Y224.11 Z20 E33.37
G1 F3546 X144.54 Y226.27 Z20 E33.37
G1 F3547 X146.39 Y228.57 Z20 E33.37
G1 F3547 X148.25 Y230.87 Z20 E33.37
G1 F3546 X150.1 Y233.18 Z20 E33.37
G1 F3547 X151.76 Y235.63 Z20 E33.37
G1 F3546 X153.41 Y238.09 Z20 E33.37
G1 F3547 X154.86 Y240.66 Z20 E33.37
G1 F3546 X156.32 Y243.24 Z20 E33.37
G1 F3547 X157.56 Y245.93 Z20 E33.37
G1 F3546 X158.79 Y248.62 Z20 E33.37
G1 F3547 X159.78 Y251.4 Z20 E33.37
G1 F3546 X160.76 Y254.19 Z20 E33.37
G1 F3547 X161.48 Y257.06 Z20 E33.37
G1 F3546 X162.19 Y259.94 Z20 E33.37
G1 F3547 X162.61 Y262.87 Z20 E33.37
G1 F3546 X163.02 Y265.8 Z20 E33.37
G1 F3546 X163.21 Y268.75 Z20 E33.37
G1 F3546 X163.23 Y271.71 Z20 E33.37
G1 F3546 X163.11 Y274.66 Z20 E33.37
G1 F3546 X162.82 Y277.61 Z20 E33.37
G1 F3547 X162.31 Y280.52 Z20 E33.37
G1 F3546 X161.8 Y283.44 Z20 E33.37
G1 F3547 X161 Y286.28 Z20 E33.37
G1 F3546 X160.2 Y289.13 Z20 E33.37
G1 F3547 X159.13 Y291.89 Z20 E33.37
G1 F3546 X158.06 Y294.65 Z20 E33.37
G1 F3547 X156.75 Y297.3 Z20 E33.37
G1 F3546 X155.44 Y299.96 Z20 E33.37
G1 F3547 X153.92 Y302.5 Z20 E33.37
G1 F3546 X152.4 Y305.03 Z20 E33.37
G1 F3547 X150.7 Y307.45 Z20 E33.37
G1 F3546 X148.99 Y309.87 Z20 E33.37
G1 F3547 X147.09 Y312.13 Z20 E33.37
G1 F3547 X145.19 Y314.4 Z20 E33.37
G1 F3546 X143.28 Y316.67 Z20 E33.37
G1 F3547 X141.26 Y318.83 Z20 E33.37
G1 F3547 X139.24 Y320.99 Z20 E33.37
G1 F3547 X137.22 Y323.15 Z20 E33.37
G1 F3547 X135.2 Y325.31 Z20 E33.37
G1 F3546 X133.17 Y327.47 Z20 E33.37
G1 F3547 X131.34 Y329.79 Z20 E33.37
G1 F3547 X129.51 Y332.12 Z20 E33.37
G1 F3546 X127.69 Y334.44 Z20 E33.37
G1 F3547 X126.07 Y336.92 Z20 E33.37
G1 F3546 X124.45 Y339.4 Z20 E33.37
G1 F3547 X123.03 Y341.99 Z20 E33.37
G1 F3546 X121.61 Y344.59 Z20 E33.37
G1 F3547 X120.41 Y347.29 Z20 E33.37
G1 F3546 X119.22 Y350 Z20 E33.37
G1 F3547 X118.28 Y352.81 Z20 E33.37
G1 F3546 X117.34 Y355.61 Z20 E33.37
G1 F3547 X116.68 Y358.5 Z20 E33.37
G1 F3546 X116.02 Y361.38 Z20 E33.37
G1 F3547 X115.65 Y364.32 Z20 E33.37
G1 F3547 X115.29 Y367.25 Z20 E33.37
G1 F3547 X115.16 Y370.21 Z20 E33.37
G1 F3546 X115.19 Y373.17 Z20 E33.37
G1 F3547 X115.37 Y376.12 Z20 E33.38
G1 F3547 X115.71 Y379.06 Z20 E33.37
G1 F3547 X116.27 Y381.96 Z20 E33.37
G1 F3547 X116.84 Y384.87 Z20 E33.37
G1 F3546 X117.69 Y387.7 Z20 E33.37
G1 F3547 X118.54 Y390.54 Z20 E33.37
G1 F3546 X119.65 Y393.28 Z20 E33.37
G1 F3547 X120.76 Y396.02 Z20 E33.37
G1 F3546 X122.11 Y398.65 Z20 E33.37
G1 F3547 X123.46 Y401.29 Z20 E33.37
G1 F3546 X125.02 Y403.8 Z20 E33.37
G1 F3547 X126.57 Y406.32 Z20 E33.37
G1 F3546 X128.31 Y408.71 Z20 E33.37
G1 F3547 X130.05 Y411.11 Z20 E33.37
G1 F3547 X131.97 Y413.36 Z20 E33.37
G1 F3547 X133.9 Y415.6 Z20 E33.37
G1 F3547 X135.83 Y417.85 Z20 E33.37
G1 F3547 X137.86 Y419.99 Z20 E33.37
G1 F3547 X139.9 Y422.14 Z20 E33.37
G1 F3546 X141.93 Y424.29 Z20 E33.37
G1 F3547 X143.97 Y426.43 Z20 E33.37
G1 F3547 X145.85 Y428.72 Z20 E33.37
G1 F3546 X147.73 Y431.01 Z20 E33.37
G1 F3547 X149.6 Y433.29 Z20 E33.37
G1 F3546 X151.28 Y435.73 Z20 E33.37
G1 F3547 X152.96 Y438.17 Z20 E33.37
G1 F3546 X154.44 Y440.73 Z20 E33.37
G1 F3547 X155.93 Y443.29 Z20 E33.37
G1 F3546 X157.2 Y445.96 Z20 E33.37
G1 F3547 X158.47 Y448.63 Z20 E33.37
G1 F3546 X159.49 Y451.41 Z20 E33.37
G1 F3547 X160.52 Y454.18 Z20 E33.37
G1 F3546 X161.27 Y457.05 Z20 E33.37
G1 F3546 X162.01 Y459.91 Z20 E33.37
G1 F3545 X162.5 Y462.83 Z20 E33.36
G1 F3529 X162.69 Y465.78 Z20 E33.21
G1 F3523 X162.13 Y468.67 Z20 E33.15
G1 F3543 X159.93 Y470.62 Z20 E33.34
G1 F3546 X157.06 Y471.33 Z20 E33.37
G1 F3547 X154.11 Y471.52 Z20 E33.37
G1 F3547 X151.15 Y471.53 Z20 E33.37
G1 F3547 X148.19 Y471.53 Z20 E33.37
G1 F3547 X145.23 Y471.54 Z20 E33.37
G1 F3547 X142.27 Y471.54 Z20 E33.37
G1 F3547 X139.31 Y471.55 Z20 E33.37
G1 F3547 X136.36 Y471.55 Z20 E33.37
G1 F3547 X133.4 Y471.56 Z20 E33.37
G1 F3547 X130.44 Y471.56 Z20 E33.37
G1 F3547 X127.48 Y471.57 Z20 E33.37
G1 F3547 X124.52 Y471.57 Z20 E33.37
G1 F3534 X121.56 Y471.58 Z20 E33.26
G1 F3516 X118.62 Y471.58 Z20.14 E33.09
G1 F3503 X115.9 Y471.59 Z21.25 E32.97
G1 F3547 X113.07 Y471.58 Z22 E33.37
G1 F3547 X110.12 Y471.58 Z22 E33.37
G1 F3547 X107.16 Y471.57 Z22 E33.37
G1 F3547 X104.2 Y471.57 Z22 E33.37
G1 F3547 X101.24 Y471.57 Z22 E33.37
G1 F3547 X98.28 Y471.56 Z22 E33.37
G1 F3547 X95.32 Y471.56 Z22 E33.37
G1 F3547 X92.36 Y471.55 Z22 E33.37
G1 F3547 X89.4 Y471.55 Z22 E33.37
G1 F3547 X86.45 Y471.54 Z22 E33.37
G1 F3547 X83.49 Y471.54 Z22 E33.37
G1 F3547 X80.53 Y471.53 Z22 E33.37
G1 F3547 X77.57 Y471.53 Z22 E33.37
G1 F3547 X74.61 Y471.53 Z22 E33.37
G1 F3547 X71.65 Y471.52 Z22 E33.37
G1 F3546 X68.69 Y471.52 Z22 E33.37
G1 F3546 X65.74 Y471.32 Z22 E33.37
G1 F3529 X62.87 Y470.62 Z22 E33.21
G1 F3544 X60.68 Y468.65 Z22 E33.35
G1 F3546 X60.16 Y465.74 Z22 E33.37
G1 F3546 X60.33 Y462.79 Z22 E33.37
G1 F3546 X60.81 Y459.87 Z22 E33.37
G1 F3547 X61.47 Y456.99 Z22 E33.37
G1 F3546 X62.34 Y454.16 Z22 E33.37
G1 F3547 X63.22 Y451.33 Z22 E33.37
G1 F3546 X64.35 Y448.6 Z22 E33.37
G1 F3547 X65.49 Y445.87 Z22 E33.37
G1 F3546 X66.85 Y443.24 Z22 E33.37
G1 F3547 X68.22 Y440.62 Z22 E33.37
G1 F3546 X69.78 Y438.11 Z22 E33.37
G1 F3547 X71.35 Y435.6 Z22 E33.37
G1 F3546 X73.09 Y433.2 Z22 E33.37
G1 F3547 X74.83 Y430.82 Z22 E33.37
G1 F3546 X76.73 Y428.54 Z22 E33.37
G1 F3547 X78.63 Y426.27 Z22 E33.37
G1 F3547 X80.63 Y424.09 Z22 E33.37
G1 F3547 X82.63 Y421.92 Z22 E33.37
G1 F3547 X84.63 Y419.74 Z22 E33.37
G1 F3546 X86.64 Y417.56 Z22 E33.37
G1 F3547 X88.64 Y415.38 Z22 E33.37
G1 F3547 X90.46 Y413.05 Z22 E33.37
G1 F3546 X92.28 Y410.72 Z22 E33.37
G1 F3547 X94.11 Y408.39 Z22 E33.37
G1 F3546 X95.72 Y405.91 Z22 E33.37
G1 F3547 X97.33 Y403.43 Z22 E33.37
G1 F3546 X98.75 Y400.83 Z22 E33.37
G1 F3547 X100.17 Y398.23 Z22 E33.37
G1 F3546 X101.36 Y395.53 Z22 E33.37
G1 F3547 X102.56 Y392.82 Z22 E33.37
G1 F3546 X103.5 Y390.02 Z22 E33.37
G1 F3547 X104.45 Y387.21 Z22 E33.37
G1 F3546 X105.12 Y384.33 Z22 E33.37
G1 F3547 X105.79 Y381.45 Z22 E33.37
G1 F3546 X106.18 Y378.52 Z22 E33.37
G1 F3547 X106.56 Y375.58 Z22 E33.37
G1 F3546 X106.63 Y372.63 Z22 E33.37
G1 F3547 X106.71 Y369.67 Z22 E33.37
G1 F3547 X106.48 Y366.72 Z22 E33.37
G1 F3547 X106.24 Y363.77 Z22 E33.37
G1 F3547 X105.71 Y360.86 Z22 E33.38
G1 F3546 X105.18 Y357.95 Z22 E33.37
G1 F3547 X104.37 Y355.1 Z22 E33.37
G1 F3547 X103.55 Y352.26 Z22 E33.37
G1 F3547 X102.48 Y349.5 Z22 E33.37
G1 F3546 X101.4 Y346.75 Z22 E33.37
G1 F3547 X100.09 Y344.09 Z22 E33.37
G1 F3546 X98.78 Y341.44 Z22 E33.37
G1 F3547 X97.25 Y338.9 Z22 E33.37
G1 F3546 X95.73 Y336.37 Z22 E33.37
G1 F3547 X94.03 Y333.95 Z22 E33.37
G1 F3546 X92.33 Y331.53 Z22 E33.37
G1 F3547 X90.43 Y329.26 Z22 E33.37
G1 F3547 X88.53 Y326.99 Z22 E33.37
G1 F3546 X86.64 Y324.72 Z22 E33.37
G1 F3547 X84.62 Y322.55 Z22 E33.37
G1 F3547 X82.61 Y320.38 Z22 E33.37
G1 F3547 X80.6 Y318.21 Z22 E33.37
G1 F3546 X78.59 Y316.04 Z22 E33.37
G1 F3547 X76.73 Y313.74 Z22 E33.37
G1 F3547 X74.87 Y311.43 Z22 E33.37
G1 F3546 X73.01 Y309.13 Z22 E33.37
G1 F3547 X71.36 Y306.68 Z22 E33.37
G1 F3546 X69.7 Y304.23 Z22 E33.37
G1 F3547 X68.23 Y301.66 Z22 E33.37
G1 F3546 X66.77 Y299.09 Z22 E33.37
G1 F3547 X65.52 Y296.41 Z22 E33.37
G1 F3546 X64.27 Y293.72 Z22 E33.37
G1 F3547 X63.26 Y290.94 Z22 E33.37
G1 F3546 X62.26 Y288.16 Z22 E33.37
G1 F3547 X61.52 Y285.3 Z22 E33.37
G1 F3546 X60.78 Y282.43 Z22 E33.37
G1 F3547 X60.33 Y279.51 Z22 E33.37
G1 F3546 X59.88 Y276.58 Z22 E33.37
G1 F3547 X59.73 Y273.63 Z22 E33.37
G1 F3546 X59.59 Y270.67 Z22 E33.37
G1 F3547 X59.74 Y267.72 Z22 E33.37
G1 F3546 X59.9 Y264.76 Z22 E33.37
G1 F3547 X60.36 Y261.84 Z22 E33.37
G1 F3546 X60.82 Y258.92 Z22 E33.37
G1 F3547 X61.57 Y256.06 Z22 E33.37
G1 F3546 X62.32 Y253.19 Z22 E33.37
G1 F3547 X63.33 Y250.41 Z22 E33.37
G1 F3546 X64.35 Y247.64 Z22 E33.37
G1 F3547 X65.61 Y244.96 Z22 E33.37
G1 F3546 X66.87 Y242.28 Z22 E33.37
G1 F3547 X68.34 Y239.71 Z22 E33.37
G1 F3546 X69.81 Y237.15 Z22 E33.37
G1 F3547 X71.47 Y234.7 Z22 E33.37
G1 F3546 X73.14 Y232.25 Z22 E33.37
G1 F3547 X74.99 Y229.95 Z22 E33.37
G1 F3547 X76.86 Y227.65 Z22 E33.37
G1 F3546 X78.72 Y225.36 Z22 E33.37
G1 F3547 X80.72 Y223.17 Z22 E33.37
G1 F3547 X82.72 Y220.99 Z22 E33.37
G1 F3547 X84.72 Y218.81 Z22 E33.37
G1 F3547 X86.72 Y216.64 Z22 E33.37
G1 F3546 X88.73 Y214.46 Z22 E33.37
G1 F3547 X90.55 Y212.13 Z22 E33.37
G1 F3547 X92.36 Y209.79 Z22 E33.37
G1 F3546 X94.18 Y207.45 Z22 E33.37
G1 F3547 X95.79 Y204.97 Z22 E33.37
G1 F3546 X97.4 Y202.49 Z22 E33.37
G1 F3547 X98.81 Y199.89 Z22 E33.37
G1 F3546 X100.22 Y197.29 Z22 E33.37
G1 F3547 X101.42 Y194.58 Z22 E33.37
G1 F3546 X102.6 Y191.87 Z22 E33.37
G1 F3547 X103.54 Y189.07 Z22 E33.37
G1 F3546 X104.48 Y186.26 Z22 E33.37
G1 F3547 X105.15 Y183.38 Z22 E33.37
G1 F3546 X105.81 Y180.49 Z22 E33.37
G1 F3547 X106.18 Y177.56 Z22 E33.37
G1 F3546 X106.55 Y174.62 Z22 E33.37
G1 F3547 X106.63 Y171.67 Z22 E33.37
G1 F3546 X106.69 Y168.71 Z22 E33.37
G1 F3547 X106.45 Y165.76 Z22 E33.37
G1 F3546 X106.21 Y162.81 Z22 E33.37
G1 F3547 X105.68 Y159.9 Z22 E33.37
G1 F3546 X105.14 Y156.99 Z22 E33.37
G1 F3547 X104.32 Y154.15 Z22 E33.37
G1 F3546 X103.5 Y151.31 Z22 E33.37
G1 F3547 X102.42 Y148.55 Z22 E33.37
G1 F3546 X101.33 Y145.8 Z22 E33.37
G1 F3547 X100.02 Y143.15 Z22 E33.37
G1 F3546 X98.7 Y140.5 Z22 E33.37
G1 F3547 X97.18 Y137.96 Z22 E33.37
G1 F3546 X95.65 Y135.43 Z22 E33.37
G1 F3547 X93.95 Y133.01 Z22 E33.37
G1 F3546 X92.24 Y130.6 Z22 E33.37
G1 F3547 X90.34 Y128.33 Z22 E33.37
G1 F3547 X88.44 Y126.06 Z22 E33.37
G1 F3546 X86.53 Y123.8 Z22 E33.37
G1 F3547 X84.53 Y121.62 Z22 E33.37
G1 F3547 X82.51 Y119.45 Z22 E33.37
G1 F3547 X80.5 Y117.29 Z22 E33.37
G1 F3546 X78.49 Y115.12 Z22 E33.37
G1 F3547 X76.63 Y112.82 Z22 E33.37
G1 F3547 X74.78 Y110.51 Z22 E33.37
G1 F3546 X72.93 Y108.2 Z22 E33.37
G1 F3547 X71.27 Y105.75 Z22 E33.37
G1 F3546 X69.62 Y103.29 Z22 E33.37
G1 F3547 X68.16 Y100.72 Z22 E33.37
G1 F3546 X66.7 Y98.15 Z22 E33.37
G1 F3547 X65.45 Y95.46 Z22 E33.37
G1 F3546 X64.21 Y92.78 Z22 E33.37
G1 F3547 X63.21 Y89.99 Z22 E33.37
G1 F3546 X62.22 Y87.21 Z22 E33.37
G1 F3547 X61.48 Y84.34 Z22 E33.37
G1 F3546 X60.77 Y81.47 Z22 E33.37
G1 F3545 X60.3 Y78.55 Z22 E33.36
G1 F3538 X60.15 Y75.6 Z22 E33.29
G1 F3516 X60.83 Y72.73 Z22 E33.09
G1 F3541 X63.09 Y70.85 Z22 E33.32
G1 F3546 X65.97 Y70.19 Z22 E33.37
G1 F3546 X68.92 Y70.02 Z22 E33.37
G1 F3547 X71.88 Y70.01 Z22 E33.37
G1 F3547 X74.84 Y70.01 Z22 E33.37
G1 F3547 X77.8 Y70.01 Z22 E33.37
G1 F3547 X80.76 Y70.01 Z22 E33.37
G1 F3547 X83.71 Y70 Z22 E33.37
G1 F3547 X86.67 Y70 Z22 E33.37
G1 F3547 X89.63 Y70 Z22 E33.37
G1 F3547 X92.59 Y70 Z22 E33.37
G1 F3547 X95.55 Y70 Z22 E33.37
G1 F3547 X98.51 Y69.99 Z22 E33.37
G1 F3547 X101.47 Y69.99 Z22 E33.37
G1 F3547 X104.43 Y69.99 Z22 E33.37
G1 F3547 X107.38 Y69.99 Z22 E33.37
G1 F3547 X110.34 Y69.99 Z22 E33.37
G1 F3547 X113.3 Y69.98 Z22 E33.37
G1 F3547 X116.26 Y69.98 Z22 E33.37
G1 F3547 X119.22 Y69.98 Z22 E33.37
G1 F3547 X122.18 Y69.98 Z22 E33.37
G1 F3547 X125.14 Y69.97 Z22 E33.37
G1 F3547 X128.1 Y69.97 Z22 E33.37
G1 F3547 X131.05 Y69.97 Z22 E33.37
G1 F3547 X134.01 Y69.97 Z22 E33.37
G1 F3547 X136.97 Y69.97 Z22 E33.37
G1 F3547 X139.93 Y69.96 Z22 E33.37
G1 F3547 X142.89 Y69.96 Z22 E33.37
G1 F3547 X145.85 Y69.96 Z22 E33.37
G1 F3547 X148.81 Y70 Z22 E33.37
G1 F3547 X151.76 Y70.04 Z22 E33.37
G1 F3546 X154.72 Y70.08 Z22 E33.37
G1 F3542 X157.66 Y70.43 Z22 E33.33
G1 F3528 X160.37 Y71.61 Z22 E33.2
G1 F3546 X161.64 Y74.27 Z22 E33.37
G1 F3546 X161.71 Y77.22 Z22 E33.37
G1 F3546 X161.35 Y80.16 Z22 E33.37
G1 F3546 X160.77 Y83.06 Z22 E33.37
G1 F3547 X160.03 Y85.93 Z22 E33.37
G1 F3546 X159.09 Y88.73 Z22 E33.37
G1 F3547 X158.15 Y91.54 Z22 E33.37
G1 F3546 X156.96 Y94.25 Z22 E33.37
G1 F3547 X155.77 Y96.95 Z22 E33.37
G1 F3546 X154.35 Y99.55 Z22 E33.37
G1 F3547 X152.94 Y102.15 Z22 E33.37
G1 F3546 X151.33 Y104.63 Z22 E33.37
G1 F3547 X149.72 Y107.12 Z22 E33.37
G1 F3547 X147.9 Y109.45 Z22 E33.37
G1 F3546 X146.08 Y111.78 Z22 E33.37
G1 F3547 X144.25 Y114.11 Z22 E33.37
G1 F3547 X142.26 Y116.3 Z22 E33.37
G1 F3547 X140.27 Y118.49 Z22 E33.37
G1 F3547 X138.28 Y120.68 Z22 E33.37
G1 F3547 X136.29 Y122.87 Z22 E33.37
G1 F3547 X134.3 Y125.06 Z22 E33.37
G1 F3547 X132.31 Y127.25 Z22 E33.37
G1 F3547 X130.49 Y129.57 Z22 E33.37
G1 F3547 X128.66 Y131.9 Z22 E33.37
G1 F3547 X127 Y134.35 Z22 E33.37
G1 F3546 X125.34 Y136.8 Z22 E33.37
G1 F3547 X123.87 Y139.37 Z22 E33.37
G1 F3546 X122.4 Y141.93 Z22 E33.37
G1 F3547 X121.14 Y144.61 Z22 E33.37
G1 F3546 X119.89 Y147.29 Z22 E33.37
G1 F3547 X118.87 Y150.07 Z22 E33.37
G1 F3546 X117.86 Y152.85 Z22 E33.37
G1 F3547 X117.11 Y155.72 Z22 E33.37
G1 F3546 X116.37 Y158.58 Z22 E33.37
G1 F3547 X115.91 Y161.5 Z22 E33.37
G1 F3546 X115.45 Y164.42 Z22 E33.37
G1 F3547 X115.3 Y167.38 Z22 E33.37
G1 F3546 X115.14 Y170.33 Z22 E33.37
G1 F3546 X115.22 Y173.29 Z22 E33.37
G1 F3547 X115.52 Y176.23 Z22 E33.37
G1 F3546 X115.83 Y179.18 Z22 E33.37
G1 F3547 X116.43 Y182.07 Z22 E33.37
G1 F3546 X117.03 Y184.97 Z22 E33.37
G1 F3547 X117.91 Y187.8 Z22 E33.37
G1 F3546 X118.79 Y190.62 Z22 E33.37
G1 F3547 X119.92 Y193.35 Z22 E33.37
G1 F3546 X121.06 Y196.09 Z22 E33.37
G1 F3547 X122.42 Y198.71 Z22 E33.37
G1 F3546 X123.79 Y201.34 Z22 E33.37
G1 F3547 X125.35 Y203.85 Z22 E33.37
G1 F3546 X126.92 Y206.36 Z22 E33.37
G1 F3547 X128.66 Y208.75 Z22 E33.37
G1 F3546 X130.41 Y211.14 Z22 E33.37
G1 F3547 X132.3 Y213.41 Z22 E33.37
G1 F3546 X134.2 Y215.68 Z22 E33.37
G1 F3547 X136.2 Y217.86 Z22 E33.37
G1 F3547 X138.2 Y220.04 Z22 E33.37
G1 F3547 X140.21 Y222.21 Z22 E33.37
G1 F3547 X142.21 Y224.39 Z22 E33.37
G1 F3546 X144.21 Y226.57 Z22 E33.37
G1 F3547 X146.03 Y228.9 Z22 E33.37
G1 F3547 X147.86 Y231.23 Z22 E33.37
G1 F3546 X149.68 Y233.56 Z22 E33.37
G1 F3547 X151.29 Y236.04 Z22 E33.37
G1 F3546 X152.9 Y238.52 Z22 E33.37
G1 F3547 X154.32 Y241.12 Z22 E33.37
G1 F3546 X155.73 Y243.72 Z22 E33.37
G1 F3547 X156.93 Y246.43 Z22 E33.37
G1 F3546 X158.12 Y249.13 Z22 E33.37
G1 F3547 X159.07 Y251.94 Z22 E33.37
G1 F3546 X160.01 Y254.74 Z22 E33.37
G1 F3547 X160.69 Y257.62 Z22 E33.37
G1 F3546 X161.35 Y260.5 Z22 E33.37
G1 F3547 X161.74 Y263.44 Z22 E33.37
G1 F3546 X162.11 Y266.37 Z22 E33.37
G1 F3547 X162.19 Y269.33 Z22 E33.37
G1 F3546 X162.26 Y272.29 Z22 E33.37
G1 F3547 X162.03 Y275.24 Z22 E33.37
G1 F3546 X161.8 Y278.19 Z22 E33.37
G1 F3547 X161.27 Y281.1 Z22 E33.37
G1 F3546 X160.73 Y284.01 Z22 E33.37
G1 F3547 X159.93 Y286.85 Z22 E33.37
G1 F3546 X159.11 Y289.7 Z22 E33.37
G1 F3547 X158.04 Y292.45 Z22 E33.37
G1 F3546 X156.96 Y295.21 Z22 E33.37
G1 F3547 X155.65 Y297.86 Z22 E33.37
G1 F3546 X154.33 Y300.51 Z22 E33.37
G1 F3547 X152.82 Y303.05 Z22 E33.37
G1 F3546 X151.29 Y305.59 Z22 E33.37
G1 F3547 X149.59 Y308.01 Z22 E33.37
G1 F3546 X147.88 Y310.43 Z22 E33.37
G1 F3547 X145.99 Y312.7 Z22 E33.37
G1 F3547 X144.1 Y314.97 Z22 E33.37
G1 F3546 X142.2 Y317.24 Z22 E33.37
G1 F3547 X140.19 Y319.41 Z22 E33.37
G1 F3547 X138.18 Y321.58 Z22 E33.37
G1 F3547 X136.17 Y323.75 Z22 E33.37
G1 F3546 X134.16 Y325.92 Z22 E33.37
G1 F3547 X132.29 Y328.22 Z22 E33.37
G1 F3547 X130.44 Y330.53 Z22 E33.37
G1 F3546 X128.59 Y332.83 Z22 E33.37
G1 F3547 X126.92 Y335.28 Z22 E33.37
G1 F3546 X125.27 Y337.74 Z22 E33.37
G1 F3547 X123.8 Y340.3 Z22 E33.37
G1 F3546 X122.34 Y342.88 Z22 E33.37
G1 F3547 X121.09 Y345.56 Z22 E33.37
G1 F3546 X119.84 Y348.24 Z22 E33.37
G1 F3547 X118.83 Y351.02 Z22 E33.37
G1 F3546 X117.83 Y353.8 Z22 E33.37
G1 F3547 X117.09 Y356.67 Z22 E33.37
G1 F3546 X116.35 Y359.53 Z22 E33.37
G1 F3547 X115.9 Y362.46 Z22 E33.37
G1 F3546 X115.45 Y365.38 Z22 E33.37
G1 F3547 X115.3 Y368.34 Z22 E33.37
G1 F3546 X115.16 Y371.29 Z22 E33.37
G1 F3547 X115.31 Y374.25 Z22 E33.37
G1 F3546 X115.48 Y377.2 Z22 E33.37
G1 F3547 X115.93 Y380.12 Z22 E33.37
G1 F3546 X116.4 Y383.04 Z22 E33.37
G1 F3547 X117.14 Y385.91 Z22 E33.37
G1 F3546 X117.89 Y388.77 Z22 E33.37
G1 F3547 X118.9 Y391.55 Z22 E33.37
G1 F3546 X119.92 Y394.33 Z22 E33.37
G1 F3547 X121.17 Y397.01 Z22 E33.37
G1 F3546 X122.44 Y399.68 Z22 E33.37
G1 F3547 X123.9 Y402.25 Z22 E33.37
G1 F3546 X125.38 Y404.81 Z22 E33.37
G1 F3547 X127.04 Y407.26 Z22 E33.37
G1 F3546 X128.71 Y409.71 Z22 E33.37
G1 F3547 X130.56 Y412.01 Z22 E33.37
G1 F3547 X132.43 Y414.31 Z22 E33.37
G1 F3546 X134.3 Y416.6 Z22 E33.37
G1 F3547 X136.3 Y418.78 Z22 E33.37
G1 F3547 X138.3 Y420.96 Z22 E33.37
G1 F3547 X140.3 Y423.14 Z22 E33.37
G1 F3547 X142.3 Y425.32 Z22 E33.37
G1 F3546 X144.31 Y427.5 Z22 E33.37
G1 F3547 X146.13 Y429.82 Z22 E33.37
G1 F3547 X147.95 Y432.16 Z22 E33.37
G1 F3546 X149.76 Y434.5 Z22 E33.37
G1 F3547 X151.38 Y436.98 Z22 E33.37
G1 F3546 X152.98 Y439.46 Z22 E33.37
G1 F3547 X154.4 Y442.06 Z22 E33.37
G1 F3546 X155.8 Y444.66 Z22 E33.37
G1 F3547 X157 Y447.37 Z22 E33.37
G1 F3546 X158.17 Y450.08 Z22 E33.37
G1 F3547 X159.12 Y452.89 Z22 E33.37
G1 F3546 X160.05 Y455.7 Z22 E33.37
G1 F3546 X160.79 Y458.56 Z22 E33.37
G1 F3546 X161.36 Y461.46 Z22 E33.37
G1 F3544 X161.71 Y464.4 Z22 E33.35
G1 F3517 X161.63 Y467.36 Z22 E33.1
G1 F3519 X160.21 Y469.92 Z22 E33.11
G1 F3543 X157.52 Y471.11 Z22 E33.34
G1 F3546 X154.59 Y471.46 Z22 E33.37
G1 F3546 X151.63 Y471.56 Z22 E33.37
G1 F3547 X148.67 Y471.56 Z22 E33.37
G1 F3547 X145.72 Y471.56 Z22 E33.37
G1 F3547 X142.76 Y471.57 Z22 E33.37
G1 F3547 X139.8 Y471.57 Z22 E33.37
G1 F3547 X136.84 Y471.57 Z22 E33.37
G1 F3547 X133.88 Y471.57 Z22 E33.37
G1 F3547 X130.92 Y471.58 Z22 E33.37
G1 F3547 X127.96 Y471.58 Z22 E33.37
G1 F3547 X125 Y471.58 Z22 E33.37
G1 F3541 X122.05 Y471.58 Z22 E33.32
G1 F3511 X119.09 Y471.58 Z22.05 E33.04
G1 F3511 X116.33 Y471.58 Z23.03 E33.04
G1 F3543 X113.55 Y471.58 Z23.97 E33.34
G1 F3547 X110.6 Y471.58 Z24 E33.37
G1 F3547 X107.64 Y471.57 Z24 E33.37
G1 F3547 X104.68 Y471.57 Z24 E33.37
G1 F3547 X101.72 Y471.56 Z24 E33.37
G1 F3547 X98.76 Y471.55 Z24 E33.37
G1 F3547 X95.81 Y471.55 Z24 E33.37
G1 F3547 X92.85 Y471.54 Z24 E33.37
G1 F3547 X89.89 Y471.53 Z24 E33.37
G1 F3547 X86.93 Y471.53 Z24 E33.37
G1 F3547 X83.97 Y471.52 Z24 E33.37
G1 F3547 X81.01 Y471.52 Z24 E33.37
G1 F3547 X78.05 Y471.51 Z24 E33.37
G1 F3547 X75.09 Y471.5 Z24 E33.37
G1 F3547 X72.14 Y471.5 Z24 E33.37
G1 F3544 X69.18 Y471.49 Z24 E33.35
G1 F3532 X66.23 Y471.25 Z24 E33.24
G1 F3453 X63.41 Y470.39 Z24 E32.49
G1 F3494 X61.56 Y468.19 Z24 E32.88
G1 F3541 X61.13 Y465.31 Z24 E33.32
G1 F3545 X61.34 Y462.36 Z24 E33.36
G1 F3546 X61.83 Y459.44 Z24 E33.37
G1 F3545 X62.5 Y456.56 Z24 E33.36
G1 F3547 X63.38 Y453.74 Z24 E33.37
G1 F3545 X64.27 Y450.92 Z24 E33.36
G1 F3547 X65.39 Y448.18 Z24 E33.37
G1 F3545 X66.54 Y445.45 Z24 E33.36
G1 F3547 X67.88 Y442.82 Z24 E33.37
G1 F3545 X69.25 Y440.19 Z24 E33.36
G1 F3547 X70.8 Y437.67 Z24 E33.37
G1 F3545 X72.37 Y435.17 Z24 E33.36
G1 F3547 X74.13 Y432.79 Z24 E33.37
G1 F3547 X75.91 Y430.43 Z24 E33.37
G1 F3545 X77.7 Y428.07 Z24 E33.36
G1 F3547 X79.64 Y425.84 Z24 E33.37
G1 F3547 X81.61 Y423.63 Z24 E33.37
G1 F3547 X83.58 Y421.42 Z24 E33.37
G1 F3547 X85.54 Y419.21 Z24 E33.37
G1 F3547 X87.51 Y417 Z24 E33.37
G1 F3545 X89.48 Y414.79 Z24 E33.36
G1 F3547 X91.31 Y412.47 Z24 E33.37
G1 F3545 X93.12 Y410.12 Z24 E33.36
G1 F3547 X94.78 Y407.68 Z24 E33.37
G1 F3545 X96.43 Y405.22 Z24 E33.36
G1 F3547 X97.91 Y402.66 Z24 E33.37
G1 F3545 X99.36 Y400.08 Z24 E33.36
G1 F3547 X100.63 Y397.41 Z24 E33.37
G1 F3545 X101.87 Y394.72 Z24 E33.36
G1 F3547 X102.9 Y391.95 Z24 E33.37
G1 F3544 X103.9 Y389.17 Z24 E33.35
G1 F3547 X104.67 Y386.31 Z24 E33.37
G1 F3544 X105.4 Y383.45 Z24 E33.35
G1 F3547 X105.9 Y380.53 Z24 E33.37
G1 F3544 X106.35 Y377.61 Z24 E33.35
G1 F3547 X106.55 Y374.66 Z24 E33.37
G1 F3544 X106.7 Y371.7 Z24 E33.35
G1 F3547 X106.61 Y368.75 Z24 E33.37
G1 F3544 X106.46 Y365.79 Z24 E33.35
G1 F3547 X106.06 Y362.86 Z24 E33.37
G1 F3544 X105.61 Y359.94 Z24 E33.35
G1 F3547 X104.93 Y357.06 Z24 E33.37
G1 F3544 X104.2 Y354.19 Z24 E33.35
G1 F3547 X103.25 Y351.39 Z24 E33.37
G1 F3544 X102.26 Y348.61 Z24 E33.35
G1 F3547 X101.07 Y345.9 Z24 E33.37
G1 F3545 X99.83 Y343.21 Z24 E33.36
G1 F3547 X98.42 Y340.61 Z24 E33.37
G1 F3545 X96.97 Y338.03 Z24 E33.36
G1 F3547 X95.37 Y335.55 Z24 E33.37
G1 F3545 X93.73 Y333.09 Z24 E33.36
G1 F3547 X91.92 Y330.74 Z24 E33.37
G1 F3547 X90.08 Y328.43 Z24 E33.37
G1 F3546 X88.24 Y326.11 Z24 E33.36
G1 F3547 X86.29 Y323.89 Z24 E33.37
G1 F3547 X84.31 Y321.69 Z24 E33.37
G1 F3547 X82.33 Y319.49 Z24 E33.37
G1 F3547 X80.35 Y317.29 Z24 E33.37
G1 F3544 X78.37 Y315.09 Z24 E33.35
G1 F3547 X76.55 Y312.76 Z24 E33.37
G1 F3547 X74.76 Y310.4 Z24 E33.37
G1 F3544 X72.98 Y308.05 Z24 E33.35
G1 F3547 X71.36 Y305.57 Z24 E33.37
G1 F3545 X69.78 Y303.07 Z24 E33.36
G1 F3547 X68.37 Y300.47 Z24 E33.37
G1 F3544 X66.99 Y297.85 Z24 E33.35
G1 F3547 X65.8 Y295.15 Z24 E33.37
G1 F3544 X64.65 Y292.42 Z24 E33.35
G1 F3547 X63.69 Y289.62 Z24 E33.37
G1 F3544 X62.79 Y286.8 Z24 E33.35
G1 F3547 X62.11 Y283.93 Z24 E33.37
G1 F3543 X61.48 Y281.03 Z24 E33.35
G1 F3547 X61.08 Y278.11 Z24 E33.37
G1 F3543 X60.74 Y275.17 Z24 E33.34
G1 F3547 X60.63 Y272.21 Z24 E33.37
G1 F3543 X60.59 Y269.25 Z24 E33.34
G1 F3547 X60.78 Y266.3 Z24 E33.37
G1 F3543 X61.05 Y263.36 Z24 E33.34
G1 F3547 X61.53 Y260.44 Z24 E33.37
G1 F3544 X62.09 Y257.53 Z24 E33.35
G1 F3547 X62.85 Y254.68 Z24 E33.37
G1 F3544 X63.69 Y251.84 Z24 E33.35
G1 F3547 X64.71 Y249.07 Z24 E33.37
G1 F3544 X65.8 Y246.32 Z24 E33.35
G1 F3547 X67.06 Y243.64 Z24 E33.37
G1 F3544 X68.38 Y240.99 Z24 E33.36
G1 F3547 X69.85 Y238.43 Z24 E33.37
G1 F3545 X71.38 Y235.89 Z24 E33.36
G1 F3547 X73.04 Y233.45 Z24 E33.37
G1 F3544 X74.74 Y231.03 Z24 E33.35
G1 F3547 X76.59 Y228.72 Z24 E33.37
G1 F3547 X78.48 Y226.44 Z24 E33.37
G1 F3546 X80.37 Y224.17 Z24 E33.37
G1 F3547 X82.33 Y221.96 Z24 E33.37
G1 F3547 X84.32 Y219.76 Z24 E33.37
G1 F3547 X86.3 Y217.57 Z24 E33.37
G1 F3544 X88.29 Y215.37 Z24 E33.35
G1 F3547 X90.14 Y213.07 Z24 E33.37
G1 F3547 X91.95 Y210.72 Z24 E33.37
G1 F3544 X93.75 Y208.38 Z24 E33.35
G1 F3547 X95.41 Y205.93 Z24 E33.37
G1 F3544 X97 Y203.44 Z24 E33.36
G1 F3547 X98.46 Y200.86 Z24 E33.37
G1 F3544 X99.86 Y198.26 Z24 E33.35
G1 F3547 X101.1 Y195.57 Z24 E33.37
G1 F3544 X102.27 Y192.86 Z24 E33.35
G1 F3547 X103.28 Y190.08 Z24 E33.37
G1 F3543 X104.21 Y187.27 Z24 E33.34
G1 F3547 X104.95 Y184.41 Z24 E33.37
G1 F3543 X105.61 Y181.52 Z24 E33.34
G1 F3547 X106.07 Y178.6 Z24 E33.37
G1 F3543 X106.44 Y175.67 Z24 E33.34
G1 F3547 X106.6 Y172.72 Z24 E33.37
G1 F3543 X106.68 Y169.76 Z24 E33.34
G1 F3547 X106.54 Y166.81 Z24 E33.37
G1 F3543 X106.32 Y163.86 Z24 E33.34
G1 F3547 X105.89 Y160.93 Z24 E33.37
G1 F3543 X105.37 Y158.02 Z24 E33.34
G1 F3547 X104.65 Y155.15 Z24 E33.37
G1 F3543 X103.86 Y152.3 Z24 E33.35
G1 F3547 X102.88 Y149.51 Z24 E33.37
G1 F3544 X101.82 Y146.75 Z24 E33.35
G1 F3547 X100.6 Y144.06 Z24 E33.37
G1 F3544 X99.31 Y141.39 Z24 E33.35
G1 F3547 X97.87 Y138.81 Z24 E33.37
G1 F3544 X96.37 Y136.26 Z24 E33.36
G1 F3547 X94.75 Y133.79 Z24 E33.37
G1 F3544 X93.06 Y131.36 Z24 E33.35
G1 F3547 X91.24 Y129.03 Z24 E33.37
G1 F3547 X89.37 Y126.74 Z24 E33.37
G1 F3546 X87.49 Y124.45 Z24 E33.37
G1 F3547 X85.53 Y122.23 Z24 E33.37
G1 F3547 X83.54 Y120.04 Z24 E33.37
G1 F3547 X81.55 Y117.85 Z24 E33.37
G1 F3544 X79.56 Y115.66 Z24 E33.36
G1 F3547 X77.69 Y113.38 Z24 E33.37
G1 F3547 X75.86 Y111.05 Z24 E33.37
G1 F3544 X74.04 Y108.72 Z24 E33.35
G1 F3547 X72.35 Y106.29 Z24 E33.37
G1 F3544 X70.73 Y103.82 Z24 E33.35
G1 F3547 X69.24 Y101.26 Z24 E33.37
G1 F3544 X67.82 Y98.67 Z24 E33.35
G1 F3547 X66.54 Y96 Z24 E33.37
G1 F3543 X65.33 Y93.3 Z24 E33.35
G1 F3547 X64.28 Y90.54 Z24 E33.37
G1 F3543 X63.32 Y87.74 Z24 E33.34
G1 F3547 X62.54 Y84.89 Z24 E33.37
G1 F3543 X61.85 Y82.01 Z24 E33.34
G1 F3541 X61.34 Y79.1 Z24 E33.32
G1 F3504 X61.14 Y76.15 Z24 E32.98
G1 F3378 X61.7 Y73.28 Z24 E31.79
G1 F3484 X63.63 Y71.23 Z24 E32.78
G1 F3539 X66.39 Y70.33 Z24 E33.31
G1 F3546 X69.33 Y70.05 Z24 E33.37
G1 F3547 X72.29 Y70.01 Z24 E33.37
G1 F3547 X75.25 Y70.01 Z24 E33.37
G1 F3547 X78.2 Y70 Z24 E33.37
G1 F3547 X81.16 Y70 Z24 E33.37
G1 F3547 X84.12 Y70 Z24 E33.37
G1 F3547 X87.08 Y70 Z24 E33.37
G1 F3547 X90.04 Y70 Z24 E33.37
G1 F3547 X93 Y69.99 Z24 E33.37
G1 F3547 X95.96 Y69.99 Z24 E33.37
G1 F3547 X98.92 Y69.99 Z24 E33.37
G1 F3547 X101.87 Y69.99 Z24 E33.37
G1 F3547 X104.83 Y69.99 Z24 E33.37
G1 F3547 X107.79 Y69.98 Z24 E33.37
G1 F3547 X110.75 Y69.98 Z24 E33.37
G1 F3547 X113.71 Y69.98 Z24 E33.37
G1 F3547 X116.67 Y69.98 Z24 E33.37
G1 F3547 X119.63 Y69.98 Z24 E33.37
G1 F3547 X122.59 Y69.97 Z24 E33.37
G1 F3547 X125.54 Y69.97 Z24 E33.37
G1 F3547 X128.5 Y69.97 Z24 E33.37
G1 F3547 X131.46 Y69.97 Z24 E33.37
G1 F3547 X134.42 Y69.97 Z24 E33.37
G1 F3547 X137.38 Y69.96 Z24 E33.37
G1 F3547 X140.34 Y69.96 Z24 E33.37
G1 F3546 X143.3 Y69.96 Z24 E33.37
G1 F3547 X146.26 Y69.98 Z24 E33.37
G1 F3547 X149.21 Y70.01 Z24 E33.37
G1 F3544 X152.17 Y70.04 Z24 E33.35
G1 F3524 X155.12 Y70.24 Z24 E33.16
G1 F3390 X157.97 Y70.98 Z24 E31.9
G1 F3446 X160.02 Y72.93 Z24 E32.43
G1 F3535 X160.7 Y75.72 Z24 E33.27
G1 F3544 X160.58 Y78.67 Z24 E33.35
G1 F3545 X160.13 Y81.59 Z24 E33.36
G1 F3545 X159.48 Y84.48 Z24 E33.36
G1 F3547 X158.65 Y87.32 Z24 E33.37
G1 F3543 X157.75 Y90.13 Z24 E33.35
G1 F3547 X156.68 Y92.89 Z24 E33.37
G1 F3544 X155.53 Y95.62 Z24 E33.35
G1 F3547 X154.23 Y98.27 Z24 E33.37
G1 F3544 X152.85 Y100.89 Z24 E33.35
G1 F3547 X151.34 Y103.43 Z24 E33.37
G1 F3544 X149.77 Y105.94 Z24 E33.35
G1 F3547 X148.05 Y108.34 Z24 E33.37
G1 F3547 X146.26 Y110.7 Z24 E33.37
G1 F3544 X144.48 Y113.06 Z24 E33.35
G1 F3547 X142.57 Y115.32 Z24 E33.37
G1 F3547 X140.6 Y117.53 Z24 E33.37
G1 F3547 X138.63 Y119.74 Z24 E33.37
G1 F3547 X136.67 Y121.95 Z24 E33.37
G1 F3547 X134.7 Y124.16 Z24 E33.37
G1 F3545 X132.73 Y126.37 Z24 E33.36
G1 F3547 X130.87 Y128.67 Z24 E33.37
G1 F3545 X129.07 Y131.01 Z24 E33.36
G1 F3547 X127.37 Y133.43 Z24 E33.37
G1 F3544 X125.73 Y135.89 Z24 E33.35
G1 F3547 X124.21 Y138.43 Z24 E33.37
G1 F3544 X122.76 Y141.01 Z24 E33.35
G1 F3547 X121.45 Y143.66 Z24 E33.37
G1 F3543 X120.22 Y146.35 Z24 E33.35
G1 F3547 X119.14 Y149.1 Z24 E33.37
G1 F3543 X118.14 Y151.89 Z24 E33.34
G1 F3547 X117.32 Y154.73 Z24 E33.37
G1 F3543 X116.59 Y157.6 Z24 E33.34
G1 F3547 X116.04 Y160.5 Z24 E33.37
G1 F3542 X115.6 Y163.43 Z24 E33.34
G1 F3547 X115.34 Y166.37 Z24 E33.37
G1 F3542 X115.19 Y169.32 Z24 E33.33
G1 F3547 X115.23 Y172.28 Z24 E33.37
G1 F3542 X115.39 Y175.23 Z24 E33.34
G1 F3547 X115.73 Y178.17 Z24 E33.37
G1 F3543 X116.18 Y181.09 Z24 E33.34
G1 F3547 X116.81 Y183.98 Z24 E33.37
G1 F3543 X117.54 Y186.85 Z24 E33.34
G1 F3547 X118.44 Y189.66 Z24 E33.37
G1 F3543 X119.43 Y192.45 Z24 E33.34
G1 F3547 X120.58 Y195.17 Z24 E33.37
G1 F3544 X121.82 Y197.86 Z24 E33.35
G1 F3547 X123.19 Y200.48 Z24 E33.37
G1 F3544 X124.64 Y203.06 Z24 E33.35
G1 F3547 X126.21 Y205.56 Z24 E33.37
G1 F3544 X127.85 Y208.03 Z24 E33.35
G1 F3547 X129.62 Y210.4 Z24 E33.37
G1 F3547 X131.47 Y212.71 Z24 E33.37
G1 F3545 X133.31 Y215.02 Z24 E33.36
G1 F3547 X135.24 Y217.27 Z24 E33.37
G1 F3547 X137.21 Y219.47 Z24 E33.37
G1 F3547 X139.19 Y221.67 Z24 E33.37
G1 F3547 X141.17 Y223.87 Z24 E33.37
G1 F3544 X143.15 Y226.07 Z24 E33.35
G1 F3547 X145.01 Y228.37 Z24 E33.37
G1 F3547 X146.79 Y230.73 Z24 E33.37
G1 F3543 X148.58 Y233.09 Z24 E33.34
G1 F3547 X150.24 Y235.53 Z24 E33.37
G1 F3544 X151.81 Y238.04 Z24 E33.35
G1 F3547 X153.26 Y240.62 Z24 E33.37
G1 F3544 X154.63 Y243.24 Z24 E33.35
G1 F3547 X155.87 Y245.92 Z24 E33.37
G1 F3543 X157.02 Y248.65 Z24 E33.34
G1 F3547 X158.02 Y251.43 Z24 E33.37
G1 F3543 X158.92 Y254.25 Z24 E33.34
G1 F3547 X159.65 Y257.11 Z24 E33.37
G1 F3542 X160.28 Y260 Z24 E33.34
G1 F3547 X160.73 Y262.92 Z24 E33.37
G1 F3542 X161.07 Y265.86 Z24 E33.33
G1 F3547 X161.23 Y268.81 Z24 E33.37
G1 F3542 X161.27 Y271.77 Z24 E33.33
G1 F3547 X161.13 Y274.72 Z24 E33.37
G1 F3542 X160.87 Y277.67 Z24 E33.33
G1 F3547 X160.43 Y280.59 Z24 E33.37
G1 F3543 X159.88 Y283.5 Z24 E33.34
G1 F3547 X159.16 Y286.37 Z24 E33.37
G1 F3543 X158.33 Y289.21 Z24 E33.34
G1 F3547 X157.35 Y292 Z24 E33.37
G1 F3543 X156.26 Y294.75 Z24 E33.34
G1 F3547 X155.04 Y297.44 Z24 E33.37
G1 F3544 X153.72 Y300.09 Z24 E33.35
G1 F3547 X152.28 Y302.67 Z24 E33.37
G1 F3544 X150.76 Y305.21 Z24 E33.35
G1 F3547 X149.13 Y307.67 Z24 E33.37
G1 F3544 X147.42 Y310.09 Z24 E33.35
G1 F3547 X145.61 Y312.43 Z24 E33.37
G1 F3547 X143.72 Y314.7 Z24 E33.37
G1 F3546 X141.82 Y316.98 Z24 E33.37
G1 F3547 X139.88 Y319.2 Z24 E33.37
G1 F3547 X137.9 Y321.4 Z24 E33.37
G1 F3547 X135.91 Y323.59 Z24 E33.37
G1 F3544 X133.93 Y325.79 Z24 E33.35
G1 F3547 X132.04 Y328.07 Z24 E33.37
G1 F3547 X130.24 Y330.41 Z24 E33.37
G1 F3543 X128.43 Y332.75 Z24 E33.34
G1 F3547 X126.74 Y335.18 Z24 E33.37
G1 F3544 X125.14 Y337.67 Z24 E33.35
G1 F3547 X123.66 Y340.23 Z24 E33.37
G1 F3543 X122.26 Y342.83 Z24 E33.35
G1 F3547 X120.98 Y345.5 Z24 E33.37
G1 F3543 X119.8 Y348.21 Z24 E33.34
G1 F3547 X118.75 Y350.98 Z24 E33.37
G1 F3543 X117.82 Y353.78 Z24 E33.34
G1 F3547 X117.04 Y356.63 Z24 E33.37
G1 F3542 X116.37 Y359.52 Z24 E33.33
G1 F3547 X115.87 Y362.43 Z24 E33.37
G1 F3542 X115.49 Y365.36 Z24 E33.33
G1 F3547 X115.28 Y368.31 Z24 E33.37
G1 F3542 X115.2 Y371.27 Z24 E33.33
G1 F3547 X115.28 Y374.22 Z24 E33.37
G1 F3542 X115.51 Y377.17 Z24 E33.33
G1 F3547 X115.89 Y380.1 Z24 E33.37
G1 F3542 X116.41 Y383.02 Z24 E33.34
G1 F3547 X117.07 Y385.89 Z24 E33.37
G1 F3543 X117.87 Y388.74 Z24 E33.34
G1 F3547 X118.81 Y391.55 Z24 E33.37
G1 F3543 X119.86 Y394.31 Z24 E33.34
G1 F3547 X121.04 Y397.02 Z24 E33.37
G1 F3544 X122.33 Y399.68 Z24 E33.35
G1 F3547 X123.73 Y402.29 Z24 E33.37
G1 F3544 X125.23 Y404.84 Z24 E33.35
G1 F3547 X126.83 Y407.33 Z24 E33.37
G1 F3544 X128.51 Y409.76 Z24 E33.35
G1 F3547 X130.29 Y412.12 Z24 E33.37
G1 F3547 X132.17 Y414.4 Z24 E33.37
G1 F3545 X134.05 Y416.69 Z24 E33.36
G1 F3547 X135.99 Y418.93 Z24 E33.37
G1 F3547 X137.98 Y421.12 Z24 E33.37
G1 F3547 X139.96 Y423.31 Z24 E33.37
G1 F3544 X141.95 Y425.5 Z24 E33.35
G1 F3547 X143.86 Y427.76 Z24 E33.37
G1 F3547 X145.69 Y430.09 Z24 E33.37
G1 F3543 X147.51 Y432.41 Z24 E33.34
G1 F3547 X149.23 Y434.82 Z24 E33.37
G1 F3544 X150.85 Y437.29 Z24 E33.35
G1 F3547 X152.38 Y439.83 Z24 E33.37
G1 F3544 X153.8 Y442.42 Z24 E33.35
G1 F3547 X155.12 Y445.07 Z24 E33.37
G1 F3543 X156.33 Y447.77 Z24 E33.34
G1 F3547 X157.42 Y450.52 Z24 E33.37
G1 F3542 X158.38 Y453.31 Z24 E33.34
G1 F3547 X159.21 Y456.15 Z24 E33.37
G1 F3543 X159.9 Y459.03 Z24 E33.34
G1 F3541 X160.46 Y461.93 Z24 E33.32
G1 F3499 X160.71 Y464.87 Z24 E32.93
G1 F3353 X160.32 Y467.77 Z24 E31.55
G1 F3471 X158.67 Y470.02 Z24 E32.67
G1 F3538 X155.98 Y471.11 Z24 E33.29
G1 F3545 X153.05 Y471.46 Z24 E33.36
G1 F3547 X150.1 Y471.54 Z24 E33.37
G1 F3547 X147.14 Y471.54 Z24 E33.37
G1 F3547 X144.18 Y471.55 Z24 E33.37
G1 F3547 X141.22 Y471.55 Z24 E33.37
G1 F3547 X138.26 Y471.56 Z24 E33.37
G1 F3547 X135.3 Y471.56 Z24 E33.37
G1 F3547 X132.34 Y471.56 Z24 E33.37
G1 F3547 X129.39 Y471.57 Z24 E33.37
G1 F3547 X126.43 Y471.57 Z24 E33.37
G1 F3547 X123.47 Y471.58 Z24 E33.37
G1 F3521 X120.51 Y471.58 Z24 E33.14
G1 F3543 X117.6 Y471.59 Z24.38 E33.34
G1 F3531 X114.95 Y471.58 Z25.7 E33.23
G1 F3547 X112.02 Y471.58 Z26 E33.37
G1 F3547 X109.06 Y471.58 Z26 E33.37
G1 F3547 X106.1 Y471.57 Z26 E33.37
G1 F3547 X103.15 Y471.56 Z26 E33.37
G1 F3547 X100.19 Y471.56 Z26 E33.37
G1 F3547 X97.23 Y471.55 Z26 E33.37
G1 F3547 X94.27 Y471.55 Z26 E33.37
G1 F3547 X91.31 Y471.54 Z26 E33.37
G1 F3547 X88.35 Y471.54 Z26 E33.37
G1 F3547 X85.39 Y471.53 Z26 E33.37
G1 F3547 X82.43 Y471.52 Z26 E33.37
G1 F3547 X79.48 Y471.52 Z26 E33.37
G1 F3547 X76.52 Y471.51 Z26 E33.37
G1 F3547 X73.56 Y471.51 Z26 E33.37
G1 F3544 X70.6 Y471.5 Z26 E33.35
G1 F3533 X67.65 Y471.3 Z26 E33.25
G1 F3451 X64.8 Y470.56 Z26 E32.48
G1 F3466 X62.72 Y468.57 Z26 E32.62
G1 F3537 X62.11 Y465.74 Z26 E33.29
G1 F3545 X62.24 Y462.79 Z26 E33.36
G1 F3546 X62.69 Y459.87 Z26 E33.37
G1 F3545 X63.32 Y456.98 Z26 E33.36
G1 F3547 X64.15 Y454.14 Z26 E33.37
G1 F3545 X65.02 Y451.31 Z26 E33.36
G1 F3547 X66.1 Y448.56 Z26 E33.37
G1 F3545 X67.21 Y445.82 Z26 E33.36
G1 F3547 X68.51 Y443.16 Z26 E33.37
G1 F3545 X69.85 Y440.52 Z26 E33.36
G1 F3547 X71.36 Y437.98 Z26 E33.37
G1 F3545 X72.9 Y435.45 Z26 E33.36
G1 F3547 X74.62 Y433.05 Z26 E33.37
G1 F3547 X76.38 Y430.67 Z26 E33.37
G1 F3545 X78.14 Y428.29 Z26 E33.36
G1 F3547 X80.05 Y426.03 Z26 E33.37
G1 F3547 X81.99 Y423.8 Z26 E33.37
G1 F3547 X83.94 Y421.57 Z26 E33.37
G1 F3547 X85.88 Y419.34 Z26 E33.37
G1 F3547 X87.82 Y417.11 Z26 E33.37
G1 F3545 X89.77 Y414.88 Z26 E33.36
G1 F3547 X91.58 Y412.54 Z26 E33.37
G1 F3545 X93.36 Y410.18 Z26 E33.36
G1 F3547 X95.01 Y407.72 Z26 E33.37
G1 F3545 X96.63 Y405.24 Z26 E33.36
G1 F3547 X98.09 Y402.67 Z26 E33.37
G1 F3545 X99.51 Y400.08 Z26 E33.36
G1 F3547 X100.76 Y397.4 Z26 E33.37
G1 F3545 X101.98 Y394.7 Z26 E33.36
G1 F3547 X102.99 Y391.92 Z26 E33.37
G1 F3545 X103.97 Y389.13 Z26 E33.36
G1 F3547 X104.73 Y386.27 Z26 E33.37
G1 F3544 X105.45 Y383.4 Z26 E33.35
G1 F3547 X105.93 Y380.49 Z26 E33.37
G1 F3544 X106.37 Y377.56 Z26 E33.35
G1 F3547 X106.56 Y374.61 Z26 E33.37
G1 F3544 X106.71 Y371.65 Z26 E33.35
G1 F3547 X106.61 Y368.7 Z26 E33.37
G1 F3544 X106.46 Y365.74 Z26 E33.35
G1 F3547 X106.07 Y362.81 Z26 E33.37
G1 F3544 X105.63 Y359.89 Z26 E33.35
G1 F3547 X104.96 Y357.01 Z26 E33.37
G1 F3545 X104.24 Y354.14 Z26 E33.36
G1 F3547 X103.31 Y351.33 Z26 E33.37
G1 F3545 X102.33 Y348.54 Z26 E33.36
G1 F3547 X101.15 Y345.83 Z26 E33.37
G1 F3545 X99.94 Y343.13 Z26 E33.36
G1 F3547 X98.55 Y340.52 Z26 E33.37
G1 F3545 X97.12 Y337.93 Z26 E33.36
G1 F3547 X95.53 Y335.43 Z26 E33.37
G1 F3545 X93.91 Y332.96 Z26 E33.36
G1 F3547 X92.12 Y330.6 Z26 E33.37
G1 F3547 X90.3 Y328.27 Z26 E33.37
G1 F3546 X88.48 Y325.94 Z26 E33.37
G1 F3547 X86.55 Y323.7 Z26 E33.37
G1 F3547 X84.59 Y321.48 Z26 E33.37
G1 F3547 X82.64 Y319.25 Z26 E33.37
G1 F3547 X80.69 Y317.03 Z26 E33.37
G1 F3545 X78.73 Y314.81 Z26 E33.36
G1 F3547 X76.94 Y312.45 Z26 E33.37
G1 F3547 X75.19 Y310.07 Z26 E33.37
G1 F3545 X73.43 Y307.69 Z26 E33.36
G1 F3547 X71.86 Y305.19 Z26 E33.37
G1 F3545 X70.32 Y302.66 Z26 E33.36
G1 F3547 X68.95 Y300.04 Z26 E33.37
G1 F3545 X67.61 Y297.4 Z26 E33.36
G1 F3547 X66.45 Y294.68 Z26 E33.37
G1 F3545 X65.34 Y291.94 Z26 E33.36
G1 F3547 X64.43 Y289.13 Z26 E33.37
G1 F3544 X63.56 Y286.3 Z26 E33.36
G1 F3547 X62.92 Y283.41 Z26 E33.37
G1 F3544 X62.32 Y280.51 Z26 E33.35
G1 F3547 X61.96 Y277.58 Z26 E33.37
G1 F3544 X61.65 Y274.64 Z26 E33.35
G1 F3547 X61.58 Y271.68 Z26 E33.37
G1 F3544 X61.56 Y268.72 Z26 E33.35
G1 F3547 X61.78 Y265.77 Z26 E33.37
G1 F3544 X62.05 Y262.83 Z26 E33.35
G1 F3547 X62.57 Y259.92 Z26 E33.37
G1 F3544 X63.13 Y257.01 Z26 E33.36
G1 F3547 X63.91 Y254.16 Z26 E33.37
G1 F3545 X64.74 Y251.32 Z26 E33.36
G1 F3547 X65.78 Y248.55 Z26 E33.37
G1 F3545 X66.86 Y245.8 Z26 E33.36
G1 F3547 X68.13 Y243.13 Z26 E33.37
G1 F3545 X69.44 Y240.47 Z26 E33.36
G1 F3547 X70.92 Y237.91 Z26 E33.37
G1 F3545 X72.43 Y235.37 Z26 E33.36
G1 F3547 X74.1 Y232.92 Z26 E33.37
G1 F3546 X75.79 Y230.5 Z26 E33.37
G1 F3547 X77.61 Y228.17 Z26 E33.37
G1 F3546 X79.46 Y225.86 Z26 E33.37
G1 F3547 X81.4 Y223.62 Z26 E33.37
G1 F3547 X83.35 Y221.4 Z26 E33.37
G1 F3547 X85.31 Y219.18 Z26 E33.37
G1 F3547 X87.26 Y216.96 Z26 E33.37
G1 F3545 X89.21 Y214.73 Z26 E33.36
G1 F3547 X91.01 Y212.38 Z26 E33.37
G1 F3547 X92.78 Y210.01 Z26 E33.37
G1 F3545 X94.55 Y207.64 Z26 E33.36
G1 F3547 X96.13 Y205.14 Z26 E33.37
G1 F3545 X97.69 Y202.63 Z26 E33.36
G1 F3547 X99.08 Y200.02 Z26 E33.37
G1 F3545 X100.43 Y197.39 Z26 E33.36
G1 F3547 X101.6 Y194.67 Z26 E33.37
G1 F3545 X102.73 Y191.94 Z26 E33.36
G1 F3547 X103.66 Y189.13 Z26 E33.37
G1 F3545 X104.55 Y186.3 Z26 E33.36
G1 F3547 X105.21 Y183.42 Z26 E33.37
G1 F3544 X105.83 Y180.53 Z26 E33.35
G1 F3547 X106.21 Y177.6 Z26 E33.37
G1 F3544 X106.55 Y174.66 Z26 E33.35
G1 F3547 X106.64 Y171.7 Z26 E33.37
G1 F3544 X106.68 Y168.74 Z26 E33.35
G1 F3547 X106.48 Y165.79 Z26 E33.37
G1 F3544 X106.23 Y162.85 Z26 E33.35
G1 F3547 X105.74 Y159.93 Z26 E33.37
G1 F3545 X105.2 Y157.02 Z26 E33.36
G1 F3547 X104.43 Y154.17 Z26 E33.37
G1 F3545 X103.62 Y151.32 Z26 E33.36
G1 F3547 X102.6 Y148.55 Z26 E33.37
G1 F3545 X101.54 Y145.78 Z26 E33.36
G1 F3547 X100.28 Y143.11 Z26 E33.37
G1 F3545 X98.99 Y140.44 Z26 E33.36
G1 F3547 X97.52 Y137.88 Z26 E33.37
G1 F3545 X96.03 Y135.32 Z26 E33.36
G1 F3547 X94.37 Y132.87 Z26 E33.37
G1 F3545 X92.7 Y130.43 Z26 E33.36
G1 F3547 X90.85 Y128.12 Z26 E33.37
G1 F3547 X88.98 Y125.83 Z26 E33.37
G1 F3546 X87.11 Y123.53 Z26 E33.37
G1 F3547 X85.16 Y121.31 Z26 E33.37
G1 F3547 X83.2 Y119.09 Z26 E33.37
G1 F3547 X81.24 Y116.88 Z26 E33.37
G1 F3545 X79.28 Y114.67 Z26 E33.36
G1 F3547 X77.47 Y112.33 Z26 E33.37
G1 F3547 X75.69 Y109.96 Z26 E33.37
G1 F3545 X73.91 Y107.6 Z26 E33.36
G1 F3547 X72.31 Y105.11 Z26 E33.37
G1 F3545 X70.74 Y102.6 Z26 E33.36
G1 F3547 X69.34 Y100 Z26 E33.37
G1 F3545 X67.97 Y97.38 Z26 E33.36
G1 F3547 X66.79 Y94.67 Z26 E33.37
G1 F3545 X65.64 Y91.94 Z26 E33.36
G1 F3547 X64.69 Y89.14 Z26 E33.37
G1 F3545 X63.79 Y86.32 Z26 E33.36
G1 F3546 X63.05 Y83.46 Z26 E33.37
G1 F3545 X62.47 Y80.55 Z26 E33.36
G1 F3542 X62.1 Y77.62 Z26 E33.33
G1 F3500 X62.12 Y74.66 Z26 E32.94
G1 F3470 X63.32 Y72 Z26 E32.66
G1 F3532 X65.85 Y70.59 Z26 E33.24
G1 F3545 X68.76 Y70.13 Z26 E33.36
G1 F3546 X71.71 Y70 Z26 E33.37
G1 F3547 X74.67 Y69.99 Z26 E33.37
G1 F3547 X77.63 Y69.99 Z26 E33.37
G1 F3547 X80.59 Y70 Z26 E33.37
G1 F3547 X83.54 Y70 Z26 E33.37
G1 F3547 X86.5 Y70 Z26 E33.37
G1 F3547 X89.46 Y70 Z26 E33.37
G1 F3547 X92.42 Y70 Z26 E33.37
G1 F3547 X95.38 Y70.01 Z26 E33.37
G1 F3547 X98.34 Y70.01 Z26 E33.37
G1 F3547 X101.3 Y70.01 Z26 E33.37
G1 F3547 X104.26 Y70.01 Z26 E33.37
G1 F3547 X107.21 Y70.01 Z26 E33.37
G1 F3547 X110.17 Y70.02 Z26 E33.37
G1 F3547 X113.13 Y70.02 Z26 E33.37
G1 F3547 X116.09 Y70.02 Z26 E33.37
G1 F3547 X119.05 Y70.02 Z26 E33.37
G1 F3547 X122.01 Y70.02 Z26 E33.37
G1 F3547 X124.97 Y70.03 Z26 E33.37
G1 F3547 X127.93 Y70.03 Z26 E33.37
G1 F3547 X130.88 Y70.03 Z26 E33.37
G1 F3547 X133.84 Y70.03 Z26 E33.37
G1 F3547 X136.8 Y70.03 Z26 E33.37
G1 F3547 X139.76 Y70.04 Z26 E33.37
G1 F3547 X142.72 Y70.04 Z26 E33.37
G1 F3547 X145.68 Y70.04 Z26 E33.37
G1 F3547 X148.64 Y70.04 Z26 E33.37
G1 F3545 X151.6 Y70.04 Z26 E33.36
G1 F3539 X154.54 Y70.27 Z26 E33.31
G1 F3498 X157.38 Y71.08 Z26 E32.91
G1 F3515 X159.36 Y73.23 Z26 E33.08
G1 F3543 X159.8 Y76.13 Z26 E33.34
G1 F3546 X159.6 Y79.08 Z26 E33.37
G1 F3546 X159.13 Y82 Z26 E33.37
G1 F3546 X158.47 Y84.89 Z26 E33.37
G1 F3547 X157.62 Y87.72 Z26 E33.37
G1 F3546 X156.75 Y90.55 Z26 E33.37
G1 F3547 X155.65 Y93.29 Z26 E33.37
G1 F3546 X154.53 Y96.03 Z26 E33.37
G1 F3547 X153.2 Y98.67 Z26 E33.37
G1 F3546 X151.86 Y101.31 Z26 E33.37
G1 F3547 X150.33 Y103.84 Z26 E33.37
G1 F3546 X148.79 Y106.37 Z26 E33.37
G1 F3547 X147.05 Y108.76 Z26 E33.37
G1 F3547 X145.29 Y111.14 Z26 E33.37
G1 F3546 X143.54 Y113.52 Z26 E33.37
G1 F3547 X141.6 Y115.76 Z26 E33.37
G1 F3547 X139.66 Y117.99 Z26 E33.37
G1 F3547 X137.72 Y120.22 Z26 E33.37
G1 F3547 X135.77 Y122.45 Z26 E33.37
G1 F3547 X133.83 Y124.68 Z26 E33.37
G1 F3546 X131.89 Y126.92 Z26 E33.37
G1 F3547 X130.09 Y129.27 Z26 E33.37
G1 F3546 X128.31 Y131.63 Z26 E33.37
G1 F3547 X126.68 Y134.1 Z26 E33.37
G1 F3546 X125.06 Y136.58 Z26 E33.37
G1 F3547 X123.62 Y139.16 Z26 E33.37
G1 F3546 X122.19 Y141.75 Z26 E33.37
G1 F3547 X120.97 Y144.44 Z26 E33.37
G1 F3546 X119.75 Y147.14 Z26 E33.37
G1 F3547 X118.76 Y149.93 Z26 E33.37
G1 F3546 X117.79 Y152.72 Z26 E33.37
G1 F3547 X117.06 Y155.59 Z26 E33.37
G1 F3546 X116.34 Y158.46 Z26 E33.37
G1 F3547 X115.89 Y161.38 Z26 E33.37
G1 F3546 X115.45 Y164.31 Z26 E33.37
G1 F3547 X115.29 Y167.26 Z26 E33.37
G1 F3546 X115.14 Y170.22 Z26 E33.37
G1 F3547 X115.27 Y173.17 Z26 E33.37
G1 F3546 X115.42 Y176.13 Z26 E33.37
G1 F3547 X115.84 Y179.06 Z26 E33.37
G1 F3546 X116.28 Y181.98 Z26 E33.37
G1 F3547 X116.99 Y184.85 Z26 E33.37
G1 F3546 X117.7 Y187.73 Z26 E33.37
G1 F3547 X118.67 Y190.52 Z26 E33.37
G1 F3546 X119.64 Y193.31 Z26 E33.37
G1 F3547 X120.85 Y196.02 Z26 E33.37
G1 F3546 X122.06 Y198.72 Z26 E33.37
G1 F3547 X123.48 Y201.31 Z26 E33.37
G1 F3546 X124.91 Y203.9 Z26 E33.37
G1 F3547 X126.52 Y206.38 Z26 E33.37
G1 F3546 X128.14 Y208.86 Z26 E33.37
G1 F3547 X129.95 Y211.2 Z26 E33.37
G1 F3547 X131.77 Y213.53 Z26 E33.37
G1 F3546 X133.59 Y215.86 Z26 E33.37
G1 F3547 X135.54 Y218.09 Z26 E33.37
G1 F3547 X137.49 Y220.31 Z26 E33.37
G1 F3547 X139.44 Y222.54 Z26 E33.37
G1 F3547 X141.4 Y224.76 Z26 E33.37
G1 F3546 X143.35 Y226.98 Z26 E33.37
G1 F3547 X145.12 Y229.35 Z26 E33.37
G1 F3547 X146.87 Y231.73 Z26 E33.37
G1 F3546 X148.63 Y234.12 Z26 E33.37
G1 F3547 X150.18 Y236.64 Z26 E33.37
G1 F3546 X151.72 Y239.16 Z26 E33.37
G1 F3547 X153.07 Y241.79 Z26 E33.37
G1 F3546 X154.41 Y244.43 Z26 E33.37
G1 F3547 X155.54 Y247.17 Z26 E33.37
G1 F3546 X156.65 Y249.91 Z26 E33.37
G1 F3547 X157.53 Y252.73 Z26 E33.37
G1 F3546 X158.4 Y255.56 Z26 E33.37
G1 F3547 X159.01 Y258.45 Z26 E33.37
G1 F3546 X159.61 Y261.35 Z26 E33.37
G1 F3547 X159.94 Y264.29 Z26 E33.37
G1 F3546 X160.26 Y267.23 Z26 E33.37
G1 F3547 X160.29 Y270.19 Z26 E33.37
G1 F3546 X160.31 Y273.15 Z26 E33.37
G1 F3547 X160.05 Y276.1 Z26 E33.37
G1 F3546 X159.78 Y279.04 Z26 E33.37
G1 F3547 X159.24 Y281.95 Z26 E33.37
G1 F3546 X158.68 Y284.86 Z26 E33.37
G1 F3547 X157.86 Y287.7 Z26 E33.37
G1 F3546 X157.03 Y290.54 Z26 E33.37
G1 F3547 X155.96 Y293.3 Z26 E33.37
G1 F3546 X154.89 Y296.05 Z26 E33.37
G1 F3547 X153.59 Y298.71 Z26 E33.37
G1 F3546 X152.28 Y301.37 Z26 E33.37
G1 F3547 X150.78 Y303.91 Z26 E33.37
G1 F3546 X149.26 Y306.46 Z26 E33.37
G1 F3547 X147.58 Y308.89 Z26 E33.37
G1 F3546 X145.89 Y311.32 Z26 E33.37
G1 F3547 X144.05 Y313.63 Z26 E33.37
G1 F3546 X142.2 Y315.94 Z26 E33.37
G1 F3547 X140.25 Y318.17 Z26 E33.37
G1 F3547 X138.3 Y320.39 Z26 E33.37
G1 F3547 X136.34 Y322.61 Z26 E33.37
G1 F3547 X134.39 Y324.84 Z26 E33.37
G1 F3546 X132.44 Y327.06 Z26 E33.37
G1 F3547 X130.66 Y329.42 Z26 E33.37
G1 F3547 X128.89 Y331.79 Z26 E33.37
G1 F3546 X127.12 Y334.17 Z26 E33.37
G1 F3547 X125.56 Y336.68 Z26 E33.37
G1 F3546 X124.01 Y339.2 Z26 E33.37
G1 F3547 X122.64 Y341.82 Z26 E33.37
G1 F3546 X121.28 Y344.45 Z26 E33.37
G1 F3547 X120.14 Y347.18 Z26 E33.37
G1 F3546 X119.01 Y349.91 Z26 E33.37
G1 F3547 X118.11 Y352.73 Z26 E33.37
G1 F3546 X117.22 Y355.55 Z26 E33.37
G1 F3547 X116.59 Y358.44 Z26 E33.37
G1 F3546 X115.97 Y361.33 Z26 E33.37
G1 F3547 X115.62 Y364.27 Z26 E33.37
G1 F3546 X115.28 Y367.21 Z26 E33.37
G1 F3547 X115.22 Y370.17 Z26 E33.37
G1 F3546 X115.18 Y373.13 Z26 E33.37
G1 F3547 X115.42 Y376.08 Z26 E33.37
G1 F3546 X115.67 Y379.02 Z26 E33.37
G1 F3547 X116.19 Y381.94 Z26 E33.37
G1 F3546 X116.73 Y384.85 Z26 E33.37
G1 F3547 X117.52 Y387.69 Z26 E33.37
G1 F3546 X118.33 Y390.54 Z26 E33.37
G1 F3547 X119.39 Y393.31 Z26 E33.37
G1 F3546 X120.45 Y396.07 Z26 E33.37
G1 F3547 X121.73 Y398.73 Z26 E33.37
G1 F3546 X123.02 Y401.39 Z26 E33.37
G1 F3547 X124.51 Y403.95 Z26 E33.37
G1 F3546 X126.01 Y406.5 Z26 E33.37
G1 F3547 X127.68 Y408.94 Z26 E33.37
G1 F3546 X129.36 Y411.38 Z26 E33.37
G1 F3547 X131.22 Y413.68 Z26 E33.37
G1 F3547 X133.09 Y415.97 Z26 E33.37
G1 F3546 X134.96 Y418.26 Z26 E33.37
G1 F3547 X136.92 Y420.48 Z26 E33.37
G1 F3547 X138.88 Y422.69 Z26 E33.37
G1 F3547 X140.84 Y424.91 Z26 E33.37
G1 F3546 X142.81 Y427.12 Z26 E33.37
G1 F3547 X144.59 Y429.48 Z26 E33.37
G1 F3547 X146.37 Y431.84 Z26 E33.37
G1 F3546 X148.15 Y434.21 Z26 E33.37
G1 F3547 X149.73 Y436.71 Z26 E33.37
G1 F3546 X151.3 Y439.22 Z26 E33.37
G1 F3547 X152.68 Y441.84 Z26 E33.37
G1 F3546 X154.05 Y444.46 Z26 E33.37
G1 F3547 X155.21 Y447.18 Z26 E33.37
G1 F3546 X156.36 Y449.91 Z26 E33.37
G1 F3547 X157.28 Y452.72 Z26 E33.37
G1 F3546 X158.18 Y455.54 Z26 E33.37
G1 F3546 X158.9 Y458.41 Z26 E33.37
G1 F3546 X159.45 Y461.31 Z26 E33.37
G1 F3545 X159.8 Y464.25 Z26 E33.36
G1 F3534 X159.73 Y467.21 Z26 E33.25
G1 F3539 X158.4 Y469.84 Z26 E33.31
G1 F3546 X155.72 Y471.08 Z26 E33.37
G1 F3547 X152.79 Y471.45 Z26 E33.37
G1 F3547 X149.83 Y471.55 Z26 E33.37
G1 F3547 X146.87 Y471.56 Z26 E33.37
G1 F3547 X143.91 Y471.56 Z26 E33.37
G1 F3547 X140.95 Y471.56 Z26 E33.37
G1 F3547 X137.99 Y471.57 Z26 E33.37
G1 F3547 X135.03 Y471.57 Z26 E33.37
G1 F3547 X132.08 Y471.57 Z26 E33.37
G1 F3547 X129.12 Y471.57 Z26 E33.37
G1 F3547 X126.16 Y471.58 Z26 E33.37
G1 F3547 X123.2 Y471.58 Z26 E33.37
G1 F3509 X120.24 Y471.58 Z26 E33.02
G1 F3532 X117.36 Y471.58 Z26.5 E33.24
G1 F3531 X114.69 Y471.58 Z27.75 E33.23
G1 F3547 X111.75 Y471.58 Z28 E33.37
G1 F3547 X108.79 Y471.57 Z28 E33.37
G1 F3547 X105.84 Y471.56 Z28 E33.37
G1 F3547 X102.88 Y471.55 Z28 E33.37
G1 F3547 X99.92 Y471.55 Z28 E33.37
G1 F3547 X96.96 Y471.54 Z28 E33.37
G1 F3547 X94 Y471.53 Z28 E33.37
G1 F3547 X91.04 Y471.52 Z28 E33.37
G1 F3547 X88.08 Y471.51 Z28 E33.37
G1 F3547 X85.12 Y471.51 Z28 E33.37
G1 F3547 X82.17 Y471.5 Z28 E33.37
G1 F3547 X79.21 Y471.49 Z28 E33.37
G1 F3547 X76.25 Y471.48 Z28 E33.37
G1 F3547 X73.29 Y471.47 Z28 E33.37
G1 F3544 X70.33 Y471.47 Z28 E33.35
G1 F3530 X67.39 Y471.15 Z28 E33.22
G1 F3461 X64.65 Y470.07 Z28 E32.57
G1 F3523 X63.21 Y467.57 Z28 E33.15
G1 F3544 X63.01 Y464.63 Z28 E33.35
G1 F3546 X63.31 Y461.69 Z28 E33.37
G1 F3546 X63.83 Y458.78 Z28 E33.37
G1 F3546 X64.51 Y455.9 Z28 E33.37
G1 F3547 X65.38 Y453.08 Z28 E33.37
G1 F3545 X66.27 Y450.25 Z28 E33.36
G1 F3547 X67.38 Y447.51 Z28 E33.37
G1 F3546 X68.51 Y444.78 Z28 E33.37
G1 F3547 X69.84 Y442.14 Z28 E33.37
G1 F3546 X71.19 Y439.5 Z28 E33.37
G1 F3547 X72.72 Y436.97 Z28 E33.37
G1 F3545 X74.27 Y434.45 Z28 E33.36
G1 F3547 X76.01 Y432.06 Z28 E33.37
G1 F3547 X77.77 Y429.68 Z28 E33.37
G1 F3546 X79.53 Y427.3 Z28 E33.37
G1 F3547 X81.44 Y425.04 Z28 E33.37
G1 F3547 X83.37 Y422.8 Z28 E33.37
G1 F3547 X85.3 Y420.56 Z28 E33.37
G1 F3547 X87.23 Y418.32 Z28 E33.37
G1 F3546 X89.16 Y416.08 Z28 E33.37
G1 F3547 X90.95 Y413.72 Z28 E33.37
G1 F3547 X92.71 Y411.34 Z28 E33.37
G1 F3545 X94.48 Y408.97 Z28 E33.36
G1 F3547 X96.05 Y406.46 Z28 E33.37
G1 F3546 X97.61 Y403.95 Z28 E33.37
G1 F3547 X98.99 Y401.33 Z28 E33.37
G1 F3545 X100.34 Y398.7 Z28 E33.36
G1 F3547 X101.51 Y395.98 Z28 E33.37
G1 F3545 X102.65 Y393.25 Z28 E33.36
G1 F3547 X103.57 Y390.44 Z28 E33.37
G1 F3545 X104.47 Y387.62 Z28 E33.36
G1 F3547 X105.14 Y384.74 Z28 E33.37
G1 F3545 X105.78 Y381.85 Z28 E33.36
G1 F3547 X106.17 Y378.92 Z28 E33.37
G1 F3545 X106.53 Y375.99 Z28 E33.36
G1 F3547 X106.64 Y373.03 Z28 E33.37
G1 F3545 X106.71 Y370.07 Z28 E33.36
G1 F3547 X106.53 Y367.12 Z28 E33.37
G1 F3545 X106.31 Y364.17 Z28 E33.36
G1 F3547 X105.85 Y361.25 Z28 E33.37
G1 F3545 X105.35 Y358.33 Z28 E33.36
G1 F3547 X104.62 Y355.47 Z28 E33.37
G1 F3545 X103.85 Y352.61 Z28 E33.36
G1 F3547 X102.86 Y349.82 Z28 E33.37
G1 F3545 X101.84 Y347.05 Z28 E33.36
G1 F3547 X100.62 Y344.35 Z28 E33.37
G1 F3545 X99.37 Y341.67 Z28 E33.36
G1 F3547 X97.94 Y339.08 Z28 E33.37
G1 F3545 X96.48 Y336.51 Z28 E33.36
G1 F3547 X94.86 Y334.03 Z28 E33.37
G1 F3545 X93.22 Y331.57 Z28 E33.36
G1 F3547 X91.41 Y329.23 Z28 E33.37
G1 F3547 X89.57 Y326.91 Z28 E33.37
G1 F3546 X87.74 Y324.59 Z28 E33.37
G1 F3547 X85.81 Y322.34 Z28 E33.37
G1 F3547 X83.87 Y320.11 Z28 E33.37
G1 F3547 X81.94 Y317.87 Z28 E33.37
G1 F3545 X80 Y315.64 Z28 E33.36
G1 F3547 X78.21 Y313.28 Z28 E33.37
G1 F3547 X76.45 Y310.9 Z28 E33.37
G1 F3545 X74.69 Y308.52 Z28 E33.36
G1 F3547 X73.11 Y306.02 Z28 E33.37
G1 F3545 X71.56 Y303.5 Z28 E33.36
G1 F3547 X70.18 Y300.89 Z28 E33.37
G1 F3545 X68.83 Y298.25 Z28 E33.36
G1 F3547 X67.67 Y295.54 Z28 E33.37
G1 F3545 X66.53 Y292.8 Z28 E33.36
G1 F3547 X65.6 Y290 Z28 E33.37
G1 F3545 X64.71 Y287.17 Z28 E33.36
G1 F3547 X64.04 Y284.29 Z28 E33.37
G1 F3544 X63.41 Y281.4 Z28 E33.35
G1 F3547 X63.02 Y278.47 Z28 E33.37
G1 F3544 X62.67 Y275.53 Z28 E33.35
G1 F3547 X62.56 Y272.58 Z28 E33.37
G1 F3544 X62.49 Y269.62 Z28 E33.35
G1 F3547 X62.67 Y266.67 Z28 E33.37
G1 F3544 X62.89 Y263.72 Z28 E33.35
G1 F3547 X63.35 Y260.8 Z28 E33.37
G1 F3544 X63.86 Y257.88 Z28 E33.35
G1 F3547 X64.59 Y255.02 Z28 E33.37
G1 F3545 X65.36 Y252.16 Z28 E33.36
G1 F3547 X66.35 Y249.37 Z28 E33.37
G1 F3545 X67.38 Y246.6 Z28 E33.36
G1 F3547 X68.59 Y243.9 Z28 E33.37
G1 F3545 X69.85 Y241.23 Z28 E33.36
G1 F3547 X71.28 Y238.64 Z28 E33.37
G1 F3545 X72.74 Y236.06 Z28 E33.36
G1 F3547 X74.35 Y233.59 Z28 E33.37
G1 F3545 X76 Y231.13 Z28 E33.36
G1 F3547 X77.81 Y228.78 Z28 E33.37
G1 F3547 X79.64 Y226.47 Z28 E33.37
G1 F3546 X81.48 Y224.15 Z28 E33.37
G1 F3547 X83.4 Y221.9 Z28 E33.37
G1 F3547 X85.34 Y219.66 Z28 E33.37
G1 F3547 X87.28 Y217.42 Z28 E33.37
G1 F3545 X89.21 Y215.19 Z28 E33.36
G1 F3547 X91 Y212.83 Z28 E33.37
G1 F3547 X92.76 Y210.45 Z28 E33.37
G1 F3544 X94.51 Y208.07 Z28 E33.36
G1 F3547 X96.1 Y205.57 Z28 E33.37
G1 F3545 X97.64 Y203.05 Z28 E33.36
G1 F3547 X99.02 Y200.43 Z28 E33.37
G1 F3545 X100.37 Y197.8 Z28 E33.36
G1 F3547 X101.54 Y195.08 Z28 E33.37
G1 F3544 X102.67 Y192.35 Z28 E33.35
G1 F3547 X103.6 Y189.54 Z28 E33.37
G1 F3544 X104.48 Y186.72 Z28 E33.35
G1 F3547 X105.15 Y183.84 Z28 E33.37
G1 F3544 X105.78 Y180.95 Z28 E33.35
G1 F3547 X106.18 Y178.02 Z28 E33.37
G1 F3544 X106.52 Y175.08 Z28 E33.35
G1 F3547 X106.63 Y172.12 Z28 E33.37
G1 F3544 X106.69 Y169.16 Z28 E33.35
G1 F3547 X106.52 Y166.21 Z28 E33.37
G1 F3544 X106.29 Y163.26 Z28 E33.35
G1 F3547 X105.83 Y160.34 Z28 E33.37
G1 F3544 X105.32 Y157.43 Z28 E33.35
G1 F3547 X104.59 Y154.56 Z28 E33.37
G1 F3544 X103.81 Y151.71 Z28 E33.35
G1 F3547 X102.83 Y148.92 Z28 E33.37
G1 F3544 X101.79 Y146.15 Z28 E33.35
G1 F3547 X100.58 Y143.45 Z28 E33.37
G1 F3545 X99.32 Y140.78 Z28 E33.36
G1 F3547 X97.89 Y138.18 Z28 E33.37
G1 F3545 X96.43 Y135.62 Z28 E33.36
G1 F3547 X94.81 Y133.14 Z28 E33.37
G1 F3545 X93.16 Y130.68 Z28 E33.36
G1 F3547 X91.36 Y128.34 Z28 E33.37
G1 F3547 X89.51 Y126.02 Z28 E33.37
G1 F3546 X87.67 Y123.71 Z28 E33.37
G1 F3547 X85.75 Y121.46 Z28 E33.37
G1 F3547 X83.82 Y119.22 Z28 E33.37
G1 F3547 X81.88 Y116.99 Z28 E33.37
G1 F3545 X79.94 Y114.75 Z28 E33.36
G1 F3547 X78.15 Y112.4 Z28 E33.37
G1 F3547 X76.4 Y110.01 Z28 E33.37
G1 F3544 X74.64 Y107.63 Z28 E33.35
G1 F3547 X73.06 Y105.13 Z28 E33.37
G1 F3545 X71.52 Y102.61 Z28 E33.36
G1 F3547 X70.13 Y99.99 Z28 E33.37
G1 F3544 X68.79 Y97.36 Z28 E33.35
G1 F3547 X67.62 Y94.64 Z28 E33.37
G1 F3544 X66.5 Y91.9 Z28 E33.35
G1 F3547 X65.57 Y89.1 Z28 E33.37
G1 F3545 X64.69 Y86.27 Z28 E33.36
G1 F3546 X63.97 Y83.4 Z28 E33.37
G1 F3545 X63.41 Y80.5 Z28 E33.36
G1 F3539 X63.05 Y77.56 Z28 E33.3
G1 F3463 X63.09 Y74.61 Z28 E32.59
G1 F3430 X64.31 Y71.99 Z28 E32.28
G1 F3526 X66.81 Y70.6 Z28 E33.18
G1 F3545 X69.72 Y70.13 Z28 E33.36
G1 F3546 X72.67 Y70 Z28 E33.37
G1 F3547 X75.63 Y69.98 Z28 E33.37
G1 F3547 X78.59 Y69.99 Z28 E33.37
G1 F3547 X81.55 Y69.99 Z28 E33.37
G1 F3547 X84.51 Y69.99 Z28 E33.37
G1 F3547 X87.46 Y69.99 Z28 E33.37
G1 F3547 X90.42 Y69.99 Z28 E33.37
G1 F3547 X93.38 Y69.99 Z28 E33.37
G1 F3547 X96.34 Y70 Z28 E33.37
G1 F3547 X99.3 Y70 Z28 E33.37
G1 F3547 X102.26 Y70 Z28 E33.37
G1 F3547 X105.22 Y70 Z28 E33.37
G1 F3547 X108.18 Y70 Z28 E33.37
G1 F3547 X111.13 Y70 Z28 E33.37
G1 F3547 X114.09 Y70.01 Z28 E33.37
G1 F3547 X117.05 Y70.01 Z28 E33.37
G1 F3547 X120.01 Y70.01 Z28 E33.37
G1 F3547 X122.97 Y70.01 Z28 E33.37
G1 F3547 X125.93 Y70.01 Z28 E33.37
G1 F3547 X128.89 Y70.01 Z28 E33.37
G1 F3547 X131.85 Y70.02 Z28 E33.37
G1 F3547 X134.8 Y70.02 Z28 E33.37
G1 F3547 X137.76 Y70.02 Z28 E33.37
G1 F3547 X140.72 Y70.02 Z28 E33.37
G1 F3547 X143.68 Y70.02 Z28 E33.37
G1 F3547 X146.64 Y70.02 Z28 E33.37
G1 F3545 X149.6 Y70.02 Z28 E33.36
G1 F3538 X152.55 Y70.18 Z28 E33.29
G1 F3477 X155.45 Y70.76 Z28 E32.72
G1 F3422 X157.83 Y72.41 Z28 E32.2
G1 F3531 X158.74 Y75.11 Z28 E33.23
G1 F3543 X158.74 Y78.06 Z28 E33.35
G1 F3545 X158.36 Y80.99 Z28 E33.36
G1 F3545 X157.78 Y83.89 Z28 E33.36
G1 F3547 X157 Y86.74 Z28 E33.37
G1 F3544 X156.17 Y89.58 Z28 E33.35
G1 F3547 X155.15 Y92.36 Z28 E33.37
G1 F3545 X154.08 Y95.12 Z28 E33.36
G1 F3547 X152.82 Y97.79 Z28 E33.37
G1 F3545 X151.53 Y100.45 Z28 E33.36
G1 F3547 X150.07 Y103.03 Z28 E33.37
G1 F3545 X148.57 Y105.58 Z28 E33.36
G1 F3547 X146.92 Y108.03 Z28 E33.37
G1 F3545 X145.24 Y110.47 Z28 E33.36
G1 F3547 X143.44 Y112.82 Z28 E33.37
G1 F3546 X141.61 Y115.14 Z28 E33.37
G1 F3547 X139.7 Y117.4 Z28 E33.37
G1 F3547 X137.77 Y119.64 Z28 E33.37
G1 F3547 X135.84 Y121.89 Z28 E33.37
G1 F3547 X133.91 Y124.13 Z28 E33.37
G1 F3545 X131.99 Y126.37 Z28 E33.36
G1 F3547 X130.18 Y128.72 Z28 E33.37
G1 F3545 X128.42 Y131.09 Z28 E33.36
G1 F3547 X126.78 Y133.56 Z28 E33.37
G1 F3545 X125.18 Y136.05 Z28 E33.36
G1 F3547 X123.73 Y138.62 Z28 E33.37
G1 F3545 X122.32 Y141.23 Z28 E33.36
G1 F3547 X121.08 Y143.91 Z28 E33.37
G1 F3544 X119.88 Y146.62 Z28 E33.35
G1 F3547 X118.87 Y149.39 Z28 E33.37
G1 F3544 X117.91 Y152.19 Z28 E33.35
G1 F3547 X117.15 Y155.05 Z28 E33.37
G1 F3544 X116.44 Y157.92 Z28 E33.35
G1 F3547 X115.95 Y160.84 Z28 E33.37
G1 F3544 X115.52 Y163.76 Z28 E33.35
G1 F3547 X115.31 Y166.71 Z28 E33.37
G1 F3543 X115.16 Y169.67 Z28 E33.35
G1 F3547 X115.24 Y172.62 Z28 E33.37
G1 F3544 X115.38 Y175.58 Z28 E33.35
G1 F3547 X115.75 Y178.51 Z28 E33.37
G1 F3544 X116.18 Y181.44 Z28 E33.35
G1 F3547 X116.81 Y184.33 Z28 E33.37
G1 F3544 X117.52 Y187.2 Z28 E33.35
G1 F3547 X118.42 Y190.02 Z28 E33.37
G1 F3544 X119.38 Y192.82 Z28 E33.35
G1 F3547 X120.52 Y195.54 Z28 E33.37
G1 F3544 X121.71 Y198.25 Z28 E33.35
G1 F3547 X123.07 Y200.88 Z28 E33.37
G1 F3545 X124.48 Y203.48 Z28 E33.36
G1 F3547 X126.03 Y206 Z28 E33.37
G1 F3544 X127.63 Y208.49 Z28 E33.35
G1 F3547 X129.38 Y210.87 Z28 E33.37
G1 F3547 X131.18 Y213.22 Z28 E33.37
G1 F3546 X132.98 Y215.56 Z28 E33.37
G1 F3547 X134.88 Y217.83 Z28 E33.37
G1 F3547 X136.8 Y220.08 Z28 E33.37
G1 F3547 X138.73 Y222.32 Z28 E33.37
G1 F3547 X140.66 Y224.57 Z28 E33.37
G1 F3545 X142.59 Y226.81 Z28 E33.36
G1 F3547 X144.39 Y229.16 Z28 E33.37
G1 F3545 X146.15 Y231.53 Z28 E33.36
G1 F3547 X147.79 Y234 Z28 E33.37
G1 F3545 X149.38 Y236.49 Z28 E33.36
G1 F3547 X150.83 Y239.07 Z28 E33.37
G1 F3544 X152.24 Y241.67 Z28 E33.35
G1 F3547 X153.48 Y244.35 Z28 E33.37
G1 F3544 X154.67 Y247.06 Z28 E33.35
G1 F3547 X155.69 Y249.84 Z28 E33.37
G1 F3544 X156.64 Y252.64 Z28 E33.35
G1 F3547 X157.41 Y255.5 Z28 E33.37
G1 F3543 X158.1 Y258.37 Z28 E33.34
G1 F3547 X158.6 Y261.29 Z28 E33.37
G1 F3543 X159.02 Y264.21 Z28 E33.34
G1 F3547 X159.23 Y267.16 Z28 E33.37
G1 F3543 X159.37 Y270.12 Z28 E33.34
G1 F3547 X159.3 Y273.07 Z28 E33.37
G1 F3543 X159.14 Y276.03 Z28 E33.34
G1 F3547 X158.79 Y278.96 Z28 E33.37
G1 F3543 X158.35 Y281.89 Z28 E33.34
G1 F3547 X157.72 Y284.78 Z28 E33.37
G1 F3544 X157.01 Y287.65 Z28 E33.35
G1 F3547 X156.11 Y290.47 Z28 E33.37
G1 F3544 X155.15 Y293.26 Z28 E33.35
G1 F3547 X154.01 Y295.99 Z28 E33.37
G1 F3544 X152.81 Y298.7 Z28 E33.35
G1 F3547 X151.46 Y301.32 Z28 E33.37
G1 F3545 X150.04 Y303.92 Z28 E33.36
G1 F3547 X148.49 Y306.44 Z28 E33.37
G1 F3544 X146.89 Y308.93 Z28 E33.35
G1 F3547 X145.14 Y311.32 Z28 E33.37
G1 F3547 X143.34 Y313.66 Z28 E33.37
G1 F3546 X141.53 Y316 Z28 E33.36
G1 F3547 X139.64 Y318.28 Z28 E33.37
G1 F3547 X137.72 Y320.53 Z28 E33.37
G1 F3547 X135.79 Y322.77 Z28 E33.37
G1 F3547 X133.87 Y325.02 Z28 E33.37
G1 F3545 X131.94 Y327.26 Z28 E33.36
G1 F3547 X130.13 Y329.6 Z28 E33.37
G1 F3545 X128.38 Y331.98 Z28 E33.36
G1 F3547 X126.74 Y334.45 Z28 E33.37
G1 F3544 X125.15 Y336.94 Z28 E33.35
G1 F3547 X123.69 Y339.52 Z28 E33.37
G1 F3544 X122.3 Y342.12 Z28 E33.35
G1 F3547 X121.05 Y344.8 Z28 E33.37
G1 F3544 X119.86 Y347.52 Z28 E33.35
G1 F3547 X118.84 Y350.29 Z28 E33.37
G1 F3543 X117.9 Y353.09 Z28 E33.35
G1 F3547 X117.13 Y355.95 Z28 E33.37
G1 F3543 X116.44 Y358.83 Z28 E33.34
G1 F3547 X115.94 Y361.74 Z28 E33.37
G1 F3543 X115.53 Y364.67 Z28 E33.34
G1 F3547 X115.31 Y367.62 Z28 E33.37
G1 F3543 X115.18 Y370.57 Z28 E33.34
G1 F3547 X115.25 Y373.53 Z28 E33.37
G1 F3543 X115.41 Y376.48 Z28 E33.34
G1 F3547 X115.76 Y379.42 Z28 E33.37
G1 F3543 X116.21 Y382.34 Z28 E33.34
G1 F3547 X116.84 Y385.23 Z28 E33.37
G1 F3543 X117.55 Y388.1 Z28 E33.34
G1 F3547 X118.44 Y390.92 Z28 E33.37
G1 F3544 X119.42 Y393.71 Z28 E33.35
G1 F3547 X120.55 Y396.44 Z28 E33.37
G1 F3544 X121.76 Y399.15 Z28 E33.35
G1 F3547 X123.11 Y401.78 Z28 E33.37
G1 F3544 X124.53 Y404.37 Z28 E33.35
G1 F3547 X126.07 Y406.89 Z28 E33.37
G1 F3544 X127.68 Y409.38 Z28 E33.35
G1 F3547 X129.42 Y411.76 Z28 E33.37
G1 F3547 X131.23 Y414.1 Z28 E33.37
G1 F3546 X133.04 Y416.44 Z28 E33.36
G1 F3547 X134.93 Y418.72 Z28 E33.37
G1 F3547 X136.86 Y420.97 Z28 E33.37
G1 F3547 X138.79 Y423.21 Z28 E33.37
G1 F3547 X140.71 Y425.46 Z28 E33.37
G1 F3544 X142.64 Y427.7 Z28 E33.35
G1 F3547 X144.45 Y430.04 Z28 E33.37
G1 F3545 X146.2 Y432.42 Z28 E33.36
G1 F3547 X147.84 Y434.88 Z28 E33.37
G1 F3544 X149.43 Y437.38 Z28 E33.35
G1 F3547 X150.89 Y439.96 Z28 E33.37
G1 F3544 X152.28 Y442.57 Z28 E33.35
G1 F3547 X153.53 Y445.25 Z28 E33.37
G1 F3544 X154.7 Y447.96 Z28 E33.35
G1 F3547 X155.73 Y450.73 Z28 E33.37
G1 F3543 X156.66 Y453.54 Z28 E33.34
G1 F3547 X157.43 Y456.39 Z28 E33.37
G1 F3543 X158.1 Y459.28 Z28 E33.34
G1 F3542 X158.61 Y462.19 Z28 E33.33
G1 F3510 X158.82 Y465.14 Z28 E33.03
G1 F3378 X158.35 Y468.03 Z28 E31.79
G1 F3473 X156.53 Y470.18 Z28 E32.68
G1 F3538 X153.81 Y471.17 Z28 E33.29
G1 F3545 X150.88 Y471.48 Z28 E33.36
G1 F3547 X147.92 Y471.53 Z28 E33.37
G1 F3547 X144.96 Y471.54 Z28 E33.37
G1 F3547 X142 Y471.54 Z28 E33.37
G1 F3547 X139.04 Y471.55 Z28 E33.37
G1 F3547 X136.08 Y471.55 Z28 E33.37
G1 F3547 X133.12 Y471.56 Z28 E33.37
G1 F3547 X130.17 Y471.57 Z28 E33.37
G1 F3547 X127.21 Y471.57 Z28 E33.37
G1 F3547 X124.25 Y471.58 Z28 E33.37
G1 F3532 X121.29 Y471.58 Z28 E33.24
G1 F3523 X118.35 Y471.59 Z28.2 E33.15
G1 F3502 X115.66 Y471.59 Z29.37 E32.96
G1 F3547 X112.8 Y471.58 Z30 E33.37
G1 F3547 X109.84 Y471.58 Z30 E33.37
G1 F3547 X106.88 Y471.57 Z30 E33.37
G1 F3547 X103.93 Y471.56 Z30 E33.37
G1 F3547 X100.97 Y471.55 Z30 E33.37
G1 F3547 X98.01 Y471.55 Z30 E33.37
G1 F3547 X95.05 Y471.54 Z30 E33.37
G1 F3547 X92.09 Y471.53 Z30 E33.37
G1 F3547 X89.13 Y471.52 Z30 E33.37
G1 F3547 X86.17 Y471.52 Z30 E33.37
G1 F3547 X83.21 Y471.51 Z30 E33.37
G1 F3547 X80.26 Y471.5 Z30 E33.37
G1 F3547 X77.3 Y471.5 Z30 E33.37
G1 F3547 X74.34 Y471.49 Z30 E33.37
G1 F3546 X71.38 Y471.48 Z30 E33.37
G1 F3543 X68.44 Y471.18 Z30 E33.34
G1 F3526 X65.67 Y470.15 Z30 E33.18
G1 F3546 X64.13 Y467.64 Z30 E33.37
G1 F3546 X63.95 Y464.68 Z30 E33.37
G1 F3546 X64.24 Y461.74 Z30 E33.37
G1 F3546 X64.74 Y458.82 Z30 E33.37
G1 F3547 X65.41 Y455.94 Z30 E33.37
G1 F3546 X66.27 Y453.11 Z30 E33.37
G1 F3547 X67.13 Y450.28 Z30 E33.37
G1 F3546 X68.22 Y447.53 Z30 E33.37
G1 F3547 X69.33 Y444.79 Z30 E33.37
G1 F3546 X70.64 Y442.14 Z30 E33.37
G1 F3547 X71.96 Y439.49 Z30 E33.37
G1 F3546 X73.48 Y436.94 Z30 E33.37
G1 F3547 X74.99 Y434.41 Z30 E33.37
G1 F3547 X76.72 Y432 Z30 E33.37
G1 F3546 X78.45 Y429.6 Z30 E33.37
G1 F3547 X80.18 Y427.2 Z30 E33.37
G1 F3547 X82.09 Y424.94 Z30 E33.37
G1 F3547 X83.99 Y422.68 Z30 E33.37
G1 F3547 X85.9 Y420.41 Z30 E33.37
G1 F3546 X87.8 Y418.15 Z30 E33.37
G1 F3547 X89.7 Y415.88 Z30 E33.37
G1 F3547 X91.45 Y413.49 Z30 E33.37
G1 F3546 X93.19 Y411.1 Z30 E33.37
G1 F3547 X94.93 Y408.71 Z30 E33.37
G1 F3546 X96.46 Y406.17 Z30 E33.37
G1 F3547 X97.98 Y403.64 Z30 E33.37
G1 F3546 X99.32 Y401 Z30 E33.37
G1 F3547 X100.65 Y398.36 Z30 E33.37
G1 F3546 X101.77 Y395.62 Z30 E33.37
G1 F3547 X102.89 Y392.88 Z30 E33.37
G1 F3546 X103.77 Y390.05 Z30 E33.37
G1 F3547 X104.64 Y387.23 Z30 E33.37
G1 F3546 X105.27 Y384.34 Z30 E33.37
G1 F3547 X105.88 Y381.44 Z30 E33.37
G1 F3546 X106.24 Y378.51 Z30 E33.37
G1 F3547 X106.58 Y375.57 Z30 E33.37
G1 F3546 X106.66 Y372.61 Z30 E33.37
G1 F3547 X106.72 Y369.65 Z30 E33.37
G1 F3546 X106.51 Y366.7 Z30 E33.37
G1 F3547 X106.29 Y363.75 Z30 E33.37
G1 F3546 X105.8 Y360.83 Z30 E33.37
G1 F3547 X105.31 Y357.92 Z30 E33.37
G1 F3546 X104.56 Y355.05 Z30 E33.37
G1 F3547 X103.79 Y352.19 Z30 E33.37
G1 F3546 X102.8 Y349.41 Z30 E33.37
G1 F3547 X101.79 Y346.63 Z30 E33.37
G1 F3546 X100.56 Y343.94 Z30 E33.37
G1 F3547 X99.33 Y341.25 Z30 E33.37
G1 F3546 X97.89 Y338.66 Z30 E33.37
G1 F3547 X96.45 Y336.08 Z30 E33.37
G1 F3546 X94.83 Y333.6 Z30 E33.37
G1 F3547 X93.21 Y331.13 Z30 E33.37
G1 F3547 X91.4 Y328.79 Z30 E33.37
G1 F3546 X89.58 Y326.45 Z30 E33.37
G1 F3547 X87.77 Y324.11 Z30 E33.37
G1 F3547 X85.85 Y321.86 Z30 E33.37
G1 F3547 X83.94 Y319.6 Z30 E33.37
G1 F3546 X82.03 Y317.34 Z30 E33.37
G1 F3547 X80.13 Y315.08 Z30 E33.37
G1 F3547 X78.4 Y312.68 Z30 E33.37
G1 F3546 X76.67 Y310.28 Z30 E33.37
G1 F3547 X74.94 Y307.87 Z30 E33.37
G1 F3546 X73.43 Y305.33 Z30 E33.37
G1 F3547 X71.92 Y302.78 Z30 E33.37
G1 F3546 X70.6 Y300.14 Z30 E33.37
G1 F3547 X69.29 Y297.48 Z30 E33.37
G1 F3546 X68.19 Y294.74 Z30 E33.37
G1 F3547 X67.1 Y291.99 Z30 E33.37
G1 F3546 X66.24 Y289.16 Z30 E33.37
G1 F3547 X65.39 Y286.32 Z30 E33.37
G1 F3546 X64.79 Y283.43 Z30 E33.37
G1 F3547 X64.2 Y280.53 Z30 E33.37
G1 F3546 X63.86 Y277.59 Z30 E33.37
G1 F3547 X63.55 Y274.65 Z30 E33.37
G1 F3546 X63.49 Y271.69 Z30 E33.37
G1 F3547 X63.46 Y268.73 Z30 E33.37
G1 F3546 X63.69 Y265.78 Z30 E33.37
G1 F3547 X63.94 Y262.83 Z30 E33.37
G1 F3546 X64.44 Y259.92 Z30 E33.37
G1 F3547 X64.96 Y257.01 Z30 E33.37
G1 F3546 X65.73 Y254.15 Z30 E33.37
G1 F3547 X66.52 Y251.3 Z30 E33.37
G1 F3546 X67.54 Y248.52 Z30 E33.37
G1 F3547 X68.57 Y245.75 Z30 E33.37
G1 F3546 X69.81 Y243.06 Z30 E33.37
G1 F3547 X71.06 Y240.38 Z30 E33.37
G1 F3546 X72.51 Y237.8 Z30 E33.37
G1 F3547 X73.97 Y235.23 Z30 E33.37
G1 F3546 X75.6 Y232.76 Z30 E33.37
G1 F3547 X77.24 Y230.3 Z30 E33.37
G1 F3547 X79.06 Y227.97 Z30 E33.37
G1 F3546 X80.89 Y225.64 Z30 E33.37
G1 F3547 X82.71 Y223.31 Z30 E33.37
G1 F3547 X84.62 Y221.05 Z30 E33.37
G1 F3547 X86.53 Y218.79 Z30 E33.37
G1 F3546 X88.44 Y216.53 Z30 E33.37
G1 F3547 X90.34 Y214.26 Z30 E33.37
G1 F3547 X92.06 Y211.85 Z30 E33.37
G1 F3546 X93.77 Y209.44 Z30 E33.37
G1 F3547 X95.48 Y207.02 Z30 E33.37
G1 F3546 X96.98 Y204.47 Z30 E33.37
G1 F3547 X98.47 Y201.92 Z30 E33.37
G1 F3546 X99.77 Y199.26 Z30 E33.37
G1 F3547 X101.06 Y196.6 Z30 E33.37
G1 F3546 X102.15 Y193.85 Z30 E33.37
G1 F3547 X103.22 Y191.09 Z30 E33.37
G1 F3546 X104.06 Y188.25 Z30 E33.37
G1 F3547 X104.88 Y185.41 Z30 E33.37
G1 F3545 X105.47 Y182.51 Z30 E33.36
G1 F3547 X106.03 Y179.61 Z30 E33.37
G1 F3545 X106.34 Y176.67 Z30 E33.36
G1 F3547 X106.63 Y173.72 Z30 E33.37
G1 F3545 X106.66 Y170.76 Z30 E33.36
G1 F3547 X106.67 Y167.81 Z30 E33.37
G1 F3545 X106.42 Y164.86 Z30 E33.36
G1 F3547 X106.15 Y161.91 Z30 E33.37
G1 F3545 X105.62 Y159 Z30 E33.36
G1 F3547 X105.07 Y156.09 Z30 E33.37
G1 F3546 X104.28 Y153.24 Z30 E33.37
G1 F3547 X103.48 Y150.4 Z30 E33.37
G1 F3546 X102.44 Y147.63 Z30 E33.37
G1 F3547 X101.39 Y144.86 Z30 E33.37
G1 F3546 X100.13 Y142.18 Z30 E33.37
G1 F3547 X98.85 Y139.52 Z30 E33.37
G1 F3546 X97.39 Y136.94 Z30 E33.37
G1 F3547 X95.91 Y134.38 Z30 E33.37
G1 F3546 X94.27 Y131.92 Z30 E33.37
G1 F3547 X92.61 Y129.47 Z30 E33.37
G1 F3546 X90.81 Y127.12 Z30 E33.37
G1 F3547 X89 Y124.78 Z30 E33.37
G1 F3547 X87.09 Y122.52 Z30 E33.37
G1 F3547 X85.19 Y120.26 Z30 E33.37
G1 F3547 X83.28 Y117.99 Z30 E33.37
G1 F3546 X81.38 Y115.73 Z30 E33.37
G1 F3547 X79.49 Y113.45 Z30 E33.37
G1 F3547 X77.78 Y111.03 Z30 E33.37
G1 F3545 X76.08 Y108.62 Z30 E33.36
G1 F3547 X74.39 Y106.19 Z30 E33.37
G1 F3546 X72.9 Y103.63 Z30 E33.37
G1 F3547 X71.43 Y101.06 Z30 E33.37
G1 F3546 X70.15 Y98.4 Z30 E33.37
G1 F3547 X68.88 Y95.73 Z30 E33.37
G1 F3545 X67.81 Y92.97 Z30 E33.36
G1 F3547 X66.77 Y90.2 Z30 E33.37
G1 F3546 X65.95 Y87.36 Z30 E33.37
G1 F3546 X65.14 Y84.51 Z30 E33.37
G1 F3545 X64.54 Y81.62 Z30 E33.36
G1 F3540 X64.11 Y78.69 Z30 E33.31
G1 F3486 X63.98 Y75.74 Z30 E32.8
G1 F3493 X64.58 Y72.89 Z30 E32.87
G1 F3538 X66.75 Y70.95 Z30 E33.3
G1 F3545 X69.61 Y70.23 Z30 E33.36
G1 F3547 X72.56 Y70.03 Z30 E33.37
G1 F3547 X75.52 Y70.03 Z30 E33.37
G1 F3547 X78.48 Y70.02 Z30 E33.37
G1 F3547 X81.44 Y70.02 Z30 E33.37
G1 F3547 X84.4 Y70.02 Z30 E33.37
G1 F3547 X87.36 Y70.02 Z30 E33.37
G1 F3547 X90.31 Y70.01 Z30 E33.37
G1 F3547 X93.27 Y70.01 Z30 E33.37
G1 F3547 X96.23 Y70.01 Z30 E33.37
G1 F3547 X99.19 Y70 Z30 E33.37
G1 F3547 X102.15 Y70 Z30 E33.37
G1 F3547 X105.11 Y70 Z30 E33.37
G1 F3547 X108.07 Y69.99 Z30 E33.37
G1 F3547 X111.03 Y69.99 Z30 E33.37
G1 F3547 X113.98 Y69.99 Z30 E33.37
G1 F3547 X116.94 Y69.98 Z30 E33.37
G1 F3547 X119.9 Y69.98 Z30 E33.37
G1 F3547 X122.86 Y69.98 Z30 E33.37
G1 F3547 X125.82 Y69.98 Z30 E33.37
G1 F3547 X128.78 Y69.97 Z30 E33.37
G1 F3547 X131.74 Y69.97 Z30 E33.37
G1 F3547 X134.7 Y69.97 Z30 E33.37
G1 F3547 X137.65 Y69.96 Z30 E33.37
G1 F3547 X140.61 Y69.96 Z30 E33.37
G1 F3547 X143.57 Y69.98 Z30 E33.37
G1 F3546 X146.53 Y70 Z30 E33.37
G1 F3542 X149.49 Y70.04 Z30 E33.33
G1 F3505 X152.43 Y70.29 Z30 E32.98
G1 F3423 X155.25 Y71.08 Z30 E32.21
G1 F3529 X157.33 Y73.03 Z30 E33.21
G1 F3543 X157.87 Y75.93 Z30 E33.34
G1 F3545 X157.73 Y78.88 Z30 E33.36
G1 F3545 X157.29 Y81.81 Z30 E33.36
G1 F3547 X156.66 Y84.7 Z30 E33.37
G1 F3544 X155.87 Y87.55 Z30 E33.36
G1 F3547 X155.02 Y90.38 Z30 E33.37
G1 F3545 X153.98 Y93.15 Z30 E33.36
G1 F3547 X152.9 Y95.9 Z30 E33.37
G1 F3545 X151.63 Y98.58 Z30 E33.36
G1 F3547 X150.33 Y101.23 Z30 E33.37
G1 F3545 X148.86 Y103.8 Z30 E33.36
G1 F3547 X147.36 Y106.35 Z30 E33.37
G1 F3545 X145.71 Y108.8 Z30 E33.36
G1 F3547 X144.03 Y111.24 Z30 E33.37
G1 F3546 X142.23 Y113.59 Z30 E33.37
G1 F3547 X140.41 Y115.91 Z30 E33.37
G1 F3547 X138.5 Y118.18 Z30 E33.37
G1 F3547 X136.6 Y120.45 Z30 E33.37
G1 F3547 X134.7 Y122.71 Z30 E33.37
G1 F3544 X132.79 Y124.98 Z30 E33.36
G1 F3547 X130.93 Y127.27 Z30 E33.37
G1 F3547 X129.23 Y129.69 Z30 E33.37
G1 F3544 X127.52 Y132.11 Z30 E33.35
G1 F3547 X125.86 Y134.56 Z30 E33.37
G1 F3545 X124.38 Y137.12 Z30 E33.36
G1 F3547 X122.94 Y139.7 Z30 E33.37
G1 F3545 X121.65 Y142.37 Z30 E33.36
G1 F3547 X120.42 Y145.05 Z30 E33.37
G1 F3544 X119.36 Y147.81 Z30 E33.35
G1 F3547 X118.34 Y150.59 Z30 E33.37
G1 F3544 X117.53 Y153.43 Z30 E33.35
G1 F3547 X116.76 Y156.29 Z30 E33.37
G1 F3544 X116.2 Y159.2 Z30 E33.35
G1 F3547 X115.7 Y162.11 Z30 E33.37
G1 F3544 X115.42 Y165.06 Z30 E33.35
G1 F3547 X115.2 Y168 Z30 E33.37
G1 F3544 X115.2 Y170.96 Z30 E33.35
G1 F3547 X115.25 Y173.92 Z30 E33.37
G1 F3544 X115.53 Y176.86 Z30 E33.35
G1 F3547 X115.87 Y179.8 Z30 E33.37
G1 F3544 X116.43 Y182.71 Z30 E33.35
G1 F3547 X117.04 Y185.6 Z30 E33.37
G1 F3544 X117.86 Y188.44 Z30 E33.35
G1 F3547 X118.72 Y191.27 Z30 E33.37
G1 F3545 X119.78 Y194.03 Z30 E33.36
G1 F3547 X120.89 Y196.78 Z30 E33.37
G1 F3545 X122.17 Y199.44 Z30 E33.36
G1 F3547 X123.5 Y202.09 Z30 E33.37
G1 F3544 X124.98 Y204.65 Z30 E33.35
G1 F3547 X126.51 Y207.18 Z30 E33.37
G1 F3547 X128.21 Y209.6 Z30 E33.37
G1 F3545 X129.91 Y212.02 Z30 E33.36
G1 F3547 X131.65 Y214.41 Z30 E33.37
G1 F3547 X133.55 Y216.68 Z30 E33.37
G1 F3547 X135.44 Y218.95 Z30 E33.37
G1 F3547 X137.33 Y221.23 Z30 E33.37
G1 F3547 X139.23 Y223.5 Z30 E33.37
G1 F3545 X141.12 Y225.78 Z30 E33.36
G1 F3547 X142.98 Y228.08 Z30 E33.37
G1 F3545 X144.71 Y230.48 Z30 E33.36
G1 F3547 X146.4 Y232.9 Z30 E33.37
G1 F3545 X147.96 Y235.42 Z30 E33.36
G1 F3547 X149.48 Y237.95 Z30 E33.37
G1 F3545 X150.85 Y240.58 Z30 E33.36
G1 F3547 X152.17 Y243.22 Z30 E33.37
G1 F3544 X153.33 Y245.94 Z30 E33.35
G1 F3547 X154.44 Y248.69 Z30 E33.37
G1 F3544 X155.36 Y251.5 Z30 E33.35
G1 F3547 X156.22 Y254.33 Z30 E33.37
G1 F3544 X156.89 Y257.21 Z30 E33.35
G1 F3547 X157.5 Y260.1 Z30 E33.37
G1 F3544 X157.9 Y263.03 Z30 E33.35
G1 F3547 X158.24 Y265.97 Z30 E33.37
G1 F3544 X158.35 Y268.93 Z30 E33.35
G1 F3547 X158.41 Y271.88 Z30 E33.37
G1 F3544 X158.25 Y274.84 Z30 E33.35
G1 F3547 X158.02 Y277.78 Z30 E33.37
G1 F3544 X157.58 Y280.71 Z30 E33.35
G1 F3547 X157.08 Y283.62 Z30 E33.37
G1 F3544 X156.37 Y286.5 Z30 E33.35
G1 F3547 X155.61 Y289.35 Z30 E33.37
G1 F3544 X154.65 Y292.15 Z30 E33.35
G1 F3547 X153.64 Y294.93 Z30 E33.37
G1 F3545 X152.45 Y297.64 Z30 E33.36
G1 F3547 X151.21 Y300.32 Z30 E33.37
G1 F3545 X149.81 Y302.93 Z30 E33.36
G1 F3547 X148.37 Y305.51 Z30 E33.37
G1 F3544 X146.78 Y308.01 Z30 E33.35
G1 F3547 X145.14 Y310.47 Z30 E33.37
G1 F3547 X143.35 Y312.83 Z30 E33.37
G1 F3546 X141.57 Y315.18 Z30 E33.37
G1 F3547 X139.75 Y317.52 Z30 E33.37
G1 F3547 X137.85 Y319.79 Z30 E33.37
G1 F3547 X135.95 Y322.06 Z30 E33.37
G1 F3547 X134.06 Y324.33 Z30 E33.37
G1 F3545 X132.16 Y326.6 Z30 E33.36
G1 F3547 X130.3 Y328.9 Z30 E33.37
G1 F3545 X128.58 Y331.31 Z30 E33.36
G1 F3547 X126.91 Y333.75 Z30 E33.37
G1 F3545 X125.36 Y336.27 Z30 E33.36
G1 F3547 X123.86 Y338.82 Z30 E33.37
G1 F3544 X122.5 Y341.45 Z30 E33.36
G1 F3547 X121.2 Y344.1 Z30 E33.37
G1 F3544 X120.06 Y346.83 Z30 E33.35
G1 F3547 X118.98 Y349.58 Z30 E33.37
G1 F3544 X118.07 Y352.4 Z30 E33.35
G1 F3547 X117.23 Y355.23 Z30 E33.37
G1 F3544 X116.58 Y358.12 Z30 E33.35
G1 F3547 X116 Y361.02 Z30 E33.37
G1 F3544 X115.62 Y363.95 Z30 E33.35
G1 F3547 X115.31 Y366.89 Z30 E33.37
G1 F3544 X115.21 Y369.85 Z30 E33.35
G1 F3547 X115.18 Y372.81 Z30 E33.37
G1 F3544 X115.37 Y375.76 Z30 E33.35
G1 F3547 X115.62 Y378.71 Z30 E33.37
G1 F3544 X116.08 Y381.63 Z30 E33.35
G1 F3547 X116.61 Y384.54 Z30 E33.37
G1 F3544 X117.34 Y387.4 Z30 E33.35
G1 F3547 X118.12 Y390.25 Z30 E33.37
G1 F3544 X119.1 Y393.05 Z30 E33.35
G1 F3547 X120.14 Y395.82 Z30 E33.37
G1 F3544 X121.34 Y398.52 Z30 E33.36
G1 F3547 X122.6 Y401.19 Z30 E33.37
G1 F3545 X124.02 Y403.79 Z30 E33.36
G1 F3547 X125.48 Y406.36 Z30 E33.37
G1 F3544 X127.08 Y408.85 Z30 E33.35
G1 F3547 X128.73 Y411.3 Z30 E33.37
G1 F3547 X130.54 Y413.65 Z30 E33.37
G1 F3546 X132.34 Y416 Z30 E33.37
G1 F3547 X134.17 Y418.32 Z30 E33.37
G1 F3547 X136.08 Y420.57 Z30 E33.37
G1 F3547 X138 Y422.83 Z30 E33.37
G1 F3545 X139.92 Y425.08 Z30 E33.36
G1 F3547 X141.79 Y427.37 Z30 E33.37
G1 F3547 X143.53 Y429.76 Z30 E33.37
G1 F3544 X145.28 Y432.15 Z30 E33.35
G1 F3547 X146.97 Y434.58 Z30 E33.37
G1 F3545 X148.5 Y437.11 Z30 E33.36
G1 F3547 X149.98 Y439.67 Z30 E33.37
G1 F3544 X151.32 Y442.31 Z30 E33.35
G1 F3547 X152.6 Y444.97 Z30 E33.37
G1 F3544 X153.72 Y447.71 Z30 E33.35
G1 F3547 X154.78 Y450.47 Z30 E33.37
G1 F3544 X155.67 Y453.29 Z30 E33.35
G1 F3547 X156.48 Y456.14 Z30 E33.37
G1 F3543 X157.1 Y459.03 Z30 E33.35
G1 F3541 X157.64 Y461.93 Z30 E33.32
G1 F3487 X157.88 Y464.88 Z30 E32.82
G1 F3391 X157.51 Y467.77 Z30 E31.91
G1 F3505 X155.87 Y470.07 Z30 E32.98
G1 F3542 X153.15 Y471.14 Z30 E33.33
G1 F3546 X150.21 Y471.47 Z30 E33.37
G1 F3547 X147.25 Y471.55 Z30 E33.37
G1 F3547 X144.3 Y471.55 Z30 E33.37
G1 F3547 X141.34 Y471.56 Z30 E33.37
G1 F3547 X138.38 Y471.56 Z30 E33.37
G1 F3547 X135.42 Y471.56 Z30 E33.37
G1 F3547 X132.46 Y471.57 Z30 E33.37
G1 F3547 X129.5 Y471.57 Z30 E33.37
G1 F3547 X126.54 Y471.58 Z30 E33.37
G1 F3547 X123.58 Y471.58 Z30 E33.37
G1 F3529 X120.63 Y471.58 Z30 E33.21
G1 F3547 X117.7 Y471.59 Z30.33 E33.37
G1 F3529 X115.06 Y471.58 Z31.67 E33.21
G1 F3547 X112.14 Y471.58 Z32 E33.37
G1 F3547 X109.18 Y471.58 Z32 E33.37
G1 F3547 X106.22 Y471.58 Z32 E33.37
G1 F3547 X103.26 Y471.57 Z32 E33.37
G1 F3547 X100.3 Y471.57 Z32 E33.37
G1 F3547 X97.34 Y471.57 Z32 E33.37
G1 F3547 X94.39 Y471.56 Z32 E33.37
G1 F3547 X91.43 Y471.56 Z32 E33.37
G1 F3547 X88.47 Y471.56 Z32 E33.37
G1 F3547 X85.51 Y471.55 Z32 E33.37
G1 F3547 X82.55 Y471.55 Z32 E33.37
G1 F3547 X79.59 Y471.55 Z32 E33.37
G1 F3546 X76.63 Y471.54 Z32 E33.37
G1 F3542 X73.67 Y471.51 Z32 E33.34
G1 F3508 X70.73 Y471.3 Z32 E33.01
G1 F3383 X67.88 Y470.61 Z32 E31.83
G1 F3511 X65.7 Y468.82 Z32 E33.04
G1 F3541 X64.97 Y465.99 Z32 E33.33
G1 F3545 X65.05 Y463.03 Z32 E33.36
G1 F3545 X65.45 Y460.1 Z32 E33.36
G1 F3547 X66.05 Y457.21 Z32 E33.37
G1 F3544 X66.81 Y454.35 Z32 E33.35
G1 F3547 X67.62 Y451.51 Z32 E33.37
G1 F3544 X68.62 Y448.72 Z32 E33.35
G1 F3547 X69.68 Y445.96 Z32 E33.37
G1 F3545 X70.9 Y443.27 Z32 E33.36
G1 F3547 X72.18 Y440.6 Z32 E33.37
G1 F3545 X73.61 Y438.01 Z32 E33.36
G1 F3547 X75.08 Y435.44 Z32 E33.37
G1 F3545 X76.69 Y432.96 Z32 E33.36
G1 F3547 X78.34 Y430.5 Z32 E33.37
G1 F3546 X80.11 Y428.13 Z32 E33.37
G1 F3547 X81.9 Y425.78 Z32 E33.37
G1 F3547 X83.78 Y423.5 Z32 E33.37
G1 F3547 X85.66 Y421.21 Z32 E33.37
G1 F3547 X87.54 Y418.92 Z32 E33.37
G1 F3544 X89.42 Y416.64 Z32 E33.35
G1 F3547 X91.25 Y414.32 Z32 E33.37
G1 F3547 X92.93 Y411.88 Z32 E33.37
G1 F3544 X94.61 Y409.45 Z32 E33.35
G1 F3547 X96.24 Y406.98 Z32 E33.37
G1 F3545 X97.7 Y404.41 Z32 E33.36
G1 F3547 X99.12 Y401.81 Z32 E33.37
G1 F3544 X100.38 Y399.13 Z32 E33.35
G1 F3547 X101.59 Y396.44 Z32 E33.37
G1 F3544 X102.63 Y393.67 Z32 E33.35
G1 F3547 X103.62 Y390.88 Z32 E33.37
G1 F3544 X104.42 Y388.03 Z32 E33.35
G1 F3547 X105.16 Y385.17 Z32 E33.37
G1 F3544 X105.71 Y382.26 Z32 E33.35
G1 F3547 X106.19 Y379.34 Z32 E33.37
G1 F3544 X106.46 Y376.4 Z32 E33.35
G1 F3547 X106.68 Y373.45 Z32 E33.37
G1 F3544 X106.68 Y370.49 Z32 E33.35
G1 F3547 X106.61 Y367.54 Z32 E33.37
G1 F3544 X106.34 Y364.59 Z32 E33.35
G1 F3547 X106 Y361.65 Z32 E33.37
G1 F3544 X105.45 Y358.74 Z32 E33.35
G1 F3547 X104.85 Y355.85 Z32 E33.37
G1 F3544 X104.05 Y353 Z32 E33.35
G1 F3547 X103.19 Y350.17 Z32 E33.37
G1 F3545 X102.15 Y347.4 Z32 E33.36
G1 F3547 X101.06 Y344.66 Z32 E33.37
G1 F3545 X99.79 Y341.98 Z32 E33.36
G1 F3547 X98.49 Y339.33 Z32 E33.37
G1 F3544 X97.02 Y336.75 Z32 E33.35
G1 F3547 X95.51 Y334.21 Z32 E33.37
G1 F3547 X93.83 Y331.78 Z32 E33.37
G1 F3545 X92.15 Y329.34 Z32 E33.36
G1 F3547 X90.43 Y326.94 Z32 E33.37
G1 F3547 X88.56 Y324.64 Z32 E33.37
G1 F3547 X86.69 Y322.35 Z32 E33.37
G1 F3547 X84.83 Y320.05 Z32 E33.37
G1 F3547 X82.96 Y317.76 Z32 E33.37
G1 F3545 X81.1 Y315.46 Z32 E33.36
G1 F3547 X79.27 Y313.14 Z32 E33.37
G1 F3545 X77.57 Y310.71 Z32 E33.36
G1 F3547 X75.92 Y308.26 Z32 E33.37
G1 F3545 X74.4 Y305.72 Z32 E33.36
G1 F3547 X72.92 Y303.16 Z32 E33.37
G1 F3545 X71.59 Y300.52 Z32 E33.36
G1 F3547 X70.3 Y297.85 Z32 E33.37
G1 F3544 X69.19 Y295.11 Z32 E33.35
G1 F3547 X68.13 Y292.35 Z32 E33.37
G1 F3544 X67.24 Y289.53 Z32 E33.35
G1 F3547 X66.42 Y286.69 Z32 E33.37
G1 F3544 X65.79 Y283.8 Z32 E33.35
G1 F3547 X65.21 Y280.9 Z32 E33.37
G1 F3544 X64.85 Y277.96 Z32 E33.35
G1 F3547 X64.55 Y275.02 Z32 E33.37
G1 F3544 X64.46 Y272.07 Z32 E33.35
G1 F3547 X64.42 Y269.11 Z32 E33.37
G1 F3544 X64.61 Y266.16 Z32 E33.35
G1 F3547 X64.86 Y263.21 Z32 E33.37
G1 F3544 X65.31 Y260.29 Z32 E33.35
G1 F3547 X65.83 Y257.37 Z32 E33.37
G1 F3544 X66.55 Y254.5 Z32 E33.35
G1 F3547 X67.32 Y251.65 Z32 E33.37
G1 F3545 X68.28 Y248.85 Z32 E33.36
G1 F3547 X69.3 Y246.07 Z32 E33.37
G1 F3545 X70.49 Y243.37 Z32 E33.36
G1 F3547 X71.72 Y240.68 Z32 E33.37
G1 F3545 X73.12 Y238.07 Z32 E33.36
G1 F3547 X74.56 Y235.49 Z32 E33.37
G1 F3545 X76.14 Y232.99 Z32 E33.36
G1 F3547 X77.77 Y230.52 Z32 E33.37
G1 F3547 X79.55 Y228.16 Z32 E33.37
G1 F3546 X81.33 Y225.8 Z32 E33.37
G1 F3547 X83.14 Y223.45 Z32 E33.37
G1 F3547 X85.02 Y221.17 Z32 E33.37
G1 F3547 X86.91 Y218.89 Z32 E33.37
G1 F3545 X88.79 Y216.61 Z32 E33.36
G1 F3547 X90.64 Y214.3 Z32 E33.37
G1 F3547 X92.35 Y211.89 Z32 E33.37
G1 F3544 X94.05 Y209.47 Z32 E33.36
G1 F3547 X95.72 Y207.02 Z32 E33.37
G1 F3545 X97.2 Y204.46 Z32 E33.36
G1 F3547 X98.66 Y201.89 Z32 E33.37
G1 F3545 X99.95 Y199.23 Z32 E33.36
G1 F3547 X101.2 Y196.55 Z32 E33.37
G1 F3545 X102.27 Y193.79 Z32 E33.36
G1 F3547 X103.3 Y191.02 Z32 E33.37
G1 F3544 X104.14 Y188.18 Z32 E33.35
G1 F3547 X104.93 Y185.33 Z32 E33.37
G1 F3544 X105.52 Y182.43 Z32 E33.35
G1 F3547 X106.05 Y179.52 Z32 E33.37
G1 F3544 X106.37 Y176.58 Z32 E33.35
G1 F3547 X106.63 Y173.64 Z32 E33.37
G1 F3544 X106.67 Y170.68 Z32 E33.35
G1 F3547 X106.66 Y167.72 Z32 E33.37
G1 F3544 X106.43 Y164.77 Z32 E33.35
G1 F3547 X106.14 Y161.83 Z32 E33.37
G1 F3544 X105.63 Y158.91 Z32 E33.35
G1 F3547 X105.08 Y156.01 Z32 E33.37
G1 F3545 X104.32 Y153.15 Z32 E33.36
G1 F3547 X103.51 Y150.31 Z32 E33.37
G1 F3545 X102.5 Y147.52 Z32 E33.36
G1 F3547 X101.45 Y144.76 Z32 E33.37
G1 F3545 X100.22 Y142.07 Z32 E33.36
G1 F3547 X98.96 Y139.39 Z32 E33.37
G1 F3545 X97.52 Y136.81 Z32 E33.36
G1 F3547 X96.06 Y134.24 Z32 E33.37
G1 F3545 X94.44 Y131.76 Z32 E33.36
G1 F3547 X92.79 Y129.3 Z32 E33.37
G1 F3546 X91.02 Y126.93 Z32 E33.37
G1 F3547 X89.23 Y124.58 Z32 E33.37
G1 F3547 X87.35 Y122.3 Z32 E33.37
G1 F3547 X85.47 Y120.01 Z32 E33.37
G1 F3547 X83.59 Y117.72 Z32 E33.37
G1 F3545 X81.71 Y115.44 Z32 E33.36
G1 F3547 X79.87 Y113.13 Z32 E33.37
G1 F3547 X78.19 Y110.69 Z32 E33.37
G1 F3545 X76.51 Y108.25 Z32 E33.36
G1 F3547 X74.88 Y105.79 Z32 E33.37
G1 F3545 X73.42 Y103.21 Z32 E33.36
G1 F3547 X72 Y100.62 Z32 E33.37
G1 F3545 X70.74 Y97.94 Z32 E33.36
G1 F3547 X69.53 Y95.25 Z32 E33.37
G1 F3545 X68.49 Y92.47 Z32 E33.36
G1 F3547 X67.5 Y89.69 Z32 E33.37
G1 F3545 X66.71 Y86.84 Z32 E33.36
G1 F3546 X65.95 Y83.98 Z32 E33.37
G1 F3544 X65.38 Y81.07 Z32 E33.35
G1 F3531 X65.01 Y78.14 Z32 E33.23
G1 F3444 X65.01 Y75.2 Z32 E32.41
G1 F3483 X65.91 Y72.46 Z32 E32.78
G1 F3538 X68.27 Y70.77 Z32 E33.29
G1 F3545 X71.16 Y70.18 Z32 E33.36
G1 F3547 X74.11 Y70.02 Z32 E33.37
G1 F3547 X77.07 Y70.02 Z32 E33.37
G1 F3547 X80.03 Y70.02 Z32 E33.37
G1 F3547 X82.99 Y70.01 Z32 E33.37
G1 F3547 X85.95 Y70.01 Z32 E33.37
G1 F3547 X88.91 Y70.01 Z32 E33.37
G1 F3547 X91.87 Y70.01 Z32 E33.37
G1 F3547 X94.82 Y70 Z32 E33.37
G1 F3547 X97.78 Y70 Z32 E33.37
G1 F3547 X100.74 Y70 Z32 E33.37
G1 F3547 X103.7 Y69.99 Z32 E33.37
G1 F3547 X106.66 Y69.99 Z32 E33.37
G1 F3547 X109.62 Y69.99 Z32 E33.37
G1 F3547 X112.58 Y69.99 Z32 E33.37
G1 F3547 X115.54 Y69.98 Z32 E33.37
G1 F3547 X118.49 Y69.98 Z32 E33.37
G1 F3547 X121.45 Y69.98 Z32 E33.37
G1 F3547 X124.41 Y69.98 Z32 E33.37
G1 F3547 X127.37 Y69.97 Z32 E33.37
G1 F3547 X130.33 Y69.97 Z32 E33.37
G1 F3547 X133.29 Y69.97 Z32 E33.37
G1 F3547 X136.25 Y69.97 Z32 E33.37
G1 F3546 X139.2 Y69.96 Z32 E33.37
G1 F3547 X142.16 Y69.97 Z32 E33.37
G1 F3547 X145.12 Y70.03 Z32 E33.37
G1 F3541 X148.08 Y70.09 Z32 E33.32
G1 F3513 X151.03 Y70.22 Z32 E33.06
G1 F3402 X153.89 Y70.88 Z32 E32.02
G1 F3514 X156.14 Y72.62 Z32 E33.07
G1 F3542 X156.9 Y75.45 Z32 E33.33
G1 F3545 X156.83 Y78.4 Z32 E33.36
G1 F3545 X156.44 Y81.33 Z32 E33.36
G1 F3547 X155.84 Y84.23 Z32 E33.37
G1 F3544 X155.09 Y87.09 Z32 E33.35
G1 F3547 X154.28 Y89.93 Z32 E33.37
G1 F3545 X153.28 Y92.72 Z32 E33.36
G1 F3547 X152.23 Y95.48 Z32 E33.37
G1 F3545 X151.01 Y98.18 Z32 E33.36
G1 F3547 X149.74 Y100.85 Z32 E33.37
G1 F3545 X148.31 Y103.44 Z32 E33.36
G1 F3547 X146.85 Y106.01 Z32 E33.37
G1 F3545 X145.24 Y108.49 Z32 E33.36
G1 F3547 X143.59 Y110.95 Z32 E33.37
G1 F3546 X141.82 Y113.32 Z32 E33.37
G1 F3547 X140.03 Y115.68 Z32 E33.37
G1 F3547 X138.15 Y117.96 Z32 E33.37
G1 F3547 X136.28 Y120.25 Z32 E33.37
G1 F3547 X134.4 Y122.53 Z32 E33.37
G1 F3545 X132.52 Y124.82 Z32 E33.36
G1 F3547 X130.68 Y127.14 Z32 E33.37
G1 F3547 X129 Y129.57 Z32 E33.37
G1 F3544 X127.32 Y132.01 Z32 E33.35
G1 F3547 X125.68 Y134.47 Z32 E33.37
G1 F3545 X124.22 Y137.04 Z32 E33.36
G1 F3547 X122.8 Y139.63 Z32 E33.37
G1 F3545 X121.54 Y142.31 Z32 E33.36
G1 F3547 X120.32 Y145 Z32 E33.37
G1 F3544 X119.28 Y147.77 Z32 E33.36
G1 F3547 X118.28 Y150.56 Z32 E33.37
G1 F3544 X117.48 Y153.41 Z32 E33.35
G1 F3547 X116.73 Y156.27 Z32 E33.37
G1 F3544 X116.18 Y159.17 Z32 E33.35
G1 F3547 X115.69 Y162.09 Z32 E33.37
G1 F3544 X115.41 Y165.03 Z32 E33.35
G1 F3547 X115.19 Y167.98 Z32 E33.37
G1 F3544 X115.19 Y170.94 Z32 E33.35
G1 F3547 X115.24 Y173.9 Z32 E33.37
G1 F3544 X115.52 Y176.84 Z32 E33.35
G1 F3547 X115.85 Y179.78 Z32 E33.37
G1 F3544 X116.39 Y182.69 Z32 E33.35
G1 F3547 X116.99 Y185.59 Z32 E33.37
G1 F3545 X117.79 Y188.43 Z32 E33.36
G1 F3547 X118.64 Y191.27 Z32 E33.37
G1 F3545 X119.68 Y194.04 Z32 E33.36
G1 F3547 X120.76 Y196.79 Z32 E33.37
G1 F3545 X122.03 Y199.46 Z32 E33.36
G1 F3547 X123.33 Y202.12 Z32 E33.37
G1 F3544 X124.79 Y204.69 Z32 E33.36
G1 F3547 X126.29 Y207.24 Z32 E33.37
G1 F3547 X127.97 Y209.67 Z32 E33.37
G1 F3545 X129.65 Y212.11 Z32 E33.36
G1 F3547 X131.37 Y214.52 Z32 E33.37
G1 F3547 X133.24 Y216.81 Z32 E33.37
G1 F3547 X135.1 Y219.11 Z32 E33.37
G1 F3547 X136.97 Y221.41 Z32 E33.37
G1 F3547 X138.84 Y223.7 Z32 E33.37
G1 F3545 X140.7 Y226 Z32 E33.36
G1 F3547 X142.54 Y228.32 Z32 E33.37
G1 F3545 X144.23 Y230.74 Z32 E33.36
G1 F3547 X145.89 Y233.19 Z32 E33.37
G1 F3545 X147.41 Y235.73 Z32 E33.36
G1 F3547 X148.9 Y238.28 Z32 E33.37
G1 F3545 X150.23 Y240.93 Z32 E33.36
G1 F3547 X151.52 Y243.59 Z32 E33.37
G1 F3545 X152.64 Y246.33 Z32 E33.36
G1 F3547 X153.71 Y249.08 Z32 E33.37
G1 F3545 X154.59 Y251.91 Z32 E33.36
G1 F3547 X155.43 Y254.74 Z32 E33.37
G1 F3544 X156.06 Y257.64 Z32 E33.35
G1 F3547 X156.64 Y260.53 Z32 E33.37
G1 F3544 X157 Y263.47 Z32 E33.35
G1 F3547 X157.32 Y266.41 Z32 E33.37
G1 F3544 X157.41 Y269.37 Z32 E33.35
G1 F3547 X157.45 Y272.32 Z32 E33.37
G1 F3544 X157.26 Y275.28 Z32 E33.35
G1 F3547 X157.03 Y278.23 Z32 E33.37
G1 F3545 X156.57 Y281.15 Z32 E33.36
G1 F3547 X156.07 Y284.06 Z32 E33.37
G1 F3545 X155.35 Y286.93 Z32 E33.36
G1 F3547 X154.59 Y289.79 Z32 E33.37
G1 F3545 X153.62 Y292.59 Z32 E33.36
G1 F3547 X152.62 Y295.37 Z32 E33.37
G1 F3545 X151.42 Y298.08 Z32 E33.36
G1 F3547 X150.2 Y300.77 Z32 E33.37
G1 F3545 X148.8 Y303.37 Z32 E33.36
G1 F3547 X147.37 Y305.96 Z32 E33.37
G1 F3545 X145.78 Y308.46 Z32 E33.36
G1 F3547 X144.17 Y310.94 Z32 E33.37
G1 F3547 X142.38 Y313.3 Z32 E33.37
G1 F3546 X140.6 Y315.66 Z32 E33.37
G1 F3547 X138.8 Y318.01 Z32 E33.37
G1 F3547 X136.92 Y320.29 Z32 E33.37
G1 F3547 X135.03 Y322.57 Z32 E33.37
G1 F3545 X133.14 Y324.85 Z32 E33.36
G1 F3547 X131.29 Y327.15 Z32 E33.37
G1 F3547 X129.58 Y329.57 Z32 E33.37
G1 F3545 X127.88 Y331.99 Z32 E33.36
G1 F3547 X126.21 Y334.43 Z32 E33.37
G1 F3545 X124.72 Y336.98 Z32 E33.36
G1 F3547 X123.26 Y339.56 Z32 E33.37
G1 F3545 X121.97 Y342.22 Z32 E33.36
G1 F3547 X120.71 Y344.89 Z32 E33.37
G1 F3545 X119.63 Y347.65 Z32 E33.36
G1 F3547 X118.59 Y350.42 Z32 E33.37
G1 F3545 X117.76 Y353.26 Z32 E33.36
G1 F3547 X116.96 Y356.1 Z32 E33.37
G1 F3545 X116.37 Y359 Z32 E33.36
G1 F3547 X115.83 Y361.91 Z32 E33.37
G1 F3545 X115.51 Y364.85 Z32 E33.36
G1 F3547 X115.24 Y367.8 Z32 E33.37
G1 F3545 X115.2 Y370.76 Z32 E33.36
G1 F3547 X115.2 Y373.71 Z32 E33.37
G1 F3545 X115.43 Y376.66 Z32 E33.36
G1 F3547 X115.71 Y379.61 Z32 E33.37
G1 F3545 X116.21 Y382.52 Z32 E33.36
G1 F3547 X116.76 Y385.43 Z32 E33.37
G1 F3545 X117.52 Y388.29 Z32 E33.36
G1 F3547 X118.32 Y391.13 Z32 E33.37
G1 F3545 X119.33 Y393.92 Z32 E33.36
G1 F3547 X120.37 Y396.69 Z32 E33.37
G1 F3545 X121.6 Y399.38 Z32 E33.36
G1 F3547 X122.86 Y402.05 Z32 E33.37
G1 F3545 X124.29 Y404.64 Z32 E33.36
G1 F3547 X125.75 Y407.21 Z32 E33.37
G1 F3546 X127.37 Y409.69 Z32 E33.37
G1 F3547 X129.01 Y412.15 Z32 E33.37
G1 F3546 X130.78 Y414.52 Z32 E33.37
G1 F3547 X132.57 Y416.88 Z32 E33.37
G1 F3547 X134.45 Y419.16 Z32 E33.37
G1 F3547 X136.33 Y421.45 Z32 E33.37
G1 F3547 X138.21 Y423.73 Z32 E33.37
G1 F3545 X140.09 Y426.02 Z32 E33.36
G1 F3547 X141.94 Y428.32 Z32 E33.37
G1 F3547 X143.61 Y430.76 Z32 E33.37
G1 F3545 X145.29 Y433.2 Z32 E33.36
G1 F3547 X146.94 Y435.66 Z32 E33.37
G1 F3545 X148.39 Y438.23 Z32 E33.36
G1 F3547 X149.82 Y440.82 Z32 E33.37
G1 F3545 X151.08 Y443.5 Z32 E33.36
G1 F3547 X152.3 Y446.19 Z32 E33.37
G1 F3545 X153.34 Y448.97 Z32 E33.36
G1 F3547 X154.34 Y451.75 Z32 E33.37
G1 F3546 X155.13 Y454.6 Z32 E33.37
G1 F3546 X155.9 Y457.46 Z32 E33.37
G1 F3545 X156.47 Y460.36 Z32 E33.36
G1 F3534 X156.85 Y463.29 Z32 E33.26
G1 F3463 X156.88 Y466.24 Z32 E32.59
G1 F3493 X156.05 Y469.01 Z32 E32.87
G1 F3539 X153.71 Y470.74 Z32 E33.31
G1 F3546 X150.82 Y471.36 Z32 E33.36
G1 F3547 X147.86 Y471.52 Z32 E33.37
G1 F3547 X144.91 Y471.53 Z32 E33.37
G1 F3547 X141.95 Y471.54 Z32 E33.37
G1 F3547 X138.99 Y471.54 Z32 E33.37
G1 F3547 X136.03 Y471.55 Z32 E33.37
G1 F3547 X133.07 Y471.55 Z32 E33.37
G1 F3547 X130.11 Y471.56 Z32 E33.37
G1 F3547 X127.15 Y471.57 Z32 E33.37
G1 F3547 X124.2 Y471.57 Z32 E33.37
G1 F3532 X121.24 Y471.58 Z32 E33.24
G1 F3524 X118.3 Y471.59 Z32.21 E33.17
G1 F3503 X115.61 Y471.59 Z33.39 E32.97
G1 F3547 X112.75 Y471.58 Z34 E33.37
G1 F3547 X109.79 Y471.58 Z34 E33.37
G1 F3547 X106.83 Y471.58 Z34 E33.37
G1 F3547 X103.87 Y471.58 Z34 E33.37
G1 F3547 X100.91 Y471.57 Z34 E33.37
G1 F3547 X97.95 Y471.57 Z34 E33.37
G1 F3547 X95 Y471.57 Z34 E33.37
G1 F3547 X92.04 Y471.56 Z34 E33.37
G1 F3547 X89.08 Y471.56 Z34 E33.37
G1 F3547 X86.12 Y471.56 Z34 E33.37
G1 F3547 X83.16 Y471.56 Z34 E33.37
G1 F3547 X80.2 Y471.55 Z34 E33.37
G1 F3546 X77.24 Y471.55 Z34 E33.37
G1 F3542 X74.29 Y471.5 Z34 E33.33
G1 F3502 X71.34 Y471.26 Z34 E32.95
G1 F3325 X68.53 Y470.46 Z34 E31.29
G1 F3487 X66.55 Y468.52 Z34 E32.82
G1 F3539 X65.92 Y465.68 Z34 E33.3
G1 F3545 X66.03 Y462.73 Z34 E33.36
G1 F3544 X66.44 Y459.8 Z34 E33.35
G1 F3547 X67.06 Y456.91 Z34 E33.37
G1 F3543 X67.78 Y454.04 Z34 E33.34
G1 F3547 X68.62 Y451.2 Z34 E33.37
G1 F3544 X69.59 Y448.41 Z34 E33.35
G1 F3547 X70.66 Y445.65 Z34 E33.37
G1 F3544 X71.85 Y442.94 Z34 E33.35
G1 F3547 X73.14 Y440.28 Z34 E33.37
G1 F3544 X74.53 Y437.67 Z34 E33.35
G1 F3547 X76.01 Y435.11 Z34 E33.37
G1 F3545 X77.59 Y432.61 Z34 E33.36
G1 F3547 X79.24 Y430.16 Z34 E33.37
G1 F3545 X80.98 Y427.76 Z34 E33.36
G1 F3547 X82.77 Y425.41 Z34 E33.37
G1 F3547 X84.63 Y423.1 Z34 E33.37
G1 F3547 X86.48 Y420.8 Z34 E33.37
G1 F3547 X88.33 Y418.49 Z34 E33.37
G1 F3544 X90.18 Y416.18 Z34 E33.35
G1 F3547 X91.94 Y413.8 Z34 E33.37
G1 F3547 X93.6 Y411.35 Z34 E33.37
G1 F3543 X95.26 Y408.9 Z34 E33.34
G1 F3547 X96.81 Y406.39 Z34 E33.37
G1 F3544 X98.25 Y403.8 Z34 E33.35
G1 F3547 X99.59 Y401.17 Z34 E33.37
G1 F3544 X100.83 Y398.48 Z34 E33.35
G1 F3547 X101.96 Y395.75 Z34 E33.37
G1 F3543 X102.98 Y392.97 Z34 E33.35
G1 F3547 X103.89 Y390.16 Z34 E33.37
G1 F3543 X104.67 Y387.31 Z34 E33.34
G1 F3547 X105.34 Y384.43 Z34 E33.37
G1 F3543 X105.87 Y381.52 Z34 E33.34
G1 F3547 X106.27 Y378.59 Z34 E33.37
G1 F3543 X106.54 Y375.64 Z34 E33.34
G1 F3547 X106.68 Y372.69 Z34 E33.37
G1 F3543 X106.68 Y369.73 Z34 E33.34
G1 F3547 X106.55 Y366.78 Z34 E33.37
G1 F3543 X106.28 Y363.83 Z34 E33.34
G1 F3547 X105.88 Y360.9 Z34 E33.37
G1 F3543 X105.35 Y357.99 Z34 E33.34
G1 F3547 X104.69 Y355.11 Z34 E33.37
G1 F3543 X103.91 Y352.26 Z34 E33.35
G1 F3547 X103 Y349.44 Z34 E33.37
G1 F3544 X101.98 Y346.67 Z34 E33.35
G1 F3547 X100.85 Y343.93 Z34 E33.37
G1 F3544 X99.61 Y341.25 Z34 E33.35
G1 F3547 X98.28 Y338.61 Z34 E33.37
G1 F3543 X96.84 Y336.02 Z34 E33.34
G1 F3547 X95.29 Y333.51 Z34 E33.37
G1 F3547 X93.63 Y331.05 Z34 E33.37
G1 F3544 X91.98 Y328.6 Z34 E33.35
G1 F3547 X90.23 Y326.22 Z34 E33.37
G1 F3547 X88.39 Y323.9 Z34 E33.37
G1 F3547 X86.55 Y321.58 Z34 E33.37
G1 F3547 X84.71 Y319.27 Z34 E33.37
G1 F3547 X82.87 Y316.95 Z34 E33.37
G1 F3544 X81.03 Y314.63 Z34 E33.35
G1 F3547 X79.28 Y312.25 Z34 E33.37
G1 F3544 X77.62 Y309.8 Z34 E33.35
G1 F3547 X76.05 Y307.3 Z34 E33.37
G1 F3544 X74.56 Y304.74 Z34 E33.35
G1 F3547 X73.17 Y302.13 Z34 E33.37
G1 F3544 X71.88 Y299.47 Z34 E33.35
G1 F3547 X70.69 Y296.76 Z34 E33.37
G1 F3543 X69.61 Y294.01 Z34 E33.35
G1 F3547 X68.65 Y291.21 Z34 E33.37
G1 F3543 X67.8 Y288.38 Z34 E33.34
G1 F3547 X67.07 Y285.51 Z34 E33.37
G1 F3543 X66.47 Y282.61 Z34 E33.34
G1 F3547 X66 Y279.69 Z34 E33.37
G1 F3543 X65.66 Y276.76 Z34 E33.34
G1 F3547 X65.46 Y273.81 Z34 E33.37
G1 F3543 X65.38 Y270.85 Z34 E33.34
G1 F3547 X65.45 Y267.89 Z34 E33.37
G1 F3543 X65.65 Y264.94 Z34 E33.34
G1 F3547 X65.98 Y262.01 Z34 E33.37
G1 F3543 X66.44 Y259.08 Z34 E33.34
G1 F3547 X67.04 Y256.19 Z34 E33.37
G1 F3543 X67.76 Y253.32 Z34 E33.34
G1 F3547 X68.6 Y250.48 Z34 E33.37
G1 F3544 X69.56 Y247.68 Z34 E33.35
G1 F3547 X70.63 Y244.93 Z34 E33.37
G1 F3544 X71.81 Y242.22 Z34 E33.35
G1 F3547 X73.1 Y239.56 Z34 E33.37
G1 F3544 X74.49 Y236.94 Z34 E33.35
G1 F3547 X75.97 Y234.38 Z34 E33.37
G1 F3544 X77.54 Y231.88 Z34 E33.35
G1 F3547 X79.21 Y229.44 Z34 E33.37
G1 F3547 X80.98 Y227.06 Z34 E33.37
G1 F3546 X82.74 Y224.69 Z34 E33.37
G1 F3547 X84.56 Y222.35 Z34 E33.37
G1 F3547 X86.41 Y220.05 Z34 E33.37
G1 F3547 X88.27 Y217.75 Z34 E33.37
G1 F3544 X90.13 Y215.44 Z34 E33.35
G1 F3547 X91.88 Y213.06 Z34 E33.37
G1 F3547 X93.54 Y210.62 Z34 E33.37
G1 F3543 X95.21 Y208.17 Z34 E33.34
G1 F3547 X96.76 Y205.65 Z34 E33.37
G1 F3544 X98.2 Y203.07 Z34 E33.35
G1 F3547 X99.54 Y200.43 Z34 E33.37
G1 F3544 X100.79 Y197.75 Z34 E33.35
G1 F3547 X101.92 Y195.02 Z34 E33.37
G1 F3543 X102.95 Y192.25 Z34 E33.35
G1 F3547 X103.85 Y189.43 Z34 E33.37
G1 F3543 X104.65 Y186.58 Z34 E33.34
G1 F3547 X105.31 Y183.7 Z34 E33.37
G1 F3543 X105.85 Y180.79 Z34 E33.34
G1 F3547 X106.25 Y177.86 Z34 E33.37
G1 F3543 X106.53 Y174.92 Z34 E33.34
G1 F3547 X106.67 Y171.96 Z34 E33.37
G1 F3543 X106.68 Y169.01 Z34 E33.34
G1 F3547 X106.55 Y166.05 Z34 E33.37
G1 F3543 X106.29 Y163.11 Z34 E33.34
G1 F3547 X105.89 Y160.18 Z34 E33.37
G1 F3543 X105.37 Y157.26 Z34 E33.34
G1 F3547 X104.71 Y154.38 Z34 E33.37
G1 F3543 X103.93 Y151.53 Z34 E33.35
G1 F3547 X103.03 Y148.71 Z34 E33.37
G1 F3544 X102.02 Y145.93 Z34 E33.35
G1 F3547 X100.89 Y143.2 Z34 E33.37
G1 F3544 X99.66 Y140.51 Z34 E33.35
G1 F3547 X98.32 Y137.87 Z34 E33.37
G1 F3543 X96.89 Y135.28 Z34 E33.34
G1 F3547 X95.34 Y132.77 Z34 E33.37
G1 F3547 X93.69 Y130.31 Z34 E33.37
G1 F3544 X92.04 Y127.86 Z34 E33.35
G1 F3547 X90.28 Y125.48 Z34 E33.37
G1 F3547 X88.44 Y123.16 Z34 E33.37
G1 F3547 X86.6 Y120.85 Z34 E33.37
G1 F3547 X84.76 Y118.53 Z34 E33.37
G1 F3547 X82.92 Y116.21 Z34 E33.37
G1 F3544 X81.08 Y113.9 Z34 E33.35
G1 F3547 X79.33 Y111.51 Z34 E33.37
G1 F3544 X77.66 Y109.07 Z34 E33.36
G1 F3547 X76.09 Y106.56 Z34 E33.37
G1 F3544 X74.6 Y104.01 Z34 E33.35
G1 F3547 X73.21 Y101.4 Z34 E33.37
G1 F3544 X71.91 Y98.74 Z34 E33.35
G1 F3547 X70.72 Y96.03 Z34 E33.37
G1 F3544 X69.63 Y93.28 Z34 E33.35
G1 F3547 X68.67 Y90.48 Z34 E33.37
G1 F3543 X67.81 Y87.65 Z34 E33.34
G1 F3547 X67.1 Y84.78 Z34 E33.37
G1 F3543 X66.5 Y81.89 Z34 E33.34
G1 F3540 X66.04 Y78.97 Z34 E33.31
G1 F3486 X65.91 Y76.02 Z34 E32.8
G1 F3361 X66.55 Y73.18 Z34 E31.63
G1 F3492 X68.52 Y71.18 Z34 E32.86
G1 F3541 X71.3 Y70.32 Z34 E33.32
G1 F3546 X74.24 Y70.05 Z34 E33.37
G1 F3547 X77.2 Y70 Z34 E33.37
G1 F3547 X80.16 Y70 Z34 E33.37
G1 F3547 X83.12 Y70 Z34 E33.37
G1 F3547 X86.08 Y70 Z34 E33.37
G1 F3547 X89.03 Y70 Z34 E33.37
G1 F3547 X91.99 Y70 Z34 E33.37
G1 F3547 X94.95 Y70 Z34 E33.37
G1 F3547 X97.91 Y70 Z34 E33.37
G1 F3547 X100.87 Y70 Z34 E33.37
G1 F3547 X103.83 Y70 Z34 E33.37
G1 F3547 X106.79 Y70 Z34 E33.37
G1 F3547 X109.75 Y70 Z34 E33.37
G1 F3547 X112.7 Y70 Z34 E33.37
G1 F3547 X115.66 Y70 Z34 E33.37
G1 F3547 X118.62 Y70 Z34 E33.37
G1 F3547 X121.58 Y70 Z34 E33.37
G1 F3547 X124.54 Y70 Z34 E33.37
G1 F3547 X127.5 Y70 Z34 E33.37
G1 F3547 X130.46 Y70 Z34 E33.37
G1 F3547 X133.41 Y69.99 Z34 E33.37
G1 F3547 X136.37 Y69.99 Z34 E33.37
G1 F3547 X139.33 Y69.99 Z34 E33.37
G1 F3547 X142.29 Y69.99 Z34 E33.37
G1 F3546 X145.25 Y69.99 Z34 E33.37
G1 F3542 X148.21 Y70.07 Z34 E33.33
G1 F3504 X151.15 Y70.37 Z34 E32.97
G1 F3343 X153.9 Y71.36 Z34 E31.46
G1 F3494 X155.55 Y73.61 Z34 E32.88
G1 F3540 X155.97 Y76.49 Z34 E33.31
G1 F3545 X155.77 Y79.44 Z34 E33.36
G1 F3545 X155.32 Y82.36 Z34 E33.36
G1 F3547 X154.66 Y85.24 Z34 E33.37
G1 F3544 X153.93 Y88.11 Z34 E33.35
G1 F3547 X153.04 Y90.93 Z34 E33.37
G1 F3544 X152.07 Y93.73 Z34 E33.35
G1 F3547 X150.95 Y96.46 Z34 E33.37
G1 F3544 X149.76 Y99.17 Z34 E33.35
G1 F3547 X148.43 Y101.81 Z34 E33.37
G1 F3545 X147.04 Y104.42 Z34 E33.36
G1 F3547 X145.52 Y106.96 Z34 E33.37
G1 F3545 X143.94 Y109.46 Z34 E33.36
G1 F3547 X142.26 Y111.89 Z34 E33.37
G1 F3546 X140.52 Y114.29 Z34 E33.37
G1 F3547 X138.7 Y116.62 Z34 E33.37
G1 F3547 X136.85 Y118.93 Z34 E33.37
G1 F3547 X135 Y121.24 Z34 E33.37
G1 F3547 X133.14 Y123.54 Z34 E33.37
G1 F3544 X131.29 Y125.85 Z34 E33.35
G1 F3547 X129.57 Y128.26 Z34 E33.37
G1 F3547 X127.92 Y130.71 Z34 E33.37
G1 F3544 X126.26 Y133.16 Z34 E33.35
G1 F3547 X124.75 Y135.7 Z34 E33.37
G1 F3544 X123.32 Y138.29 Z34 E33.35
G1 F3547 X122.02 Y140.95 Z34 E33.37
G1 F3544 X120.78 Y143.63 Z34 E33.35
G1 F3547 X119.69 Y146.38 Z34 E33.37
G1 F3544 X118.67 Y149.16 Z34 E33.35
G1 F3547 X117.81 Y151.99 Z34 E33.37
G1 F3544 X117.03 Y154.84 Z34 E33.35
G1 F3547 X116.42 Y157.73 Z34 E33.37
G1 F3544 X115.88 Y160.64 Z34 E33.35
G1 F3547 X115.54 Y163.58 Z34 E33.37
G1 F3543 X115.27 Y166.53 Z34 E33.35
G1 F3547 X115.18 Y169.48 Z34 E33.37
G1 F3543 X115.18 Y172.44 Z34 E33.35
G1 F3547 X115.37 Y175.39 Z34 E33.37
G1 F3544 X115.64 Y178.34 Z34 E33.35
G1 F3547 X116.1 Y181.26 Z34 E33.37
G1 F3544 X116.63 Y184.17 Z34 E33.35
G1 F3547 X117.34 Y187.04 Z34 E33.37
G1 F3544 X118.13 Y189.89 Z34 E33.35
G1 F3547 X119.08 Y192.69 Z34 E33.37
G1 F3544 X120.1 Y195.47 Z34 E33.35
G1 F3547 X121.28 Y198.18 Z34 E33.37
G1 F3544 X122.52 Y200.87 Z34 E33.36
G1 F3547 X123.9 Y203.48 Z34 E33.37
G1 F3544 X125.33 Y206.07 Z34 E33.35
G1 F3547 X126.93 Y208.56 Z34 E33.37
G1 F3547 X128.58 Y211.01 Z34 E33.37
G1 F3544 X130.24 Y213.46 Z34 E33.35
G1 F3547 X132.03 Y215.82 Z34 E33.37
G1 F3547 X133.87 Y218.13 Z34 E33.37
G1 F3547 X135.71 Y220.45 Z34 E33.37
G1 F3547 X137.55 Y222.77 Z34 E33.37
G1 F3547 X139.39 Y225.09 Z34 E33.37
G1 F3545 X141.23 Y227.4 Z34 E33.36
G1 F3547 X142.94 Y229.81 Z34 E33.37
G1 F3545 X144.6 Y232.26 Z34 E33.36
G1 F3547 X146.13 Y234.79 Z34 E33.37
G1 F3545 X147.62 Y237.35 Z34 E33.36
G1 F3547 X148.97 Y239.98 Z34 E33.37
G1 F3544 X150.27 Y242.64 Z34 E33.35
G1 F3547 X151.41 Y245.37 Z34 E33.37
G1 F3544 X152.49 Y248.12 Z34 E33.35
G1 F3547 X153.4 Y250.93 Z34 E33.37
G1 F3544 X154.25 Y253.77 Z34 E33.35
G1 F3547 X154.92 Y256.65 Z34 E33.37
G1 F3544 X155.52 Y259.54 Z34 E33.35
G1 F3547 X155.94 Y262.47 Z34 E33.37
G1 F3544 X156.28 Y265.41 Z34 E33.35
G1 F3547 X156.42 Y268.36 Z34 E33.37
G1 F3544 X156.5 Y271.32 Z34 E33.35
G1 F3547 X156.37 Y274.27 Z34 E33.37
G1 F3544 X156.18 Y277.23 Z34 E33.35
G1 F3547 X155.79 Y280.16 Z34 E33.37
G1 F3544 X155.33 Y283.08 Z34 E33.35
G1 F3547 X154.68 Y285.96 Z34 E33.37
G1 F3544 X153.96 Y288.83 Z34 E33.35
G1 F3547 X153.07 Y291.65 Z34 E33.37
G1 F3544 X152.11 Y294.45 Z34 E33.35
G1 F3547 X150.99 Y297.19 Z34 E33.37
G1 F3545 X149.8 Y299.9 Z34 E33.36
G1 F3547 X148.47 Y302.54 Z34 E33.37
G1 F3545 X147.09 Y305.16 Z34 E33.36
G1 F3547 X145.57 Y307.69 Z34 E33.37
G1 F3544 X144 Y310.2 Z34 E33.35
G1 F3547 X142.28 Y312.61 Z34 E33.37
G1 F3547 X140.52 Y314.98 Z34 E33.37
G1 F3546 X138.75 Y317.36 Z34 E33.37
G1 F3547 X136.92 Y319.68 Z34 E33.37
G1 F3547 X135.06 Y321.98 Z34 E33.37
G1 F3547 X133.2 Y324.29 Z34 E33.37
G1 F3544 X131.35 Y326.59 Z34 E33.35
G1 F3547 X129.63 Y329 Z34 E33.37
G1 F3547 X127.97 Y331.45 Z34 E33.37
G1 F3544 X126.31 Y333.89 Z34 E33.35
G1 F3547 X124.81 Y336.44 Z34 E33.37
G1 F3545 X123.36 Y339.02 Z34 E33.36
G1 F3547 X122.06 Y341.68 Z34 E33.37
G1 F3544 X120.81 Y344.36 Z34 E33.35
G1 F3547 X119.73 Y347.11 Z34 E33.37
G1 F3544 X118.7 Y349.89 Z34 E33.35
G1 F3547 X117.84 Y352.72 Z34 E33.37
G1 F3544 X117.05 Y355.57 Z34 E33.35
G1 F3547 X116.44 Y358.46 Z34 E33.37
G1 F3544 X115.9 Y361.37 Z34 E33.35
G1 F3547 X115.55 Y364.3 Z34 E33.37
G1 F3544 X115.27 Y367.25 Z34 E33.35
G1 F3547 X115.2 Y370.21 Z34 E33.37
G1 F3544 X115.18 Y373.16 Z34 E33.35
G1 F3547 X115.38 Y376.11 Z34 E33.37
G1 F3544 X115.63 Y379.06 Z34 E33.35
G1 F3547 X116.09 Y381.98 Z34 E33.37
G1 F3544 X116.61 Y384.9 Z34 E33.35
G1 F3547 X117.32 Y387.77 Z34 E33.37
G1 F3544 X118.1 Y390.62 Z34 E33.35
G1 F3547 X119.05 Y393.42 Z34 E33.37
G1 F3544 X120.06 Y396.2 Z34 E33.36
G1 F3547 X121.24 Y398.91 Z34 E33.37
G1 F3545 X122.47 Y401.6 Z34 E33.36
G1 F3547 X123.85 Y404.22 Z34 E33.37
G1 F3544 X125.28 Y406.81 Z34 E33.35
G1 F3547 X126.88 Y409.3 Z34 E33.37
G1 F3547 X128.53 Y411.75 Z34 E33.37
G1 F3545 X130.18 Y414.21 Z34 E33.36
G1 F3547 X131.98 Y416.56 Z34 E33.37
G1 F3547 X133.82 Y418.87 Z34 E33.37
G1 F3547 X135.66 Y421.19 Z34 E33.37
G1 F3547 X137.5 Y423.5 Z34 E33.37
G1 F3547 X139.34 Y425.82 Z34 E33.37
G1 F3545 X141.18 Y428.14 Z34 E33.36
G1 F3547 X142.89 Y430.55 Z34 E33.37
G1 F3545 X144.56 Y433 Z34 E33.36
G1 F3547 X146.09 Y435.52 Z34 E33.37
G1 F3545 X147.59 Y438.08 Z34 E33.36
G1 F3547 X148.93 Y440.71 Z34 E33.37
G1 F3545 X150.24 Y443.37 Z34 E33.36
G1 F3547 X151.37 Y446.1 Z34 E33.37
G1 F3544 X152.47 Y448.85 Z34 E33.35
G1 F3547 X153.38 Y451.66 Z34 E33.37
G1 F3544 X154.24 Y454.49 Z34 E33.35
G1 F3547 X154.9 Y457.37 Z34 E33.37
G1 F3544 X155.5 Y460.27 Z34 E33.35
G1 F3542 X155.9 Y463.2 Z34 E33.33
G1 F3504 X155.95 Y466.15 Z34 E32.98
G1 F3427 X155.08 Y468.94 Z34 E32.25
G1 F3514 X152.81 Y470.68 Z34 E33.06
G1 F3543 X149.95 Y471.33 Z34 E33.34
G1 F3546 X147 Y471.52 Z34 E33.37
G1 F3547 X144.04 Y471.55 Z34 E33.37
G1 F3547 X141.08 Y471.55 Z34 E33.37
G1 F3547 X138.12 Y471.56 Z34 E33.37
G1 F3547 X135.17 Y471.56 Z34 E33.37
G1 F3547 X132.21 Y471.56 Z34 E33.37
G1 F3547 X129.25 Y471.57 Z34 E33.37
G1 F3547 X126.29 Y471.57 Z34 E33.37
G1 F3547 X123.33 Y471.58 Z34 E33.37
G1 F3514 X120.37 Y471.58 Z34 E33.07
G1 F3537 X117.47 Y471.59 Z34.44 E33.28
G1 F3531 X114.82 Y471.58 Z35.73 E33.23
G1 F3547 X111.88 Y471.58 Z36 E33.37
G1 F3547 X108.93 Y471.58 Z36 E33.37
G1 F3547 X105.97 Y471.57 Z36 E33.37
G1 F3547 X103.01 Y471.57 Z36 E33.37
G1 F3547 X100.05 Y471.56 Z36 E33.37
G1 F3547 X97.09 Y471.56 Z36 E33.37
G1 F3547 X94.13 Y471.55 Z36 E33.37
G1 F3547 X91.17 Y471.55 Z36 E33.37
G1 F3547 X88.21 Y471.54 Z36 E33.37
G1 F3547 X85.26 Y471.54 Z36 E33.37
G1 F3547 X82.3 Y471.54 Z36 E33.37
G1 F3547 X79.34 Y471.53 Z36 E33.37
G1 F3545 X76.38 Y471.53 Z36 E33.36
G1 F3539 X73.42 Y471.39 Z36 E33.3
G1 F3484 X70.52 Y470.87 Z36 E32.78
G1 F3408 X68.04 Y469.35 Z36 E32.07
G1 F3528 X66.99 Y466.71 Z36 E33.2
G1 F3543 X66.9 Y463.77 Z36 E33.34
G1 F3545 X67.21 Y460.83 Z36 E33.36
G1 F3545 X67.73 Y457.91 Z36 E33.36
G1 F3547 X68.44 Y455.04 Z36 E33.37
G1 F3544 X69.19 Y452.18 Z36 E33.36
G1 F3547 X70.12 Y449.38 Z36 E33.37
G1 F3545 X71.11 Y446.59 Z36 E33.36
G1 F3547 X72.27 Y443.87 Z36 E33.37
G1 F3545 X73.47 Y441.16 Z36 E33.36
G1 F3547 X74.83 Y438.54 Z36 E33.37
G1 F3544 X76.23 Y435.93 Z36 E33.35
G1 F3547 X77.81 Y433.43 Z36 E33.37
G1 F3547 X79.43 Y430.96 Z36 E33.37
G1 F3545 X81.06 Y428.48 Z36 E33.36
G1 F3547 X82.83 Y426.11 Z36 E33.37
G1 F3547 X84.64 Y423.77 Z36 E33.37
G1 F3547 X86.45 Y421.44 Z36 E33.37
G1 F3547 X88.26 Y419.1 Z36 E33.37
G1 F3547 X90.07 Y416.76 Z36 E33.37
G1 F3545 X91.88 Y414.42 Z36 E33.36
G1 F3547 X93.56 Y411.98 Z36 E33.37
G1 F3545 X95.19 Y409.51 Z36 E33.36
G1 F3547 X96.69 Y406.96 Z36 E33.37
G1 F3545 X98.15 Y404.39 Z36 E33.36
G1 F3547 X99.46 Y401.74 Z36 E33.37
G1 F3545 X100.73 Y399.07 Z36 E33.36
G1 F3547 X101.84 Y396.32 Z36 E33.37
G1 F3544 X102.89 Y393.56 Z36 E33.35
G1 F3547 X103.77 Y390.74 Z36 E33.37
G1 F3544 X104.6 Y387.9 Z36 E33.35
G1 F3547 X105.24 Y385.01 Z36 E33.37
G1 F3544 X105.82 Y382.11 Z36 E33.35
G1 F3547 X106.2 Y379.18 Z36 E33.37
G1 F3544 X106.53 Y376.24 Z36 E33.35
G1 F3547 X106.66 Y373.28 Z36 E33.37
G1 F3544 X106.72 Y370.32 Z36 E33.35
G1 F3547 X106.58 Y367.37 Z36 E33.37
G1 F3544 X106.38 Y364.42 Z36 E33.35
G1 F3547 X105.98 Y361.49 Z36 E33.37
G1 F3544 X105.52 Y358.57 Z36 E33.35
G1 F3547 X104.87 Y355.68 Z36 E33.37
G1 F3544 X104.16 Y352.81 Z36 E33.35
G1 F3547 X103.26 Y349.99 Z36 E33.37
G1 F3544 X102.31 Y347.19 Z36 E33.36
G1 F3547 X101.2 Y344.45 Z36 E33.37
G1 F3545 X100.03 Y341.73 Z36 E33.36
G1 F3547 X98.71 Y339.09 Z36 E33.37
G1 F3545 X97.34 Y336.47 Z36 E33.36
G1 F3547 X95.83 Y333.92 Z36 E33.37
G1 F3545 X94.27 Y331.4 Z36 E33.36
G1 F3547 X92.6 Y328.97 Z36 E33.37
G1 F3546 X90.88 Y326.56 Z36 E33.37
G1 F3547 X89.08 Y324.21 Z36 E33.37
G1 F3547 X87.26 Y321.88 Z36 E33.37
G1 F3547 X85.44 Y319.55 Z36 E33.37
G1 F3547 X83.61 Y317.22 Z36 E33.37
G1 F3544 X81.79 Y314.89 Z36 E33.35
G1 F3547 X80.12 Y312.45 Z36 E33.37
G1 F3547 X78.5 Y309.97 Z36 E33.37
G1 F3544 X76.88 Y307.5 Z36 E33.35
G1 F3547 X75.42 Y304.92 Z36 E33.37
G1 F3545 X74.02 Y302.32 Z36 E33.36
G1 F3547 X72.78 Y299.64 Z36 E33.37
G1 F3544 X71.58 Y296.93 Z36 E33.35
G1 F3547 X70.54 Y294.16 Z36 E33.37
G1 F3544 X69.56 Y291.37 Z36 E33.35
G1 F3547 X68.75 Y288.53 Z36 E33.37
G1 F3544 X68.01 Y285.66 Z36 E33.35
G1 F3547 X67.44 Y282.76 Z36 E33.37
G1 F3544 X66.95 Y279.84 Z36 E33.35
G1 F3547 X66.64 Y276.9 Z36 E33.37
G1 F3544 X66.4 Y273.95 Z36 E33.35
G1 F3547 X66.36 Y271 Z36 E33.37
G1 F3544 X66.38 Y268.04 Z36 E33.35
G1 F3547 X66.6 Y265.09 Z36 E33.37
G1 F3544 X66.89 Y262.15 Z36 E33.35
G1 F3547 X67.37 Y259.23 Z36 E33.37
G1 F3544 X67.91 Y256.32 Z36 E33.35
G1 F3547 X68.64 Y253.45 Z36 E33.37
G1 F3544 X69.43 Y250.6 Z36 E33.35
G1 F3547 X70.39 Y247.81 Z36 E33.37
G1 F3544 X71.41 Y245.03 Z36 E33.35
G1 F3547 X72.59 Y242.32 Z36 E33.37
G1 F3545 X73.83 Y239.63 Z36 E33.36
G1 F3547 X75.21 Y237.02 Z36 E33.37
G1 F3544 X76.64 Y234.43 Z36 E33.35
G1 F3547 X78.23 Y231.94 Z36 E33.37
G1 F3547 X79.88 Y229.48 Z36 E33.37
G1 F3545 X81.53 Y227.02 Z36 E33.36
G1 F3547 X83.31 Y224.66 Z36 E33.37
G1 F3547 X85.14 Y222.33 Z36 E33.37
G1 F3547 X86.96 Y220 Z36 E33.37
G1 F3547 X88.78 Y217.67 Z36 E33.37
G1 F3545 X90.61 Y215.34 Z36 E33.36
G1 F3547 X92.3 Y212.92 Z36 E33.37
G1 F3547 X93.95 Y210.46 Z36 E33.37
G1 F3544 X95.6 Y208.01 Z36 E33.35
G1 F3547 X97.09 Y205.45 Z36 E33.37
G1 F3545 X98.52 Y202.86 Z36 E33.36
G1 F3547 X99.81 Y200.2 Z36 E33.37
G1 F3544 X101.04 Y197.51 Z36 E33.35
G1 F3547 X102.12 Y194.76 Z36 E33.37
G1 F3544 X103.14 Y191.98 Z36 E33.35
G1 F3547 X103.99 Y189.15 Z36 E33.37
G1 F3544 X104.78 Y186.3 Z36 E33.35
G1 F3547 X105.39 Y183.41 Z36 E33.37
G1 F3544 X105.94 Y180.5 Z36 E33.35
G1 F3547 X106.29 Y177.56 Z36 E33.37
G1 F3544 X106.58 Y174.62 Z36 E33.35
G1 F3547 X106.67 Y171.66 Z36 E33.37
G1 F3544 X106.69 Y168.7 Z36 E33.35
G1 F3547 X106.52 Y165.75 Z36 E33.37
G1 F3544 X106.28 Y162.8 Z36 E33.35
G1 F3547 X105.85 Y159.88 Z36 E33.37
G1 F3544 X105.35 Y156.96 Z36 E33.35
G1 F3547 X104.67 Y154.08 Z36 E33.37
G1 F3544 X103.93 Y151.22 Z36 E33.35
G1 F3547 X103.01 Y148.41 Z36 E33.37
G1 F3544 X102.02 Y145.62 Z36 E33.35
G1 F3547 X100.89 Y142.89 Z36 E33.37
G1 F3545 X99.68 Y140.19 Z36 E33.36
G1 F3547 X98.34 Y137.55 Z36 E33.37
G1 F3545 X96.94 Y134.95 Z36 E33.36
G1 F3547 X95.41 Y132.42 Z36 E33.37
G1 F3545 X93.83 Y129.92 Z36 E33.36
G1 F3547 X92.14 Y127.49 Z36 E33.37
G1 F3546 X90.4 Y125.1 Z36 E33.37
G1 F3547 X88.6 Y122.75 Z36 E33.37
G1 F3547 X86.78 Y120.42 Z36 E33.37
G1 F3547 X84.96 Y118.08 Z36 E33.37
G1 F3547 X83.14 Y115.75 Z36 E33.37
G1 F3544 X81.32 Y113.42 Z36 E33.35
G1 F3547 X79.63 Y110.99 Z36 E33.37
G1 F3545 X77.99 Y108.53 Z36 E33.36
G1 F3547 X76.48 Y105.99 Z36 E33.37
G1 F3545 X75.01 Y103.42 Z36 E33.36
G1 F3547 X73.69 Y100.77 Z36 E33.37
G1 F3544 X72.42 Y98.1 Z36 E33.35
G1 F3547 X71.3 Y95.36 Z36 E33.37
G1 F3544 X70.24 Y92.6 Z36 E33.35
G1 F3547 X69.34 Y89.78 Z36 E33.37
G1 F3544 X68.52 Y86.94 Z36 E33.35
G1 F3547 X67.87 Y84.06 Z36 E33.37
G1 F3543 X67.29 Y81.16 Z36 E33.34
G1 F3540 X66.91 Y78.22 Z36 E33.31
G1 F3478 X66.88 Y75.27 Z36 E32.73
G1 F3400 X67.83 Y72.53 Z36 E32
G1 F3512 X70.11 Y70.85 Z36 E33.05
G1 F3543 X72.97 Y70.21 Z36 E33.34
G1 F3546 X75.92 Y70.02 Z36 E33.37
G1 F3547 X78.88 Y70 Z36 E33.37
G1 F3547 X81.84 Y70 Z36 E33.37
G1 F3547 X84.8 Y70 Z36 E33.37
G1 F3547 X87.76 Y70 Z36 E33.37
G1 F3547 X90.72 Y70.01 Z36 E33.37
G1 F3547 X93.67 Y70.01 Z36 E33.37
G1 F3547 X96.63 Y70.01 Z36 E33.37
G1 F3547 X99.59 Y70.02 Z36 E33.37
G1 F3547 X102.55 Y70.02 Z36 E33.37
G1 F3547 X105.51 Y70.02 Z36 E33.37
G1 F3547 X108.47 Y70.03 Z36 E33.37
G1 F3547 X111.43 Y70.03 Z36 E33.37
G1 F3547 X114.39 Y70.03 Z36 E33.37
G1 F3547 X117.34 Y70.03 Z36 E33.37
G1 F3547 X120.3 Y70.04 Z36 E33.37
G1 F3547 X123.26 Y70.04 Z36 E33.37
G1 F3547 X126.22 Y70.04 Z36 E33.37
G1 F3547 X129.18 Y70.05 Z36 E33.37
G1 F3547 X132.14 Y70.05 Z36 E33.37
G1 F3547 X135.1 Y70.05 Z36 E33.37
G1 F3547 X138.06 Y70.06 Z36 E33.37
G1 F3547 X141.01 Y70.06 Z36 E33.37
G1 F3547 X143.97 Y70.06 Z36 E33.37
G1 F3543 X146.93 Y70.06 Z36 E33.34
G1 F3522 X149.88 Y70.3 Z36 E33.15
G1 F3395 X152.69 Y71.16 Z36 E31.95
G1 F3480 X154.51 Y73.33 Z36 E32.75
G1 F3539 X155.01 Y76.19 Z36 E33.3
G1 F3545 X154.86 Y79.14 Z36 E33.36
G1 F3545 X154.44 Y82.06 Z36 E33.36
G1 F3547 X153.8 Y84.95 Z36 E33.37
G1 F3544 X153.12 Y87.83 Z36 E33.35
G1 F3547 X152.24 Y90.66 Z36 E33.37
G1 F3545 X151.32 Y93.47 Z36 E33.36
G1 F3547 X150.22 Y96.21 Z36 E33.37
G1 F3545 X149.07 Y98.94 Z36 E33.36
G1 F3547 X147.77 Y101.59 Z36 E33.37
G1 F3545 X146.41 Y104.22 Z36 E33.36
G1 F3547 X144.92 Y106.78 Z36 E33.37
G1 F3544 X143.38 Y109.3 Z36 E33.36
G1 F3547 X141.69 Y111.73 Z36 E33.37
G1 F3547 X139.96 Y114.13 Z36 E33.37
G1 F3546 X138.22 Y116.52 Z36 E33.37
G1 F3547 X136.41 Y118.86 Z36 E33.37
G1 F3547 X134.58 Y121.19 Z36 E33.37
G1 F3547 X132.75 Y123.51 Z36 E33.37
G1 F3544 X130.92 Y125.84 Z36 E33.35
G1 F3547 X129.24 Y128.27 Z36 E33.37
G1 F3547 X127.6 Y130.74 Z36 E33.37
G1 F3544 X125.97 Y133.2 Z36 E33.35
G1 F3547 X124.5 Y135.77 Z36 E33.37
G1 F3545 X123.08 Y138.36 Z36 E33.36
G1 F3547 X121.82 Y141.04 Z36 E33.37
G1 F3544 X120.6 Y143.73 Z36 E33.36
G1 F3547 X119.54 Y146.5 Z36 E33.37
G1 F3544 X118.54 Y149.28 Z36 E33.35
G1 F3547 X117.71 Y152.12 Z36 E33.37
G1 F3544 X116.94 Y154.97 Z36 E33.35
G1 F3547 X116.36 Y157.87 Z36 E33.37
G1 F3544 X115.84 Y160.79 Z36 E33.35
G1 F3547 X115.51 Y163.72 Z36 E33.37
G1 F3544 X115.25 Y166.67 Z36 E33.35
G1 F3547 X115.18 Y169.63 Z36 E33.37
G1 F3544 X115.18 Y172.59 Z36 E33.35
G1 F3547 X115.38 Y175.54 Z36 E33.37
G1 F3544 X115.64 Y178.48 Z36 E33.35
G1 F3547 X116.1 Y181.4 Z36 E33.37
G1 F3544 X116.62 Y184.32 Z36 E33.35
G1 F3547 X117.33 Y187.19 Z36 E33.37
G1 F3544 X118.1 Y190.04 Z36 E33.35
G1 F3547 X119.04 Y192.85 Z36 E33.37
G1 F3544 X120.04 Y195.63 Z36 E33.35
G1 F3547 X121.21 Y198.35 Z36 E33.37
G1 F3545 X122.43 Y201.04 Z36 E33.36
G1 F3547 X123.79 Y203.67 Z36 E33.37
G1 F3544 X125.21 Y206.26 Z36 E33.35
G1 F3547 X126.79 Y208.76 Z36 E33.37
G1 F3547 X128.42 Y211.23 Z36 E33.37
G1 F3544 X130.06 Y213.7 Z36 E33.35
G1 F3547 X131.83 Y216.06 Z36 E33.37
G1 F3547 X133.66 Y218.39 Z36 E33.37
G1 F3547 X135.48 Y220.72 Z36 E33.37
G1 F3547 X137.31 Y223.05 Z36 E33.37
G1 F3545 X139.13 Y225.38 Z36 E33.36
G1 F3547 X140.84 Y227.79 Z36 E33.37
G1 F3547 X142.5 Y230.24 Z36 E33.37
G1 F3544 X144.16 Y232.69 Z36 E33.35
G1 F3547 X145.67 Y235.23 Z36 E33.37
G1 F3545 X147.11 Y237.81 Z36 E33.36
G1 F3547 X148.42 Y240.47 Z36 E33.37
G1 F3544 X149.67 Y243.15 Z36 E33.35
G1 F3547 X150.77 Y245.89 Z36 E33.37
G1 F3544 X151.81 Y248.66 Z36 E33.35
G1 F3547 X152.68 Y251.49 Z36 E33.37
G1 F3544 X153.49 Y254.33 Z36 E33.35
G1 F3547 X154.12 Y257.22 Z36 E33.37
G1 F3544 X154.68 Y260.13 Z36 E33.35
G1 F3547 X155.06 Y263.06 Z36 E33.37
G1 F3544 X155.37 Y266 Z36 E33.35
G1 F3547 X155.49 Y268.96 Z36 E33.37
G1 F3544 X155.53 Y271.92 Z36 E33.35
G1 F3547 X155.38 Y274.87 Z36 E33.37
G1 F3544 X155.17 Y277.82 Z36 E33.35
G1 F3547 X154.76 Y280.75 Z36 E33.37
G1 F3544 X154.28 Y283.67 Z36 E33.35
G1 F3547 X153.62 Y286.55 Z36 E33.37
G1 F3544 X152.89 Y289.42 Z36 E33.35
G1 F3547 X152 Y292.23 Z36 E33.37
G1 F3544 X151.03 Y295.03 Z36 E33.35
G1 F3547 X149.91 Y297.77 Z36 E33.37
G1 F3545 X148.73 Y300.48 Z36 E33.36
G1 F3547 X147.4 Y303.12 Z36 E33.37
G1 F3545 X146.02 Y305.74 Z36 E33.36
G1 F3547 X144.5 Y308.28 Z36 E33.37
G1 F3545 X142.94 Y310.79 Z36 E33.36
G1 F3547 X141.26 Y313.22 Z36 E33.37
G1 F3546 X139.53 Y315.63 Z36 E33.37
G1 F3547 X137.74 Y317.98 Z36 E33.37
G1 F3547 X135.92 Y320.31 Z36 E33.37
G1 F3547 X134.1 Y322.64 Z36 E33.37
G1 F3547 X132.27 Y324.97 Z36 E33.37
G1 F3545 X130.45 Y327.3 Z36 E33.36
G1 F3547 X128.75 Y329.72 Z36 E33.37
G1 F3545 X127.1 Y332.18 Z36 E33.36
G1 F3547 X125.57 Y334.71 Z36 E33.37
G1 F3545 X124.09 Y337.27 Z36 E33.36
G1 F3547 X122.75 Y339.91 Z36 E33.37
G1 F3544 X121.46 Y342.57 Z36 E33.35
G1 F3547 X120.32 Y345.3 Z36 E33.37
G1 F3544 X119.25 Y348.06 Z36 E33.35
G1 F3547 X118.33 Y350.87 Z36 E33.37
G1 F3544 X117.48 Y353.7 Z36 E33.35
G1 F3547 X116.8 Y356.58 Z36 E33.37
G1 F3544 X116.19 Y359.47 Z36 E33.35
G1 F3547 X115.77 Y362.4 Z36 E33.37
G1 F3544 X115.41 Y365.34 Z36 E33.35
G1 F3547 X115.24 Y368.29 Z36 E33.37
G1 F3544 X115.15 Y371.25 Z36 E33.35
G1 F3547 X115.25 Y374.2 Z36 E33.37
G1 F3544 X115.42 Y377.15 Z36 E33.35
G1 F3547 X115.78 Y380.09 Z36 E33.37
G1 F3544 X116.21 Y383.02 Z36 E33.35
G1 F3547 X116.82 Y385.91 Z36 E33.37
G1 F3544 X117.51 Y388.79 Z36 E33.35
G1 F3547 X118.36 Y391.62 Z36 E33.37
G1 F3544 X119.29 Y394.43 Z36 E33.35
G1 F3547 X120.37 Y397.18 Z36 E33.37
G1 F3544 X121.51 Y399.91 Z36 E33.35
G1 F3547 X122.8 Y402.57 Z36 E33.37
G1 F3545 X124.15 Y405.2 Z36 E33.36
G1 F3547 X125.63 Y407.76 Z36 E33.37
G1 F3544 X127.17 Y410.29 Z36 E33.35
G1 F3547 X128.84 Y412.73 Z36 E33.37
G1 F3547 X130.58 Y415.12 Z36 E33.37
G1 F3546 X132.31 Y417.52 Z36 E33.37
G1 F3547 X134.12 Y419.87 Z36 E33.37
G1 F3547 X135.95 Y422.19 Z36 E33.37
G1 F3547 X137.78 Y424.51 Z36 E33.37
G1 F3544 X139.61 Y426.84 Z36 E33.35
G1 F3547 X141.31 Y429.26 Z36 E33.37
G1 F3547 X142.95 Y431.72 Z36 E33.37
G1 F3544 X144.58 Y434.19 Z36 E33.35
G1 F3547 X146.07 Y436.74 Z36 E33.37
G1 F3544 X147.49 Y439.34 Z36 E33.35
G1 F3547 X148.77 Y442 Z36 E33.37
G1 F3544 X149.99 Y444.7 Z36 E33.35
G1 F3547 X151.06 Y447.45 Z36 E33.37
G1 F3544 X152.06 Y450.24 Z36 E33.35
G1 F3547 X152.91 Y453.07 Z36 E33.37
G1 F3545 X153.68 Y455.93 Z36 E33.36
G1 F3545 X154.32 Y458.82 Z36 E33.36
G1 F3543 X154.78 Y461.74 Z36 E33.34
G1 F3528 X155.02 Y464.68 Z36 E33.2
G1 F3398 X154.72 Y467.61 Z36 E31.98
G1 F3454 X153.11 Y469.94 Z36 E32.5
G1 F3534 X150.46 Y471.08 Z36 E33.25
G1 F3545 X147.54 Y471.45 Z36 E33.36
G1 F3547 X144.58 Y471.52 Z36 E33.37
G1 F3547 X141.62 Y471.53 Z36 E33.37
G1 F3547 X138.66 Y471.54 Z36 E33.37
G1 F3547 X135.7 Y471.54 Z36 E33.37
G1 F3547 X132.74 Y471.55 Z36 E33.37
G1 F3547 X129.79 Y471.56 Z36 E33.37
G1 F3547 X126.83 Y471.57 Z36 E33.37
G1 F3547 X123.87 Y471.57 Z36 E33.37
G1 F3531 X120.91 Y471.58 Z36 E33.23
G1 F3536 X117.98 Y471.59 Z36.27 E33.27
G1 F3513 X115.32 Y471.59 Z37.54 E33.06
G1 F3547 X112.42 Y471.58 Z38 E33.37
G1 F3547 X109.46 Y471.58 Z38 E33.37
G1 F3547 X106.5 Y471.57 Z38 E33.37
G1 F3547 X103.54 Y471.57 Z38 E33.37
G1 F3547 X100.59 Y471.57 Z38 E33.37
G1 F3547 X97.63 Y471.56 Z38 E33.37
G1 F3547 X94.67 Y471.56 Z38 E33.37
G1 F3547 X91.71 Y471.55 Z38 E33.37
G1 F3547 X88.75 Y471.55 Z38 E33.37
G1 F3547 X85.79 Y471.54 Z38 E33.37
G1 F3547 X82.83 Y471.54 Z38 E33.37
G1 F3547 X79.88 Y471.54 Z38 E33.37
G1 F3546 X76.92 Y471.53 Z38 E33.37
G1 F3546 X73.96 Y471.37 Z38 E33.37
G1 F3538 X71.06 Y470.82 Z38 E33.3
G1 F3545 X68.6 Y469.19 Z38 E33.36
G1 F3546 X67.82 Y466.34 Z38 E33.37
G1 F3546 X67.84 Y463.38 Z38 E33.37
G1 F3546 X68.19 Y460.44 Z38 E33.37
G1 F3547 X68.72 Y457.53 Z38 E33.37
G1 F3546 X69.44 Y454.66 Z38 E33.37
G1 F3547 X70.17 Y451.79 Z38 E33.37
G1 F3546 X71.13 Y448.99 Z38 E33.37
G1 F3547 X72.08 Y446.2 Z38 E33.37
G1 F3546 X73.26 Y443.48 Z38 E33.37
G1 F3547 X74.43 Y440.76 Z38 E33.37
G1 F3546 X75.8 Y438.14 Z38 E33.37
G1 F3547 X77.17 Y435.52 Z38 E33.37
G1 F3547 X78.76 Y433.02 Z38 E33.37
G1 F3546 X80.35 Y430.53 Z38 E33.37
G1 F3547 X81.95 Y428.04 Z38 E33.37
G1 F3547 X83.73 Y425.68 Z38 E33.37
G1 F3547 X85.52 Y423.32 Z38 E33.37
G1 F3547 X87.3 Y420.96 Z38 E33.37
G1 F3547 X89.08 Y418.6 Z38 E33.37
G1 F3546 X90.87 Y416.24 Z38 E33.37
G1 F3547 X92.65 Y413.87 Z38 E33.37
G1 F3546 X94.25 Y411.39 Z38 E33.37
G1 F3547 X95.86 Y408.9 Z38 E33.37
G1 F3546 X97.29 Y406.31 Z38 E33.37
G1 F3547 X98.72 Y403.72 Z38 E33.37
G1 F3546 X99.96 Y401.04 Z38 E33.37
G1 F3547 X101.2 Y398.35 Z38 E33.37
G1 F3546 X102.23 Y395.58 Z38 E33.37
G1 F3547 X103.26 Y392.8 Z38 E33.37
G1 F3546 X104.07 Y389.96 Z38 E33.37
G1 F3547 X104.87 Y387.11 Z38 E33.37
G1 F3546 X105.43 Y384.2 Z38 E33.37
G1 F3547 X105.99 Y381.3 Z38 E33.37
G1 F3546 X106.31 Y378.36 Z38 E33.37
G1 F3547 X106.62 Y375.42 Z38 E33.37
G1 F3546 X106.68 Y372.46 Z38 E33.37
G1 F3547 X106.73 Y369.5 Z38 E33.37
G1 F3546 X106.54 Y366.55 Z38 E33.37
G1 F3547 X106.33 Y363.6 Z38 E33.37
G1 F3546 X105.88 Y360.67 Z38 E33.37
G1 F3547 X105.42 Y357.75 Z38 E33.37
G1 F3546 X104.72 Y354.87 Z38 E33.37
G1 F3547 X104.01 Y352 Z38 E33.37
G1 F3546 X103.09 Y349.19 Z38 E33.37
G1 F3547 X102.15 Y346.39 Z38 E33.37
G1 F3546 X101 Y343.66 Z38 E33.37
G1 F3547 X99.84 Y340.94 Z38 E33.37
G1 F3546 X98.5 Y338.3 Z38 E33.37
G1 F3547 X97.14 Y335.67 Z38 E33.37
G1 F3547 X95.57 Y333.17 Z38 E33.37
G1 F3546 X94 Y330.66 Z38 E33.37
G1 F3547 X92.42 Y328.16 Z38 E33.37
G1 F3547 X90.63 Y325.8 Z38 E33.37
G1 F3547 X88.85 Y323.44 Z38 E33.37
G1 F3547 X87.06 Y321.08 Z38 E33.37
G1 F3547 X85.28 Y318.72 Z38 E33.37
G1 F3546 X83.5 Y316.36 Z38 E33.37
G1 F3547 X81.72 Y313.99 Z38 E33.37
G1 F3547 X80.14 Y311.49 Z38 E33.37
G1 F3546 X78.55 Y308.99 Z38 E33.37
G1 F3547 X76.98 Y306.49 Z38 E33.37
G1 F3546 X75.61 Y303.86 Z38 E33.37
G1 F3547 X74.26 Y301.23 Z38 E33.37
G1 F3546 X73.1 Y298.51 Z38 E33.37
G1 F3547 X71.95 Y295.79 Z38 E33.37
G1 F3546 X71 Y292.98 Z38 E33.37
G1 F3547 X70.06 Y290.18 Z38 E33.37
G1 F3546 X69.34 Y287.31 Z38 E33.37
G1 F3547 X68.64 Y284.43 Z38 E33.37
G1 F3546 X68.17 Y281.51 Z38 E33.37
G1 F3547 X67.71 Y278.59 Z38 E33.37
G1 F3546 X67.49 Y275.64 Z38 E33.37
G1 F3547 X67.29 Y272.69 Z38 E33.37
G1 F3546 X67.33 Y269.73 Z38 E33.37
G1 F3547 X67.38 Y266.77 Z38 E33.37
G1 F3546 X67.67 Y263.83 Z38 E33.37
G1 F3547 X67.98 Y260.89 Z38 E33.37
G1 F3546 X68.53 Y257.98 Z38 E33.37
G1 F3547 X69.09 Y255.07 Z38 E33.37
G1 F3546 X69.88 Y252.22 Z38 E33.37
G1 F3547 X70.68 Y249.37 Z38 E33.37
G1 F3546 X71.69 Y246.59 Z38 E33.37
G1 F3547 X72.72 Y243.82 Z38 E33.37
G1 F3546 X73.94 Y241.13 Z38 E33.37
G1 F3547 X75.18 Y238.44 Z38 E33.37
G1 F3546 X76.6 Y235.84 Z38 E33.37
G1 F3547 X78.03 Y233.26 Z38 E33.37
G1 F3547 X79.66 Y230.79 Z38 E33.37
G1 F3546 X81.29 Y228.32 Z38 E33.37
G1 F3547 X82.94 Y225.86 Z38 E33.37
G1 F3547 X84.74 Y223.51 Z38 E33.37
G1 F3547 X86.53 Y221.16 Z38 E33.37
G1 F3547 X88.33 Y218.81 Z38 E33.37
G1 F3546 X90.12 Y216.46 Z38 E33.37
G1 F3547 X91.9 Y214.09 Z38 E33.37
G1 F3547 X93.51 Y211.61 Z38 E33.37
G1 F3545 X95.12 Y209.13 Z38 E33.36
G1 F3547 X96.7 Y206.63 Z38 E33.37
G1 F3546 X98.09 Y204.02 Z38 E33.37
G1 F3547 X99.46 Y201.39 Z38 E33.37
G1 F3546 X100.65 Y198.68 Z38 E33.37
G1 F3547 X101.82 Y195.97 Z38 E33.37
G1 F3546 X102.8 Y193.18 Z38 E33.37
G1 F3547 X103.75 Y190.38 Z38 E33.37
G1 F3545 X104.5 Y187.51 Z38 E33.36
G1 F3547 X105.22 Y184.65 Z38 E33.37
G1 F3545 X105.73 Y181.73 Z38 E33.36
G1 F3547 X106.21 Y178.81 Z38 E33.37
G1 F3545 X106.46 Y175.86 Z38 E33.36
G1 F3547 X106.69 Y172.91 Z38 E33.37
G1 F3545 X106.68 Y169.96 Z38 E33.36
G1 F3547 X106.65 Y167 Z38 E33.37
G1 F3545 X106.39 Y164.05 Z38 E33.36
G1 F3547 X106.11 Y161.11 Z38 E33.37
G1 F3545 X105.59 Y158.19 Z38 E33.36
G1 F3547 X105.05 Y155.29 Z38 E33.37
G1 F3545 X104.3 Y152.42 Z38 E33.36
G1 F3547 X103.52 Y149.57 Z38 E33.37
G1 F3546 X102.53 Y146.78 Z38 E33.37
G1 F3547 X101.53 Y144 Z38 E33.37
G1 F3546 X100.33 Y141.3 Z38 E33.37
G1 F3547 X99.11 Y138.6 Z38 E33.37
G1 F3545 X97.72 Y135.99 Z38 E33.36
G1 F3547 X96.3 Y133.39 Z38 E33.37
G1 F3547 X94.68 Y130.91 Z38 E33.37
G1 F3546 X93.07 Y128.43 Z38 E33.37
G1 F3547 X91.44 Y125.97 Z38 E33.37
G1 F3547 X89.64 Y123.62 Z38 E33.37
G1 F3547 X87.84 Y121.27 Z38 E33.37
G1 F3547 X86.04 Y118.92 Z38 E33.37
G1 F3546 X84.24 Y116.57 Z38 E33.37
G1 F3547 X82.46 Y114.21 Z38 E33.37
G1 F3547 X80.84 Y111.74 Z38 E33.37
G1 F3545 X79.21 Y109.27 Z38 E33.36
G1 F3547 X77.61 Y106.78 Z38 E33.37
G1 F3546 X76.2 Y104.18 Z38 E33.37
G1 F3547 X74.81 Y101.56 Z38 E33.37
G1 F3545 X73.6 Y98.87 Z38 E33.36
G1 F3547 X72.41 Y96.16 Z38 E33.37
G1 F3545 X71.41 Y93.37 Z38 E33.36
G1 F3547 X70.43 Y90.58 Z38 E33.37
G1 F3545 X69.66 Y87.73 Z38 E33.36
G1 F3547 X68.91 Y84.86 Z38 E33.37
G1 F3545 X68.4 Y81.95 Z38 E33.36
G1 F3541 X67.92 Y79.03 Z38 E33.33
G1 F3485 X67.76 Y76.08 Z38 E32.8
G1 F3469 X68.23 Y73.21 Z38 E32.65
G1 F3533 X70.21 Y71.1 Z38 E33.25
G1 F3545 X73.04 Y70.27 Z38 E33.36
G1 F3546 X75.98 Y70.03 Z38 E33.37
G1 F3547 X78.94 Y69.98 Z38 E33.37
G1 F3547 X81.9 Y69.98 Z38 E33.37
G1 F3547 X84.86 Y69.98 Z38 E33.37
G1 F3547 X87.82 Y69.99 Z38 E33.37
G1 F3547 X90.78 Y69.99 Z38 E33.37
G1 F3547 X93.74 Y69.99 Z38 E33.37
G1 F3547 X96.69 Y70 Z38 E33.37
G1 F3547 X99.65 Y70 Z38 E33.37
G1 F3547 X102.61 Y70 Z38 E33.37
G1 F3547 X105.57 Y70.01 Z38 E33.37
G1 F3547 X108.53 Y70.01 Z38 E33.37
G1 F3547 X111.49 Y70.01 Z38 E33.37
G1 F3547 X114.45 Y70.02 Z38 E33.37
G1 F3547 X117.41 Y70.02 Z38 E33.37
G1 F3547 X120.36 Y70.02 Z38 E33.37
G1 F3547 X123.32 Y70.03 Z38 E33.37
G1 F3547 X126.28 Y70.03 Z38 E33.37
G1 F3547 X129.24 Y70.04 Z38 E33.37
G1 F3547 X132.2 Y70.04 Z38 E33.37
G1 F3547 X135.16 Y70.04 Z38 E33.37
G1 F3547 X138.12 Y70.05 Z38 E33.37
G1 F3547 X141.08 Y70.05 Z38 E33.37
G1 F3544 X144.03 Y70.05 Z38 E33.35
G1 F3532 X146.99 Y70.11 Z38 E33.24
G1 F3440 X149.91 Y70.52 Z38 E32.37
G1 F3465 X152.49 Y71.77 Z38 E32.61
G1 F3537 X153.87 Y74.31 Z38 E33.29
G1 F3544 X154.06 Y77.25 Z38 E33.36
G1 F3545 X153.79 Y80.2 Z38 E33.36
G1 F3547 X153.3 Y83.11 Z38 E33.37
G1 F3544 X152.64 Y86 Z38 E33.35
G1 F3547 X151.93 Y88.87 Z38 E33.37
G1 F3545 X151.03 Y91.69 Z38 E33.36
G1 F3547 X150.09 Y94.49 Z38 E33.37
G1 F3545 X148.97 Y97.23 Z38 E33.36
G1 F3547 X147.81 Y99.95 Z38 E33.37
G1 F3545 X146.49 Y102.6 Z38 E33.36
G1 F3547 X145.13 Y105.22 Z38 E33.37
G1 F3544 X143.62 Y107.77 Z38 E33.35
G1 F3547 X142.07 Y110.29 Z38 E33.37
G1 F3547 X140.37 Y112.7 Z38 E33.37
G1 F3546 X138.66 Y115.12 Z38 E33.37
G1 F3547 X136.94 Y117.52 Z38 E33.37
G1 F3547 X135.13 Y119.87 Z38 E33.37
G1 F3547 X133.33 Y122.22 Z38 E33.37
G1 F3544 X131.52 Y124.56 Z38 E33.35
G1 F3547 X129.77 Y126.94 Z38 E33.37
G1 F3547 X128.16 Y129.42 Z38 E33.37
G1 F3544 X126.55 Y131.91 Z38 E33.35
G1 F3547 X124.99 Y134.42 Z38 E33.37
G1 F3545 X123.6 Y137.03 Z38 E33.36
G1 F3547 X122.26 Y139.67 Z38 E33.37
G1 F3545 X121.07 Y142.37 Z38 E33.36
G1 F3547 X119.92 Y145.1 Z38 E33.37
G1 F3544 X118.94 Y147.89 Z38 E33.35
G1 F3547 X118.02 Y150.7 Z38 E33.37
G1 F3544 X117.27 Y153.56 Z38 E33.35
G1 F3547 X116.58 Y156.44 Z38 E33.37
G1 F3544 X116.07 Y159.35 Z38 E33.35
G1 F3547 X115.62 Y162.28 Z38 E33.37
G1 F3544 X115.36 Y165.22 Z38 E33.35
G1 F3547 X115.17 Y168.17 Z38 E33.37
G1 F3544 X115.17 Y171.13 Z38 E33.35
G1 F3547 X115.24 Y174.09 Z38 E33.37
G1 F3544 X115.5 Y177.04 Z38 E33.35
G1 F3547 X115.82 Y179.97 Z38 E33.37
G1 F3544 X116.33 Y182.89 Z38 E33.35
G1 F3547 X116.91 Y185.79 Z38 E33.37
G1 F3544 X117.66 Y188.65 Z38 E33.35
G1 F3547 X118.47 Y191.49 Z38 E33.37
G1 F3544 X119.45 Y194.29 Z38 E33.35
G1 F3547 X120.49 Y197.05 Z38 E33.37
G1 F3545 X121.68 Y199.76 Z38 E33.36
G1 F3547 X122.93 Y202.44 Z38 E33.37
G1 F3544 X124.32 Y205.05 Z38 E33.35
G1 F3547 X125.77 Y207.63 Z38 E33.37
G1 F3547 X127.38 Y210.11 Z38 E33.37
G1 F3544 X128.99 Y212.59 Z38 E33.35
G1 F3547 X130.65 Y215.04 Z38 E33.37
G1 F3547 X132.45 Y217.39 Z38 E33.37
G1 F3547 X134.25 Y219.74 Z38 E33.37
G1 F3547 X136.05 Y222.09 Z38 E33.37
G1 F3545 X137.84 Y224.44 Z38 E33.36
G1 F3547 X139.59 Y226.83 Z38 E33.37
G1 F3547 X141.22 Y229.3 Z38 E33.37
G1 F3544 X142.85 Y231.77 Z38 E33.35
G1 F3547 X144.42 Y234.27 Z38 E33.37
G1 F3545 X145.83 Y236.87 Z38 E33.36
G1 F3547 X147.19 Y239.5 Z38 E33.37
G1 F3544 X148.41 Y242.19 Z38 E33.35
G1 F3547 X149.57 Y244.91 Z38 E33.37
G1 F3544 X150.58 Y247.7 Z38 E33.35
G1 F3547 X151.52 Y250.5 Z38 E33.37
G1 F3544 X152.3 Y253.35 Z38 E33.35
G1 F3547 X153.01 Y256.22 Z38 E33.37
G1 F3544 X153.55 Y259.13 Z38 E33.35
G1 F3547 X154.02 Y262.05 Z38 E33.37
G1 F3544 X154.31 Y264.99 Z38 E33.35
G1 F3547 X154.52 Y267.94 Z38 E33.37
G1 F3544 X154.55 Y270.9 Z38 E33.35
G1 F3547 X154.51 Y273.86 Z38 E33.37
G1 F3544 X154.29 Y276.81 Z38 E33.35
G1 F3547 X153.99 Y279.75 Z38 E33.37
G1 F3544 X153.51 Y282.67 Z38 E33.35
G1 F3547 X152.96 Y285.57 Z38 E33.37
G1 F3544 X152.24 Y288.44 Z38 E33.35
G1 F3547 X151.45 Y291.29 Z38 E33.37
G1 F3544 X150.49 Y294.09 Z38 E33.35
G1 F3547 X149.47 Y296.87 Z38 E33.37
G1 F3544 X148.31 Y299.59 Z38 E33.36
G1 F3547 X147.08 Y302.28 Z38 E33.37
G1 F3544 X145.71 Y304.9 Z38 E33.35
G1 F3547 X144.28 Y307.49 Z38 E33.37
G1 F3547 X142.69 Y309.98 Z38 E33.37
G1 F3544 X141.1 Y312.48 Z38 E33.35
G1 F3547 X139.45 Y314.93 Z38 E33.37
G1 F3547 X137.67 Y317.29 Z38 E33.37
G1 F3547 X135.88 Y319.66 Z38 E33.37
G1 F3547 X134.1 Y322.02 Z38 E33.37
G1 F3547 X132.32 Y324.38 Z38 E33.37
G1 F3545 X130.53 Y326.74 Z38 E33.36
G1 F3547 X128.8 Y329.14 Z38 E33.37
G1 F3545 X127.19 Y331.62 Z38 E33.36
G1 F3547 X125.64 Y334.13 Z38 E33.37
G1 F3545 X124.2 Y336.72 Z38 E33.36
G1 F3547 X122.82 Y339.34 Z38 E33.37
G1 F3544 X121.58 Y342.02 Z38 E33.35
G1 F3547 X120.4 Y344.73 Z38 E33.37
G1 F3544 X119.37 Y347.51 Z38 E33.35
G1 F3547 X118.4 Y350.3 Z38 E33.37
G1 F3544 X117.59 Y353.15 Z38 E33.35
G1 F3547 X116.86 Y356.01 Z38 E33.37
G1 F3544 X116.29 Y358.91 Z38 E33.35
G1 F3547 X115.8 Y361.83 Z38 E33.37
G1 F3544 X115.48 Y364.77 Z38 E33.35
G1 F3547 X115.24 Y367.72 Z38 E33.37
G1 F3544 X115.18 Y370.67 Z38 E33.35
G1 F3547 X115.19 Y373.63 Z38 E33.37
G1 F3544 X115.39 Y376.58 Z38 E33.35
G1 F3547 X115.66 Y379.53 Z38 E33.37
G1 F3544 X116.11 Y382.45 Z38 E33.35
G1 F3547 X116.64 Y385.36 Z38 E33.37
G1 F3544 X117.33 Y388.24 Z38 E33.35
G1 F3547 X118.1 Y391.09 Z38 E33.37
G1 F3544 X119.03 Y393.9 Z38 E33.35
G1 F3547 X120.02 Y396.69 Z38 E33.37
G1 F3544 X121.16 Y399.42 Z38 E33.35
G1 F3547 X122.37 Y402.11 Z38 E33.37
G1 F3545 X123.72 Y404.75 Z38 E33.36
G1 F3547 X125.12 Y407.35 Z38 E33.37
G1 F3545 X126.65 Y409.89 Z38 E33.36
G1 F3547 X128.23 Y412.38 Z38 E33.37
G1 F3546 X129.92 Y414.81 Z38 E33.37
G1 F3547 X131.65 Y417.22 Z38 E33.37
G1 F3547 X133.44 Y419.57 Z38 E33.37
G1 F3547 X135.24 Y421.92 Z38 E33.37
G1 F3547 X137.04 Y424.27 Z38 E33.37
G1 F3544 X138.83 Y426.62 Z38 E33.35
G1 F3547 X140.56 Y429.02 Z38 E33.37
G1 F3547 X142.15 Y431.52 Z38 E33.37
G1 F3544 X143.73 Y434.01 Z38 E33.35
G1 F3547 X145.25 Y436.55 Z38 E33.37
G1 F3544 X146.61 Y439.18 Z38 E33.35
G1 F3547 X147.91 Y441.83 Z38 E33.37
G1 F3544 X149.08 Y444.55 Z38 E33.35
G1 F3547 X150.17 Y447.3 Z38 E33.37
G1 F3544 X151.12 Y450.1 Z38 E33.35
G1 F3547 X151.99 Y452.93 Z38 E33.37
G1 F3545 X152.71 Y455.8 Z38 E33.36
G1 F3545 X153.36 Y458.68 Z38 E33.36
G1 F3541 X153.82 Y461.6 Z38 E33.33
G1 F3504 X154.05 Y464.55 Z38 E32.97
G1 F3370 X153.73 Y467.45 Z38 E31.71
G1 F3481 X152.24 Y469.84 Z38 E32.76
G1 F3539 X149.6 Y471.05 Z38 E33.3
G1 F3545 X146.67 Y471.44 Z38 E33.36
G1 F3547 X143.72 Y471.54 Z38 E33.37
G1 F3547 X140.76 Y471.54 Z38 E33.37
G1 F3547 X137.8 Y471.55 Z38 E33.37
G1 F3547 X134.84 Y471.56 Z38 E33.37
G1 F3547 X131.88 Y471.56 Z38 E33.37
G1 F3547 X128.92 Y471.57 Z38 E33.37
G1 F3547 X125.97 Y471.57 Z38 E33.37
G1 F3547 X123.01 Y471.58 Z38 E33.37
G1 F3504 X120.05 Y471.58 Z38 E32.97
G1 F3525 X117.19 Y471.59 Z38.59 E33.18
G1 F3532 X114.5 Y471.58 Z39.79 E33.24
G1 F3547 X111.56 Y471.58 Z40 E33.37
G1 F3547 X108.6 Y471.57 Z40 E33.37
G1 F3547 X105.64 Y471.57 Z40 E33.37
G1 F3547 X102.68 Y471.56 Z40 E33.37
G1 F3547 X99.73 Y471.56 Z40 E33.37
G1 F3547 X96.77 Y471.55 Z40 E33.37
G1 F3547 X93.81 Y471.54 Z40 E33.37
G1 F3547 X90.85 Y471.54 Z40 E33.37
G1 F3547 X87.89 Y471.53 Z40 E33.37
G1 F3547 X84.93 Y471.52 Z40 E33.37
G1 F3547 X81.97 Y471.52 Z40 E33.37
G1 F3544 X79.01 Y471.51 Z40 E33.35
G1 F3533 X76.06 Y471.43 Z40 E33.24
G1 F3438 X73.14 Y471.02 Z40 E32.35
G1 F3395 X70.55 Y469.8 Z40 E31.95
G1 F3528 X69.05 Y467.39 Z40 E33.2
G1 F3543 X68.78 Y464.46 Z40 E33.34
G1 F3545 X69 Y461.52 Z40 E33.36
G1 F3545 X69.45 Y458.59 Z40 E33.36
G1 F3547 X70.08 Y455.7 Z40 E33.37
G1 F3544 X70.82 Y452.84 Z40 E33.35
G1 F3547 X71.64 Y450 Z40 E33.37
G1 F3544 X72.61 Y447.2 Z40 E33.35
G1 F3547 X73.65 Y444.44 Z40 E33.37
G1 F3544 X74.83 Y441.72 Z40 E33.35
G1 F3547 X76.08 Y439.04 Z40 E33.37
G1 F3544 X77.45 Y436.42 Z40 E33.35
G1 F3547 X78.9 Y433.84 Z40 E33.37
G1 F3547 X80.49 Y431.35 Z40 E33.37
G1 F3544 X82.08 Y428.85 Z40 E33.35
G1 F3547 X83.73 Y426.4 Z40 E33.37
G1 F3547 X85.5 Y424.03 Z40 E33.37
G1 F3547 X87.27 Y421.66 Z40 E33.37
G1 F3547 X89.04 Y419.29 Z40 E33.37
G1 F3544 X90.81 Y416.91 Z40 E33.35
G1 F3547 X92.51 Y414.5 Z40 E33.37
G1 F3547 X94.1 Y412 Z40 E33.37
G1 F3544 X95.69 Y409.5 Z40 E33.35
G1 F3547 X97.19 Y406.96 Z40 E33.37
G1 F3544 X98.56 Y404.34 Z40 E33.35
G1 F3547 X99.86 Y401.68 Z40 E33.37
G1 F3544 X101.04 Y398.97 Z40 E33.35
G1 F3547 X102.14 Y396.22 Z40 E33.37
G1 F3544 X103.1 Y393.42 Z40 E33.35
G1 F3547 X103.98 Y390.6 Z40 E33.37
G1 F3544 X104.72 Y387.74 Z40 E33.35
G1 F3547 X105.37 Y384.85 Z40 E33.37
G1 F3544 X105.87 Y381.94 Z40 E33.35
G1 F3547 X106.28 Y379.01 Z40 E33.37
G1 F3544 X106.53 Y376.06 Z40 E33.35
G1 F3547 X106.7 Y373.11 Z40 E33.37
G1 F3544 X106.7 Y370.15 Z40 E33.35
G1 F3547 X106.61 Y367.2 Z40 E33.37
G1 F3544 X106.36 Y364.25 Z40 E33.35
G1 F3547 X106.02 Y361.31 Z40 E33.37
G1 F3544 X105.52 Y358.39 Z40 E33.35
G1 F3547 X104.94 Y355.49 Z40 E33.37
G1 F3544 X104.21 Y352.63 Z40 E33.35
G1 F3547 X103.39 Y349.79 Z40 E33.37
G1 F3544 X102.43 Y346.99 Z40 E33.35
G1 F3547 X101.39 Y344.22 Z40 E33.37
G1 F3544 X100.22 Y341.5 Z40 E33.35
G1 F3547 X98.98 Y338.82 Z40 E33.37
G1 F3544 X97.61 Y336.2 Z40 E33.35
G1 F3547 X96.17 Y333.61 Z40 E33.37
G1 F3547 X94.58 Y331.12 Z40 E33.37
G1 F3544 X93 Y328.62 Z40 E33.35
G1 F3547 X91.35 Y326.17 Z40 E33.37
G1 F3547 X89.58 Y323.79 Z40 E33.37
G1 F3547 X87.81 Y321.42 Z40 E33.37
G1 F3547 X86.04 Y319.05 Z40 E33.37
G1 F3544 X84.27 Y316.68 Z40 E33.35
G1 F3547 X82.57 Y314.26 Z40 E33.37
G1 F3547 X80.98 Y311.77 Z40 E33.37
G1 F3544 X79.39 Y309.27 Z40 E33.35
G1 F3547 X77.87 Y306.74 Z40 E33.37
G1 F3544 X76.5 Y304.12 Z40 E33.35
G1 F3547 X75.19 Y301.46 Z40 E33.37
G1 F3544 X74.01 Y298.75 Z40 E33.35
G1 F3547 X72.9 Y296.01 Z40 E33.37
G1 F3544 X71.94 Y293.21 Z40 E33.35
G1 F3547 X71.04 Y290.39 Z40 E33.37
G1 F3544 X70.3 Y287.53 Z40 E33.35
G1 F3547 X69.64 Y284.65 Z40 E33.37
G1 F3544 X69.14 Y281.73 Z40 E33.35
G1 F3547 X68.71 Y278.81 Z40 E33.37
G1 F3544 X68.46 Y275.86 Z40 E33.35
G1 F3547 X68.28 Y272.91 Z40 E33.37
G1 F3544 X68.27 Y269.95 Z40 E33.35
G1 F3547 X68.35 Y266.99 Z40 E33.37
G1 F3544 X68.6 Y264.04 Z40 E33.35
G1 F3547 X68.92 Y261.11 Z40 E33.37
G1 F3544 X69.41 Y258.19 Z40 E33.35
G1 F3547 X69.98 Y255.29 Z40 E33.37
G1 F3544 X70.71 Y252.42 Z40 E33.35
G1 F3547 X71.52 Y249.57 Z40 E33.37
G1 F3544 X72.47 Y246.77 Z40 E33.35
G1 F3547 X73.5 Y244 Z40 E33.37
G1 F3544 X74.67 Y241.28 Z40 E33.36
G1 F3547 X75.9 Y238.59 Z40 E33.37
G1 F3544 X77.26 Y235.97 Z40 E33.35
G1 F3547 X78.69 Y233.38 Z40 E33.37
G1 F3547 X80.28 Y230.88 Z40 E33.37
G1 F3544 X81.86 Y228.38 Z40 E33.35
G1 F3547 X83.5 Y225.92 Z40 E33.37
G1 F3547 X85.27 Y223.55 Z40 E33.37
G1 F3547 X87.03 Y221.18 Z40 E33.37
G1 F3547 X88.8 Y218.8 Z40 E33.37
G1 F3545 X90.57 Y216.43 Z40 E33.36
G1 F3547 X92.28 Y214.02 Z40 E33.37
G1 F3547 X93.88 Y211.53 Z40 E33.37
G1 F3544 X95.47 Y209.04 Z40 E33.35
G1 F3547 X97 Y206.5 Z40 E33.37
G1 F3545 X98.37 Y203.89 Z40 E33.36
G1 F3547 X99.69 Y201.24 Z40 E33.37
G1 F3544 X100.87 Y198.53 Z40 E33.35
G1 F3547 X101.99 Y195.79 Z40 E33.37
G1 F3544 X102.96 Y192.99 Z40 E33.35
G1 F3547 X103.87 Y190.18 Z40 E33.37
G1 F3544 X104.61 Y187.31 Z40 E33.35
G1 F3547 X105.29 Y184.44 Z40 E33.37
G1 F3544 X105.8 Y181.52 Z40 E33.35
G1 F3547 X106.23 Y178.6 Z40 E33.37
G1 F3544 X106.5 Y175.65 Z40 E33.35
G1 F3547 X106.68 Y172.7 Z40 E33.37
G1 F3544 X106.69 Y169.74 Z40 E33.35
G1 F3547 X106.63 Y166.79 Z40 E33.37
G1 F3544 X106.39 Y163.84 Z40 E33.35
G1 F3547 X106.08 Y160.9 Z40 E33.37
G1 F3544 X105.59 Y157.98 Z40 E33.35
G1 F3547 X105.03 Y155.07 Z40 E33.37
G1 F3544 X104.31 Y152.21 Z40 E33.35
G1 F3547 X103.52 Y149.36 Z40 E33.37
G1 F3544 X102.56 Y146.56 Z40 E33.35
G1 F3547 X101.55 Y143.78 Z40 E33.37
G1 F3545 X100.39 Y141.06 Z40 E33.36
G1 F3547 X99.17 Y138.36 Z40 E33.37
G1 F3544 X97.81 Y135.74 Z40 E33.35
G1 F3547 X96.38 Y133.15 Z40 E33.37
G1 F3547 X94.8 Y130.64 Z40 E33.37
G1 F3544 X93.22 Y128.14 Z40 E33.35
G1 F3547 X91.59 Y125.68 Z40 E33.37
G1 F3547 X89.82 Y123.31 Z40 E33.37
G1 F3547 X88.05 Y120.94 Z40 E33.37
G1 F3547 X86.28 Y118.57 Z40 E33.37
G1 F3545 X84.51 Y116.19 Z40 E33.36
G1 F3547 X82.79 Y113.79 Z40 E33.37
G1 F3547 X81.19 Y111.3 Z40 E33.37
G1 F3544 X79.59 Y108.81 Z40 E33.35
G1 F3547 X78.06 Y106.28 Z40 E33.37
G1 F3545 X76.68 Y103.66 Z40 E33.36
G1 F3547 X75.35 Y101.02 Z40 E33.37
G1 F3544 X74.17 Y98.31 Z40 E33.36
G1 F3547 X73.04 Y95.58 Z40 E33.37
G1 F3544 X72.06 Y92.78 Z40 E33.35
G1 F3547 X71.15 Y89.97 Z40 E33.37
G1 F3544 X70.4 Y87.11 Z40 E33.35
G1 F3547 X69.72 Y84.23 Z40 E33.37
G1 F3542 X69.23 Y81.31 Z40 E33.34
G1 F3535 X68.83 Y78.39 Z40 E33.26
G1 F3422 X68.8 Y75.44 Z40 E32.21
G1 F3435 X69.61 Y72.7 Z40 E32.33
G1 F3529 X71.83 Y70.89 Z40 E33.21
G1 F3544 X74.69 Y70.21 Z40 E33.35
G1 F3547 X77.64 Y70.04 Z40 E33.37
G1 F3547 X80.6 Y70.03 Z40 E33.37
G1 F3547 X83.56 Y70.03 Z40 E33.37
G1 F3547 X86.52 Y70.03 Z40 E33.37
G1 F3547 X89.48 Y70.02 Z40 E33.37
G1 F3547 X92.44 Y70.02 Z40 E33.37
G1 F3547 X95.39 Y70.01 Z40 E33.37
G1 F3547 X98.35 Y70.01 Z40 E33.37
G1 F3547 X101.31 Y70.01 Z40 E33.37
G1 F3547 X104.27 Y70 Z40 E33.37
G1 F3547 X107.23 Y70 Z40 E33.37
G1 F3547 X110.19 Y69.99 Z40 E33.37
G1 F3547 X113.15 Y69.99 Z40 E33.37
G1 F3547 X116.11 Y69.99 Z40 E33.37
G1 F3547 X119.06 Y69.98 Z40 E33.37
G1 F3547 X122.02 Y69.98 Z40 E33.37
G1 F3547 X124.98 Y69.97 Z40 E33.37
G1 F3547 X127.94 Y69.97 Z40 E33.37
G1 F3547 X130.9 Y69.97 Z40 E33.37
G1 F3546 X133.86 Y69.96 Z40 E33.37
G1 F3547 X136.82 Y69.97 Z40 E33.37
G1 F3547 X139.78 Y69.99 Z40 E33.37
G1 F3545 X142.73 Y70.02 Z40 E33.36
G1 F3534 X145.69 Y70.1 Z40 E33.25
G1 F3445 X148.61 Y70.49 Z40 E32.42
G1 F3403 X151.24 Y71.66 Z40 E32.03
G1 F3529 X152.8 Y74.03 Z40 E33.21
G1 F3543 X153.09 Y76.96 Z40 E33.34
G1 F3545 X152.88 Y79.91 Z40 E33.36
G1 F3545 X152.43 Y82.83 Z40 E33.36
G1 F3547 X151.82 Y85.73 Z40 E33.37
G1 F3544 X151.08 Y88.59 Z40 E33.35
G1 F3547 X150.27 Y91.43 Z40 E33.37
G1 F3544 X149.3 Y94.23 Z40 E33.35
G1 F3547 X148.26 Y97 Z40 E33.37
G1 F3544 X147.09 Y99.71 Z40 E33.35
G1 F3547 X145.85 Y102.4 Z40 E33.37
G1 F3544 X144.47 Y105.02 Z40 E33.35
G1 F3547 X143.03 Y107.6 Z40 E33.37
G1 F3547 X141.44 Y110.1 Z40 E33.37
G1 F3544 X139.85 Y112.59 Z40 E33.35
G1 F3547 X138.2 Y115.05 Z40 E33.37
G1 F3547 X136.43 Y117.42 Z40 E33.37
G1 F3547 X134.67 Y119.79 Z40 E33.37
G1 F3547 X132.9 Y122.16 Z40 E33.37
G1 F3544 X131.13 Y124.53 Z40 E33.35
G1 F3547 X129.42 Y126.95 Z40 E33.37
G1 F3547 X127.83 Y129.44 Z40 E33.37
G1 F3544 X126.25 Y131.94 Z40 E33.35
G1 F3547 X124.73 Y134.48 Z40 E33.37
G1 F3544 X123.36 Y137.1 Z40 E33.36
G1 F3547 X122.05 Y139.75 Z40 E33.37
G1 F3544 X120.88 Y142.47 Z40 E33.35
G1 F3547 X119.77 Y145.21 Z40 E33.37
G1 F3544 X118.81 Y148.01 Z40 E33.35
G1 F3547 X117.92 Y150.83 Z40 E33.37
G1 F3544 X117.18 Y153.69 Z40 E33.35
G1 F3547 X116.52 Y156.57 Z40 E33.37
G1 F3544 X116.02 Y159.49 Z40 E33.35
G1 F3547 X115.6 Y162.42 Z40 E33.37
G1 F3544 X115.34 Y165.37 Z40 E33.35
G1 F3547 X115.17 Y168.32 Z40 E33.37
G1 F3544 X115.17 Y171.28 Z40 E33.35
G1 F3547 X115.25 Y174.23 Z40 E33.37
G1 F3544 X115.5 Y177.18 Z40 E33.35
G1 F3547 X115.83 Y180.12 Z40 E33.37
G1 F3544 X116.32 Y183.03 Z40 E33.35
G1 F3547 X116.9 Y185.93 Z40 E33.37
G1 F3544 X117.63 Y188.8 Z40 E33.35
G1 F3547 X118.44 Y191.65 Z40 E33.37
G1 F3544 X119.4 Y194.44 Z40 E33.35
G1 F3547 X120.43 Y197.22 Z40 E33.37
G1 F3545 X121.6 Y199.93 Z40 E33.36
G1 F3547 X122.83 Y202.62 Z40 E33.37
G1 F3544 X124.2 Y205.24 Z40 E33.35
G1 F3547 X125.63 Y207.83 Z40 E33.37
G1 F3547 X127.22 Y210.33 Z40 E33.37
G1 F3544 X128.81 Y212.82 Z40 E33.36
G1 F3547 X130.45 Y215.28 Z40 E33.37
G1 F3547 X132.22 Y217.66 Z40 E33.37
G1 F3547 X133.99 Y220.03 Z40 E33.37
G1 F3547 X135.75 Y222.4 Z40 E33.37
G1 F3545 X137.52 Y224.77 Z40 E33.36
G1 F3547 X139.24 Y227.18 Z40 E33.37
G1 F3547 X140.83 Y229.68 Z40 E33.37
G1 F3544 X142.42 Y232.17 Z40 E33.35
G1 F3547 X143.95 Y234.7 Z40 E33.37
G1 F3545 X145.32 Y237.32 Z40 E33.36
G1 F3547 X146.63 Y239.97 Z40 E33.37
G1 F3544 X147.81 Y242.69 Z40 E33.35
G1 F3547 X148.93 Y245.42 Z40 E33.37
G1 F3544 X149.89 Y248.22 Z40 E33.35
G1 F3547 X150.79 Y251.04 Z40 E33.37
G1 F3544 X151.54 Y253.9 Z40 E33.35
G1 F3547 X152.21 Y256.78 Z40 E33.37
G1 F3544 X152.71 Y259.7 Z40 E33.35
G1 F3547 X153.15 Y262.62 Z40 E33.37
G1 F3544 X153.4 Y265.57 Z40 E33.35
G1 F3547 X153.59 Y268.52 Z40 E33.37
G1 F3544 X153.59 Y271.48 Z40 E33.35
G1 F3547 X153.53 Y274.43 Z40 E33.37
G1 F3544 X153.28 Y277.38 Z40 E33.35
G1 F3547 X152.97 Y280.32 Z40 E33.37
G1 F3544 X152.47 Y283.24 Z40 E33.35
G1 F3547 X151.91 Y286.14 Z40 E33.37
G1 F3544 X151.18 Y289.01 Z40 E33.35
G1 F3547 X150.39 Y291.86 Z40 E33.37
G1 F3544 X149.43 Y294.66 Z40 E33.35
G1 F3547 X148.42 Y297.43 Z40 E33.37
G1 F3545 X147.25 Y300.15 Z40 E33.36
G1 F3547 X146.03 Y302.85 Z40 E33.37
G1 F3544 X144.66 Y305.47 Z40 E33.35
G1 F3547 X143.24 Y308.06 Z40 E33.37
G1 F3547 X141.66 Y310.56 Z40 E33.37
G1 F3545 X140.07 Y313.06 Z40 E33.36
G1 F3547 X138.44 Y315.53 Z40 E33.37
G1 F3547 X136.67 Y317.9 Z40 E33.37
G1 F3547 X134.9 Y320.27 Z40 E33.37
G1 F3547 X133.14 Y322.65 Z40 E33.37
G1 F3545 X131.37 Y325.02 Z40 E33.36
G1 F3547 X129.65 Y327.42 Z40 E33.37
G1 F3547 X128.05 Y329.92 Z40 E33.37
G1 F3544 X126.46 Y332.41 Z40 E33.35
G1 F3547 X124.92 Y334.93 Z40 E33.37
G1 F3545 X123.55 Y337.55 Z40 E33.36
G1 F3547 X122.22 Y340.2 Z40 E33.37
G1 F3545 X121.04 Y342.91 Z40 E33.36
G1 F3547 X119.91 Y345.64 Z40 E33.37
G1 F3544 X118.94 Y348.44 Z40 E33.35
G1 F3547 X118.03 Y351.25 Z40 E33.37
G1 F3544 X117.28 Y354.11 Z40 E33.35
G1 F3547 X116.6 Y356.99 Z40 E33.37
G1 F3544 X116.09 Y359.91 Z40 E33.35
G1 F3547 X115.64 Y362.83 Z40 E33.37
G1 F3544 X115.38 Y365.78 Z40 E33.35
G1 F3547 X115.18 Y368.73 Z40 E33.37
G1 F3544 X115.17 Y371.68 Z40 E33.35
G1 F3547 X115.23 Y374.64 Z40 E33.37
G1 F3544 X115.47 Y377.59 Z40 E33.35
G1 F3547 X115.77 Y380.53 Z40 E33.37
G1 F3544 X116.26 Y383.45 Z40 E33.35
G1 F3547 X116.8 Y386.35 Z40 E33.37
G1 F3544 X117.53 Y389.22 Z40 E33.35
G1 F3547 X118.31 Y392.07 Z40 E33.37
G1 F3545 X119.26 Y394.88 Z40 E33.36
G1 F3547 X120.27 Y397.66 Z40 E33.37
G1 F3545 X121.43 Y400.38 Z40 E33.36
G1 F3547 X122.65 Y403.07 Z40 E33.37
G1 F3544 X124.01 Y405.7 Z40 E33.35
G1 F3547 X125.42 Y408.3 Z40 E33.37
G1 F3547 X127 Y410.8 Z40 E33.37
G1 F3545 X128.58 Y413.3 Z40 E33.36
G1 F3547 X130.21 Y415.77 Z40 E33.37
G1 F3547 X131.98 Y418.14 Z40 E33.37
G1 F3547 X133.75 Y420.51 Z40 E33.37
G1 F3547 X135.52 Y422.88 Z40 E33.37
G1 F3545 X137.29 Y425.25 Z40 E33.36
G1 F3547 X139.02 Y427.65 Z40 E33.37
G1 F3547 X140.61 Y430.15 Z40 E33.37
G1 F3544 X142.21 Y432.64 Z40 E33.35
G1 F3547 X143.75 Y435.16 Z40 E33.37
G1 F3545 X145.13 Y437.77 Z40 E33.36
G1 F3547 X146.47 Y440.41 Z40 E33.37
G1 F3545 X147.65 Y443.12 Z40 E33.36
G1 F3547 X148.79 Y445.85 Z40 E33.37
G1 F3545 X149.77 Y448.65 Z40 E33.36
G1 F3547 X150.69 Y451.46 Z40 E33.37
G1 F3544 X151.44 Y454.32 Z40 E33.35
G1 F3547 X152.13 Y457.19 Z40 E33.37
G1 F3543 X152.62 Y460.11 Z40 E33.34
G1 F3536 X153.03 Y463.04 Z40 E33.28
G1 F3435 X153.08 Y465.99 Z40 E32.32
G1 F3444 X152.34 Y468.76 Z40 E32.41
G1 F3530 X150.15 Y470.62 Z40 E33.22
G1 F3544 X147.29 Y471.32 Z40 E33.35
G1 F3547 X144.34 Y471.51 Z40 E33.37
G1 F3547 X141.38 Y471.52 Z40 E33.37
G1 F3547 X138.43 Y471.53 Z40 E33.37
G1 F3547 X135.47 Y471.53 Z40 E33.37
G1 F3547 X132.51 Y471.54 Z40 E33.37
G1 F3547 X129.55 Y471.55 Z40 E33.37
G1 F3547 X126.59 Y471.56 Z40 E33.37
G1 F3547 X123.63 Y471.57 Z40 E33.37
G1 F3531 X120.67 Y471.58 Z40 E33.23
G1 F3546 X117.74 Y471.59 Z40.31 E33.37
G1 F3526 X115.11 Y471.59 Z41.65 E33.18
G1 F3547 X112.19 Y471.58 Z42 E33.37
G1 F3547 X109.23 Y471.58 Z42 E33.37
G1 F3547 X106.27 Y471.57 Z42 E33.37
G1 F3547 X103.31 Y471.56 Z42 E33.37
G1 F3547 X100.35 Y471.56 Z42 E33.37
G1 F3547 X97.39 Y471.55 Z42 E33.37
G1 F3547 X94.43 Y471.55 Z42 E33.37
G1 F3547 X91.47 Y471.54 Z42 E33.37
G1 F3547 X88.52 Y471.54 Z42 E33.37
G1 F3547 X85.56 Y471.53 Z42 E33.37
G1 F3547 X82.6 Y471.52 Z42 E33.37
G1 F3545 X79.64 Y471.52 Z42 E33.36
G1 F3534 X76.68 Y471.41 Z42 E33.26
G1 F3445 X73.77 Y470.94 Z42 E32.41
G1 F3367 X71.25 Y469.56 Z42 E31.69
G1 F3524 X69.95 Y467.07 Z42 E33.16
G1 F3542 X69.74 Y464.14 Z42 E33.34
G1 F3545 X69.98 Y461.19 Z42 E33.36
G1 F3545 X70.44 Y458.27 Z42 E33.36
G1 F3547 X71.08 Y455.38 Z42 E33.37
G1 F3544 X71.79 Y452.51 Z42 E33.35
G1 F3547 X72.63 Y449.67 Z42 E33.37
G1 F3544 X73.56 Y446.87 Z42 E33.35
G1 F3547 X74.62 Y444.11 Z42 E33.37
G1 F3544 X75.76 Y441.38 Z42 E33.35
G1 F3547 X77.02 Y438.7 Z42 E33.37
G1 F3543 X78.36 Y436.06 Z42 E33.35
G1 F3547 X79.82 Y433.49 Z42 E33.37
G1 F3547 X81.38 Y430.98 Z42 E33.37
G1 F3544 X82.93 Y428.46 Z42 E33.35
G1 F3547 X84.6 Y426.02 Z42 E33.37
G1 F3547 X86.34 Y423.62 Z42 E33.37
G1 F3547 X88.08 Y421.23 Z42 E33.37
G1 F3547 X89.81 Y418.83 Z42 E33.37
G1 F3544 X91.55 Y416.44 Z42 E33.35
G1 F3547 X93.19 Y413.97 Z42 E33.37
G1 F3547 X94.75 Y411.46 Z42 E33.37
G1 F3543 X96.31 Y408.95 Z42 E33.35
G1 F3547 X97.74 Y406.36 Z42 E33.37
G1 F3544 X99.08 Y403.72 Z42 E33.35
G1 F3547 X100.31 Y401.03 Z42 E33.37
G1 F3544 X101.46 Y398.31 Z42 E33.35
G1 F3547 X102.48 Y395.53 Z42 E33.37
G1 F3544 X103.42 Y392.73 Z42 E33.35
G1 F3547 X104.23 Y389.89 Z42 E33.37
G1 F3544 X104.95 Y387.02 Z42 E33.35
G1 F3547 X105.53 Y384.12 Z42 E33.37
G1 F3544 X106.02 Y381.2 Z42 E33.35
G1 F3547 X106.36 Y378.26 Z42 E33.37
G1 F3544 X106.61 Y375.31 Z42 E33.35
G1 F3547 X106.7 Y372.36 Z42 E33.37
G1 F3544 X106.7 Y369.4 Z42 E33.35
G1 F3547 X106.56 Y366.45 Z42 E33.37
G1 F3544 X106.31 Y363.5 Z42 E33.35
G1 F3547 X105.92 Y360.57 Z42 E33.37
G1 F3544 X105.43 Y357.65 Z42 E33.35
G1 F3547 X104.81 Y354.76 Z42 E33.37
G1 F3544 X104.09 Y351.89 Z42 E33.35
G1 F3547 X103.23 Y349.06 Z42 E33.37
G1 F3544 X102.29 Y346.25 Z42 E33.35
G1 F3547 X101.23 Y343.5 Z42 E33.37
G1 F3544 X100.08 Y340.77 Z42 E33.35
G1 F3547 X98.81 Y338.1 Z42 E33.37
G1 F3544 X97.47 Y335.46 Z42 E33.35
G1 F3547 X95.99 Y332.9 Z42 E33.37
G1 F3547 X94.43 Y330.39 Z42 E33.37
G1 F3544 X92.87 Y327.87 Z42 E33.35
G1 F3547 X91.2 Y325.43 Z42 E33.37
G1 F3547 X89.46 Y323.04 Z42 E33.37
G1 F3547 X87.72 Y320.64 Z42 E33.37
G1 F3547 X85.99 Y318.25 Z42 E33.37
G1 F3544 X84.25 Y315.86 Z42 E33.35
G1 F3547 X82.62 Y313.39 Z42 E33.37
G1 F3547 X81.06 Y310.87 Z42 E33.37
G1 F3544 X79.51 Y308.35 Z42 E33.35
G1 F3547 X78.09 Y305.76 Z42 E33.37
G1 F3544 X76.75 Y303.12 Z42 E33.35
G1 F3547 X75.53 Y300.43 Z42 E33.37
G1 F3544 X74.39 Y297.7 Z42 E33.35
G1 F3547 X73.38 Y294.92 Z42 E33.37
G1 F3544 X72.44 Y292.11 Z42 E33.35
G1 F3547 X71.64 Y289.27 Z42 E33.37
G1 F3544 X70.93 Y286.4 Z42 E33.35
G1 F3547 X70.36 Y283.49 Z42 E33.37
G1 F3544 X69.88 Y280.57 Z42 E33.35
G1 F3547 X69.55 Y277.64 Z42 E33.37
G1 F3544 X69.32 Y274.69 Z42 E33.35
G1 F3547 X69.23 Y271.73 Z42 E33.37
G1 F3544 X69.24 Y268.77 Z42 E33.35
G1 F3547 X69.4 Y265.82 Z42 E33.37
G1 F3544 X69.65 Y262.87 Z42 E33.35
G1 F3547 X70.05 Y259.94 Z42 E33.37
G1 F3544 X70.54 Y257.03 Z42 E33.35
G1 F3547 X71.18 Y254.14 Z42 E33.37
G1 F3544 X71.9 Y251.27 Z42 E33.35
G1 F3547 X72.77 Y248.44 Z42 E33.37
G1 F3544 X73.71 Y245.64 Z42 E33.35
G1 F3547 X74.79 Y242.89 Z42 E33.37
G1 F3544 X75.94 Y240.16 Z42 E33.35
G1 F3547 X77.22 Y237.49 Z42 E33.37
G1 F3544 X78.57 Y234.86 Z42 E33.35
G1 F3547 X80.05 Y232.3 Z42 E33.37
G1 F3547 X81.61 Y229.79 Z42 E33.37
G1 F3544 X83.18 Y227.28 Z42 E33.36
G1 F3547 X84.85 Y224.84 Z42 E33.37
G1 F3547 X86.59 Y222.45 Z42 E33.37
G1 F3547 X88.33 Y220.05 Z42 E33.37
G1 F3547 X90.07 Y217.66 Z42 E33.37
G1 F3544 X91.8 Y215.26 Z42 E33.35
G1 F3547 X93.42 Y212.79 Z42 E33.37
G1 F3547 X94.98 Y210.27 Z42 E33.37
G1 F3544 X96.53 Y207.75 Z42 E33.35
G1 F3547 X97.94 Y205.15 Z42 E33.37
G1 F3544 X99.27 Y202.51 Z42 E33.35
G1 F3547 X100.48 Y199.81 Z42 E33.37
G1 F3544 X101.62 Y197.08 Z42 E33.35
G1 F3547 X102.62 Y194.3 Z42 E33.37
G1 F3544 X103.55 Y191.49 Z42 E33.35
G1 F3547 X104.34 Y188.64 Z42 E33.37
G1 F3544 X105.05 Y185.77 Z42 E33.35
G1 F3547 X105.6 Y182.87 Z42 E33.37
G1 F3544 X106.08 Y179.95 Z42 E33.35
G1 F3547 X106.39 Y177.01 Z42 E33.37
G1 F3544 X106.63 Y174.06 Z42 E33.35
G1 F3547 X106.7 Y171.1 Z42 E33.37
G1 F3544 X106.69 Y168.14 Z42 E33.35
G1 F3547 X106.52 Y165.19 Z42 E33.37
G1 F3544 X106.26 Y162.24 Z42 E33.35
G1 F3547 X105.85 Y159.32 Z42 E33.37
G1 F3544 X105.35 Y156.4 Z42 E33.35
G1 F3547 X104.7 Y153.52 Z42 E33.37
G1 F3544 X103.97 Y150.65 Z42 E33.35
G1 F3547 X103.1 Y147.82 Z42 E33.37
G1 F3544 X102.15 Y145.02 Z42 E33.35
G1 F3547 X101.06 Y142.27 Z42 E33.37
G1 F3544 X99.9 Y139.55 Z42 E33.36
G1 F3547 X98.62 Y136.89 Z42 E33.37
G1 F3544 X97.26 Y134.26 Z42 E33.35
G1 F3547 X95.77 Y131.71 Z42 E33.37
G1 F3547 X94.2 Y129.2 Z42 E33.37
G1 F3545 X92.63 Y126.69 Z42 E33.36
G1 F3547 X90.95 Y124.26 Z42 E33.37
G1 F3547 X89.21 Y121.86 Z42 E33.37
G1 F3547 X87.47 Y119.47 Z42 E33.37
G1 F3547 X85.73 Y117.08 Z42 E33.37
G1 F3544 X83.99 Y114.68 Z42 E33.35
G1 F3547 X82.38 Y112.2 Z42 E33.37
G1 F3547 X80.83 Y109.68 Z42 E33.37
G1 F3544 X79.28 Y107.16 Z42 E33.35
G1 F3547 X77.88 Y104.56 Z42 E33.37
G1 F3544 X76.55 Y101.91 Z42 E33.36
G1 F3547 X75.36 Y99.21 Z42 E33.37
G1 F3544 X74.22 Y96.48 Z42 E33.35
G1 F3547 X73.23 Y93.69 Z42 E33.37
G1 F3544 X72.31 Y90.88 Z42 E33.35
G1 F3547 X71.53 Y88.03 Z42 E33.37
G1 F3545 X70.83 Y85.15 Z42 E33.36
G1 F3545 X70.26 Y82.25 Z42 E33.36
G1 F3542 X69.86 Y79.32 Z42 E33.34
G1 F3518 X69.72 Y76.37 Z42 E33.11
G1 F3383 X70.21 Y73.48 Z42 E31.84
G1 F3478 X72.06 Y71.34 Z42 E32.72
G1 F3538 X74.79 Y70.37 Z42 E33.29
G1 F3545 X77.73 Y70.07 Z42 E33.36
G1 F3547 X80.68 Y70.02 Z42 E33.37
G1 F3547 X83.64 Y70.01 Z42 E33.37
G1 F3547 X86.6 Y70.01 Z42 E33.37
G1 F3547 X89.56 Y70.01 Z42 E33.37
G1 F3547 X92.52 Y70 Z42 E33.37
G1 F3547 X95.48 Y70 Z42 E33.37
G1 F3547 X98.44 Y70 Z42 E33.37
G1 F3547 X101.4 Y70 Z42 E33.37
G1 F3547 X104.35 Y69.99 Z42 E33.37
G1 F3547 X107.31 Y69.99 Z42 E33.37
G1 F3547 X110.27 Y69.99 Z42 E33.37
G1 F3547 X113.23 Y69.98 Z42 E33.37
G1 F3547 X116.19 Y69.98 Z42 E33.37
G1 F3547 X119.15 Y69.98 Z42 E33.37
G1 F3547 X122.11 Y69.98 Z42 E33.37
G1 F3547 X125.07 Y69.97 Z42 E33.37
G1 F3547 X128.02 Y69.97 Z42 E33.37
G1 F3547 X130.98 Y69.97 Z42 E33.37
G1 F3547 X133.94 Y69.97 Z42 E33.37
G1 F3546 X136.9 Y69.96 Z42 E33.37
G1 F3547 X139.86 Y69.99 Z42 E33.37
G1 F3545 X142.82 Y70.02 Z42 E33.36
G1 F3537 X145.77 Y70.18 Z42 E33.28
G1 F3468 X148.67 Y70.75 Z42 E32.63
G1 F3418 X151.06 Y72.37 Z42 E32.16
G1 F3530 X152.03 Y75.05 Z42 E33.22
G1 F3544 X152.11 Y78 Z42 E33.35
G1 F3546 X151.81 Y80.94 Z42 E33.37
G1 F3545 X151.32 Y83.86 Z42 E33.36
G1 F3547 X150.65 Y86.74 Z42 E33.37
G1 F3545 X149.94 Y89.61 Z42 E33.36
G1 F3547 X149.05 Y92.43 Z42 E33.37
G1 F3545 X148.12 Y95.24 Z42 E33.36
G1 F3547 X147.02 Y97.98 Z42 E33.37
G1 F3545 X145.87 Y100.71 Z42 E33.36
G1 F3547 X144.58 Y103.37 Z42 E33.37
G1 F3544 X143.24 Y106.01 Z42 E33.35
G1 F3547 X141.73 Y108.55 Z42 E33.37
G1 F3547 X140.18 Y111.07 Z42 E33.37
G1 F3545 X138.62 Y113.59 Z42 E33.36
G1 F3547 X136.92 Y116.01 Z42 E33.37
G1 F3547 X135.18 Y118.4 Z42 E33.37
G1 F3547 X133.44 Y120.79 Z42 E33.37
G1 F3547 X131.71 Y123.19 Z42 E33.37
G1 F3545 X129.97 Y125.58 Z42 E33.36
G1 F3547 X128.37 Y128.07 Z42 E33.37
G1 F3547 X126.81 Y130.58 Z42 E33.37
G1 F3544 X125.25 Y133.1 Z42 E33.35
G1 F3547 X123.86 Y135.71 Z42 E33.37
G1 F3545 X122.52 Y138.35 Z42 E33.36
G1 F3547 X121.33 Y141.05 Z42 E33.37
G1 F3545 X120.18 Y143.78 Z42 E33.36
G1 F3547 X119.2 Y146.57 Z42 E33.37
G1 F3545 X118.26 Y149.37 Z42 E33.36
G1 F3547 X117.49 Y152.23 Z42 E33.37
G1 F3545 X116.77 Y155.1 Z42 E33.36
G1 F3547 X116.24 Y158.01 Z42 E33.37
G1 F3545 X115.75 Y160.93 Z42 E33.36
G1 F3547 X115.46 Y163.87 Z42 E33.37
G1 F3545 X115.21 Y166.82 Z42 E33.36
G1 F3547 X115.16 Y169.78 Z42 E33.37
G1 F3545 X115.16 Y172.73 Z42 E33.36
G1 F3547 X115.36 Y175.68 Z42 E33.37
G1 F3545 X115.61 Y178.63 Z42 E33.36
G1 F3547 X116.04 Y181.56 Z42 E33.37
G1 F3545 X116.53 Y184.48 Z42 E33.36
G1 F3547 X117.2 Y187.36 Z42 E33.37
G1 F3545 X117.92 Y190.23 Z42 E33.36
G1 F3547 X118.82 Y193.04 Z42 E33.37
G1 F3545 X119.76 Y195.85 Z42 E33.36
G1 F3547 X120.87 Y198.59 Z42 E33.37
G1 F3545 X122.02 Y201.32 Z42 E33.36
G1 F3547 X123.32 Y203.97 Z42 E33.37
G1 F3545 X124.67 Y206.61 Z42 E33.36
G1 F3547 X126.19 Y209.14 Z42 E33.37
G1 F3547 X127.75 Y211.66 Z42 E33.37
G1 F3545 X129.31 Y214.17 Z42 E33.36
G1 F3547 X131.01 Y216.59 Z42 E33.37
G1 F3547 X132.75 Y218.98 Z42 E33.37
G1 F3547 X134.49 Y221.38 Z42 E33.37
G1 F3547 X136.23 Y223.77 Z42 E33.37
G1 F3545 X137.97 Y226.16 Z42 E33.36
G1 F3547 X139.56 Y228.66 Z42 E33.37
G1 F3547 X141.11 Y231.18 Z42 E33.37
G1 F3545 X142.67 Y233.69 Z42 E33.36
G1 F3547 X144.05 Y236.31 Z42 E33.37
G1 F3545 X145.38 Y238.95 Z42 E33.36
G1 F3547 X146.56 Y241.66 Z42 E33.37
G1 F3545 X147.71 Y244.39 Z42 E33.36
G1 F3547 X148.68 Y247.18 Z42 E33.37
G1 F3545 X149.61 Y249.99 Z42 E33.36
G1 F3547 X150.37 Y252.85 Z42 E33.37
G1 F3545 X151.08 Y255.72 Z42 E33.36
G1 F3547 X151.6 Y258.63 Z42 E33.37
G1 F3545 X152.08 Y261.55 Z42 E33.36
G1 F3547 X152.36 Y264.5 Z42 E33.37
G1 F3545 X152.6 Y267.44 Z42 E33.36
G1 F3547 X152.64 Y270.4 Z42 E33.37
G1 F3545 X152.63 Y273.36 Z42 E33.36
G1 F3547 X152.42 Y276.31 Z42 E33.37
G1 F3545 X152.17 Y279.26 Z42 E33.36
G1 F3547 X151.72 Y282.18 Z42 E33.37
G1 F3545 X151.23 Y285.1 Z42 E33.36
G1 F3547 X150.54 Y287.98 Z42 E33.37
G1 F3545 X149.82 Y290.85 Z42 E33.36
G1 F3547 X148.91 Y293.66 Z42 E33.37
G1 F3545 X147.97 Y296.46 Z42 E33.36
G1 F3547 X146.85 Y299.2 Z42 E33.37
G1 F3545 X145.69 Y301.93 Z42 E33.36
G1 F3547 X144.38 Y304.58 Z42 E33.37
G1 F3545 X143.03 Y307.21 Z42 E33.36
G1 F3547 X141.51 Y309.74 Z42 E33.37
G1 F3547 X139.94 Y312.25 Z42 E33.37
G1 F3545 X138.38 Y314.77 Z42 E33.36
G1 F3547 X136.67 Y317.18 Z42 E33.37
G1 F3547 X134.93 Y319.57 Z42 E33.37
G1 F3547 X133.19 Y321.97 Z42 E33.37
G1 F3547 X131.45 Y324.36 Z42 E33.37
G1 F3545 X129.72 Y326.76 Z42 E33.36
G1 F3547 X128.13 Y329.26 Z42 E33.37
G1 F3547 X126.58 Y331.77 Z42 E33.37
G1 F3545 X125.03 Y334.29 Z42 E33.36
G1 F3547 X123.66 Y336.92 Z42 E33.37
G1 F3545 X122.33 Y339.56 Z42 E33.36
G1 F3547 X121.16 Y342.27 Z42 E33.37
G1 F3545 X120.02 Y345 Z42 E33.36
G1 F3547 X119.06 Y347.8 Z42 E33.37
G1 F3545 X118.13 Y350.61 Z42 E33.36
G1 F3547 X117.39 Y353.47 Z42 E33.37
G1 F3545 X116.68 Y356.35 Z42 E33.36
G1 F3547 X116.17 Y359.26 Z42 E33.37
G1 F3545 X115.7 Y362.18 Z42 E33.36
G1 F3547 X115.43 Y365.12 Z42 E33.37
G1 F3545 X115.19 Y368.07 Z42 E33.36
G1 F3547 X115.17 Y371.03 Z42 E33.37
G1 F3545 X115.18 Y373.99 Z42 E33.36
G1 F3547 X115.4 Y376.94 Z42 E33.37
G1 F3545 X115.66 Y379.89 Z42 E33.36
G1 F3547 X116.12 Y382.81 Z42 E33.37
G1 F3545 X116.61 Y385.73 Z42 E33.36
G1 F3547 X117.31 Y388.6 Z42 E33.37
G1 F3545 X118.04 Y391.47 Z42 E33.36
G1 F3547 X118.96 Y394.28 Z42 E33.37
G1 F3545 X119.91 Y397.08 Z42 E33.36
G1 F3547 X121.04 Y399.81 Z42 E33.37
G1 F3545 X122.2 Y402.54 Z42 E33.36
G1 F3547 X123.52 Y405.18 Z42 E33.37
G1 F3545 X124.87 Y407.81 Z42 E33.36
G1 F3547 X126.41 Y410.34 Z42 E33.37
G1 F3547 X127.98 Y412.85 Z42 E33.37
G1 F3546 X129.55 Y415.36 Z42 E33.36
G1 F3547 X131.26 Y417.77 Z42 E33.37
G1 F3547 X133 Y420.16 Z42 E33.37
G1 F3547 X134.74 Y422.55 Z42 E33.37
G1 F3547 X136.48 Y424.95 Z42 E33.37
G1 F3545 X138.22 Y427.34 Z42 E33.36
G1 F3547 X139.8 Y429.84 Z42 E33.37
G1 F3547 X141.34 Y432.36 Z42 E33.37
G1 F3545 X142.89 Y434.89 Z42 E33.36
G1 F3547 X144.25 Y437.51 Z42 E33.37
G1 F3545 X145.58 Y440.16 Z42 E33.36
G1 F3547 X146.74 Y442.88 Z42 E33.37
G1 F3545 X147.87 Y445.61 Z42 E33.36
G1 F3547 X148.82 Y448.41 Z42 E33.37
G1 F3545 X149.74 Y451.22 Z42 E33.36
G1 F3547 X150.47 Y454.09 Z42 E33.37
G1 F3546 X151.17 Y456.96 Z42 E33.37
G1 F3546 X151.71 Y459.87 Z42 E33.37
G1 F3544 X152.08 Y462.81 Z42 E33.36
G1 F3533 X152.16 Y465.76 Z42 E33.24
G1 F3472 X151.51 Y468.64 Z42 E32.67
G1 F3520 X149.34 Y470.56 Z42 E33.13
G1 F3543 X146.5 Y471.3 Z42 E33.35
G1 F3546 X143.55 Y471.51 Z42 E33.37
G1 F3547 X140.59 Y471.53 Z42 E33.37
G1 F3547 X137.63 Y471.54 Z42 E33.37
G1 F3547 X134.67 Y471.55 Z42 E33.37
G1 F3547 X131.72 Y471.55 Z42 E33.37
G1 F3547 X128.76 Y471.56 Z42 E33.37
G1 F3547 X125.8 Y471.57 Z42 E33.37
G1 F3547 X122.84 Y471.58 Z42 E33.37
G1 F3502 X119.88 Y471.58 Z42 E32.95
G1 F3521 X117.04 Y471.59 Z42.67 E33.13
G1 F3533 X114.33 Y471.58 Z43.82 E33.25
G1 F3547 X111.39 Y471.58 Z44 E33.37
G1 F3547 X108.43 Y471.57 Z44 E33.37
G1 F3547 X105.48 Y471.56 Z44 E33.37
G1 F3547 X102.52 Y471.56 Z44 E33.37
G1 F3547 X99.56 Y471.55 Z44 E33.37
G1 F3547 X96.6 Y471.54 Z44 E33.37
G1 F3547 X93.64 Y471.53 Z44 E33.37
G1 F3547 X90.68 Y471.52 Z44 E33.37
G1 F3547 X87.72 Y471.52 Z44 E33.37
G1 F3547 X84.76 Y471.51 Z44 E33.37
G1 F3547 X81.81 Y471.5 Z44 E33.37
G1 F3545 X78.85 Y471.49 Z44 E33.36
G1 F3534 X75.9 Y471.26 Z44 E33.26
G1 F3466 X73.07 Y470.41 Z44 E32.61
G1 F3497 X71.16 Y468.25 Z44 E32.91
G1 F3541 X70.66 Y465.37 Z44 E33.32
G1 F3545 X70.77 Y462.42 Z44 E33.36
G1 F3546 X71.15 Y459.49 Z44 E33.37
G1 F3547 X71.74 Y456.59 Z44 E33.37
G1 F3545 X72.35 Y453.7 Z44 E33.36
G1 F3547 X73.16 Y450.85 Z44 E33.37
G1 F3545 X74 Y448.01 Z44 E33.36
G1 F3547 X75.02 Y445.24 Z44 E33.37
G1 F3546 X76.07 Y442.47 Z44 E33.37
G1 F3547 X77.29 Y439.78 Z44 E33.37
G1 F3545 X78.53 Y437.09 Z44 E33.36
G1 F3547 X79.98 Y434.51 Z44 E33.37
G1 F3547 X81.45 Y431.94 Z44 E33.37
G1 F3545 X82.92 Y429.38 Z44 E33.36
G1 F3547 X84.59 Y426.93 Z44 E33.37
G1 F3547 X86.28 Y424.51 Z44 E33.37
G1 F3547 X87.97 Y422.08 Z44 E33.37
G1 F3547 X89.67 Y419.66 Z44 E33.37
G1 F3547 X91.36 Y417.23 Z44 E33.37
G1 F3545 X93.06 Y414.8 Z44 E33.36
G1 F3547 X94.58 Y412.27 Z44 E33.37
G1 F3547 X96.08 Y409.72 Z44 E33.37
G1 F3545 X97.58 Y407.17 Z44 E33.36
G1 F3547 X98.88 Y404.51 Z44 E33.37
G1 F3545 X100.16 Y401.84 Z44 E33.36
G1 F3547 X101.27 Y399.1 Z44 E33.37
G1 F3545 X102.35 Y396.35 Z44 E33.36
G1 F3547 X103.25 Y393.53 Z44 E33.37
G1 F3545 X104.12 Y390.7 Z44 E33.36
G1 F3547 X104.8 Y387.82 Z44 E33.37
G1 F3545 X105.45 Y384.94 Z44 E33.36
G1 F3547 X105.9 Y382.02 Z44 E33.37
G1 F3545 X106.32 Y379.09 Z44 E33.36
G1 F3547 X106.54 Y376.14 Z44 E33.37
G1 F3545 X106.72 Y373.18 Z44 E33.36
G1 F3547 X106.7 Y370.23 Z44 E33.37
G1 F3545 X106.65 Y367.27 Z44 E33.36
G1 F3547 X106.39 Y364.32 Z44 E33.37
G1 F3545 X106.09 Y361.38 Z44 E33.36
G1 F3547 X105.6 Y358.46 Z44 E33.37
G1 F3545 X105.07 Y355.55 Z44 E33.36
G1 F3547 X104.35 Y352.68 Z44 E33.37
G1 F3545 X103.59 Y349.82 Z44 E33.36
G1 F3547 X102.65 Y347.02 Z44 E33.37
G1 F3545 X101.68 Y344.22 Z44 E33.36
G1 F3547 X100.54 Y341.49 Z44 E33.37
G1 F3545 X99.37 Y338.78 Z44 E33.36
G1 F3547 X98.03 Y336.14 Z44 E33.37
G1 F3545 X96.67 Y333.51 Z44 E33.36
G1 F3547 X95.13 Y330.99 Z44 E33.37
G1 F3547 X93.56 Y328.48 Z44 E33.37
G1 F3546 X91.98 Y325.98 Z44 E33.37
G1 F3547 X90.3 Y323.54 Z44 E33.37
G1 F3547 X88.6 Y321.12 Z44 E33.37
G1 F3547 X86.9 Y318.7 Z44 E33.37
G1 F3547 X85.19 Y316.28 Z44 E33.37
G1 F3544 X83.49 Y313.86 Z44 E33.35
G1 F3547 X81.98 Y311.32 Z44 E33.37
G1 F3547 X80.5 Y308.76 Z44 E33.37
G1 F3545 X79.03 Y306.19 Z44 E33.36
G1 F3547 X77.73 Y303.53 Z44 E33.37
G1 F3545 X76.48 Y300.85 Z44 E33.36
G1 F3547 X75.39 Y298.1 Z44 E33.37
G1 F3545 X74.34 Y295.34 Z44 E33.36
G1 F3547 X73.46 Y292.51 Z44 E33.37
G1 F3545 X72.62 Y289.68 Z44 E33.36
G1 F3547 X71.96 Y286.8 Z44 E33.37
G1 F3545 X71.34 Y283.9 Z44 E33.36
G1 F3547 X70.9 Y280.98 Z44 E33.37
G1 F3545 X70.51 Y278.04 Z44 E33.36
G1 F3547 X70.32 Y275.09 Z44 E33.37
G1 F3545 X70.16 Y272.14 Z44 E33.36
G1 F3547 X70.21 Y269.18 Z44 E33.37
G1 F3545 X70.29 Y266.22 Z44 E33.36
G1 F3547 X70.57 Y263.28 Z44 E33.37
G1 F3545 X70.9 Y260.34 Z44 E33.36
G1 F3547 X71.41 Y257.43 Z44 E33.37
G1 F3545 X71.97 Y254.52 Z44 E33.36
G1 F3547 X72.71 Y251.66 Z44 E33.37
G1 F3545 X73.49 Y248.81 Z44 E33.36
G1 F3547 X74.45 Y246.01 Z44 E33.37
G1 F3545 X75.45 Y243.22 Z44 E33.36
G1 F3547 X76.6 Y240.5 Z44 E33.37
G1 F3545 X77.8 Y237.79 Z44 E33.36
G1 F3547 X79.15 Y235.16 Z44 E33.37
G1 F3545 X80.54 Y232.55 Z44 E33.36
G1 F3547 X82.08 Y230.03 Z44 E33.37
G1 F3547 X83.68 Y227.53 Z44 E33.37
G1 F3546 X85.27 Y225.04 Z44 E33.37
G1 F3547 X86.96 Y222.61 Z44 E33.37
G1 F3547 X88.68 Y220.21 Z44 E33.37
G1 F3547 X90.4 Y217.8 Z44 E33.37
G1 F3545 X92.11 Y215.39 Z44 E33.36
G1 F3547 X93.69 Y212.88 Z44 E33.37
G1 F3547 X95.23 Y210.36 Z44 E33.37
G1 F3544 X96.77 Y207.83 Z44 E33.35
G1 F3547 X98.13 Y205.21 Z44 E33.37
G1 F3545 X99.45 Y202.56 Z44 E33.36
G1 F3547 X100.62 Y199.84 Z44 E33.37
G1 F3545 X101.75 Y197.11 Z44 E33.36
G1 F3547 X102.72 Y194.31 Z44 E33.37
G1 F3545 X103.64 Y191.5 Z44 E33.36
G1 F3547 X104.4 Y188.64 Z44 E33.37
G1 F3545 X105.1 Y185.77 Z44 E33.36
G1 F3547 X105.63 Y182.86 Z44 E33.37
G1 F3544 X106.11 Y179.94 Z44 E33.36
G1 F3547 X106.4 Y177 Z44 E33.37
G1 F3544 X106.65 Y174.05 Z44 E33.35
G1 F3547 X106.7 Y171.09 Z44 E33.37
G1 F3544 X106.7 Y168.13 Z44 E33.35
G1 F3547 X106.52 Y165.18 Z44 E33.37
G1 F3544 X106.29 Y162.23 Z44 E33.35
G1 F3547 X105.87 Y159.31 Z44 E33.37
G1 F3545 X105.4 Y156.39 Z44 E33.36
G1 F3547 X104.75 Y153.5 Z44 E33.37
G1 F3545 X104.05 Y150.63 Z44 E33.36
G1 F3547 X103.18 Y147.8 Z44 E33.37
G1 F3545 X102.26 Y144.99 Z44 E33.36
G1 F3547 X101.19 Y142.23 Z44 E33.37
G1 F3545 X100.06 Y139.5 Z44 E33.36
G1 F3547 X98.79 Y136.83 Z44 E33.37
G1 F3544 X97.47 Y134.18 Z44 E33.35
G1 F3547 X95.99 Y131.62 Z44 E33.37
G1 F3547 X94.45 Y129.09 Z44 E33.37
G1 F3545 X92.92 Y126.56 Z44 E33.36
G1 F3547 X91.25 Y124.12 Z44 E33.37
G1 F3547 X89.54 Y121.7 Z44 E33.37
G1 F3547 X87.83 Y119.29 Z44 E33.37
G1 F3547 X86.13 Y116.87 Z44 E33.37
G1 F3544 X84.42 Y114.45 Z44 E33.35
G1 F3547 X82.85 Y111.95 Z44 E33.37
G1 F3547 X81.33 Y109.41 Z44 E33.37
G1 F3544 X79.82 Y106.87 Z44 E33.35
G1 F3547 X78.46 Y104.24 Z44 E33.37
G1 F3545 X77.17 Y101.58 Z44 E33.36
G1 F3547 X76.02 Y98.85 Z44 E33.37
G1 F3545 X74.91 Y96.11 Z44 E33.36
G1 F3547 X73.96 Y93.31 Z44 E33.37
G1 F3544 X73.07 Y90.49 Z44 E33.35
G1 F3547 X72.34 Y87.62 Z44 E33.37
G1 F3545 X71.66 Y84.74 Z44 E33.36
G1 F3545 X71.12 Y81.83 Z44 E33.36
G1 F3542 X70.76 Y78.9 Z44 E33.33
G1 F3513 X70.68 Y75.94 Z44 E33.06
G1 F3395 X71.33 Y73.09 Z44 E31.94
G1 F3495 X73.38 Y71.13 Z44 E32.89
G1 F3540 X76.17 Y70.3 Z44 E33.32
G1 F3546 X79.12 Y70.05 Z44 E33.37
G1 F3547 X82.07 Y70.01 Z44 E33.37
G1 F3547 X85.03 Y70.01 Z44 E33.37
G1 F3547 X87.99 Y70 Z44 E33.37
G1 F3547 X90.95 Y70 Z44 E33.37
G1 F3547 X93.91 Y70 Z44 E33.37
G1 F3547 X96.87 Y70 Z44 E33.37
G1 F3547 X99.83 Y69.99 Z44 E33.37
G1 F3547 X102.78 Y69.99 Z44 E33.37
G1 F3547 X105.74 Y69.99 Z44 E33.37
G1 F3547 X108.7 Y69.99 Z44 E33.37
G1 F3547 X111.66 Y69.98 Z44 E33.37
G1 F3547 X114.62 Y69.98 Z44 E33.37
G1 F3547 X117.58 Y69.98 Z44 E33.37
G1 F3547 X120.54 Y69.97 Z44 E33.37
G1 F3547 X123.5 Y69.97 Z44 E33.37
G1 F3547 X126.45 Y69.97 Z44 E33.37
G1 F3547 X129.41 Y69.97 Z44 E33.37
G1 F3547 X132.37 Y69.96 Z44 E33.37
G1 F3546 X135.33 Y69.96 Z44 E33.37
G1 F3547 X138.29 Y70.01 Z44 E33.37
G1 F3547 X141.25 Y70.08 Z44 E33.37
G1 F3537 X144.2 Y70.15 Z44 E33.29
G1 F3495 X147.13 Y70.57 Z44 E32.89
G1 F3382 X149.73 Y71.89 Z44 E31.83
G1 F3521 X150.98 Y74.42 Z44 E33.13
G1 F3542 X151.19 Y77.35 Z44 E33.34
G1 F3545 X150.96 Y80.29 Z44 E33.36
G1 F3545 X150.51 Y83.22 Z44 E33.36
G1 F3547 X149.88 Y86.11 Z44 E33.37
G1 F3545 X149.21 Y88.99 Z44 E33.36
G1 F3547 X148.37 Y91.82 Z44 E33.37
G1 F3545 X147.48 Y94.64 Z44 E33.36
G1 F3547 X146.43 Y97.41 Z44 E33.37
G1 F3545 X145.33 Y100.16 Z44 E33.36
G1 F3547 X144.08 Y102.84 Z44 E33.37
G1 F3544 X142.79 Y105.5 Z44 E33.35
G1 F3547 X141.33 Y108.07 Z44 E33.37
G1 F3547 X139.81 Y110.61 Z44 E33.37
G1 F3545 X138.3 Y113.15 Z44 E33.36
G1 F3547 X136.64 Y115.6 Z44 E33.37
G1 F3547 X134.93 Y118.02 Z44 E33.37
G1 F3547 X133.22 Y120.43 Z44 E33.37
G1 F3547 X131.51 Y122.85 Z44 E33.37
G1 F3545 X129.81 Y125.26 Z44 E33.36
G1 F3547 X128.22 Y127.76 Z44 E33.37
G1 F3547 X126.69 Y130.29 Z44 E33.37
G1 F3544 X125.15 Y132.82 Z44 E33.35
G1 F3547 X123.77 Y135.44 Z44 E33.37
G1 F3545 X122.45 Y138.08 Z44 E33.36
G1 F3547 X121.28 Y140.8 Z44 E33.37
G1 F3545 X120.15 Y143.53 Z44 E33.36
G1 F3547 X119.17 Y146.32 Z44 E33.37
G1 F3544 X118.25 Y149.13 Z44 E33.36
G1 F3547 X117.49 Y151.99 Z44 E33.37
G1 F3544 X116.78 Y154.86 Z44 E33.35
G1 F3547 X116.25 Y157.77 Z44 E33.37
G1 F3544 X115.77 Y160.69 Z44 E33.35
G1 F3547 X115.47 Y163.63 Z44 E33.37
G1 F3544 X115.23 Y166.58 Z44 E33.35
G1 F3547 X115.16 Y169.54 Z44 E33.37
G1 F3544 X115.16 Y172.5 Z44 E33.35
G1 F3547 X115.33 Y175.45 Z44 E33.37
G1 F3544 X115.57 Y178.4 Z44 E33.35
G1 F3547 X115.98 Y181.33 Z44 E33.37
G1 F3544 X116.46 Y184.25 Z44 E33.35
G1 F3547 X117.09 Y187.13 Z44 E33.37
G1 F3544 X117.8 Y190.01 Z44 E33.35
G1 F3547 X118.66 Y192.84 Z44 E33.37
G1 F3545 X119.58 Y195.65 Z44 E33.36
G1 F3547 X120.65 Y198.41 Z44 E33.37
G1 F3545 X121.77 Y201.14 Z44 E33.36
G1 F3547 X123.04 Y203.82 Z44 E33.37
G1 F3544 X124.36 Y206.46 Z44 E33.35
G1 F3547 X125.83 Y209.03 Z44 E33.37
G1 F3547 X127.37 Y211.56 Z44 E33.37
G1 F3545 X128.9 Y214.08 Z44 E33.36
G1 F3547 X130.56 Y216.53 Z44 E33.37
G1 F3547 X132.27 Y218.95 Z44 E33.37
G1 F3547 X133.97 Y221.37 Z44 E33.37
G1 F3547 X135.68 Y223.78 Z44 E33.37
G1 F3544 X137.39 Y226.2 Z44 E33.35
G1 F3547 X138.96 Y228.7 Z44 E33.37
G1 F3547 X140.48 Y231.24 Z44 E33.37
G1 F3544 X141.99 Y233.78 Z44 E33.35
G1 F3547 X143.36 Y236.41 Z44 E33.37
G1 F3545 X144.65 Y239.07 Z44 E33.36
G1 F3547 X145.81 Y241.79 Z44 E33.37
G1 F3544 X146.91 Y244.53 Z44 E33.35
G1 F3547 X147.87 Y247.33 Z44 E33.37
G1 F3544 X148.77 Y250.15 Z44 E33.35
G1 F3547 X149.51 Y253.01 Z44 E33.37
G1 F3544 X150.18 Y255.89 Z44 E33.35
G1 F3547 X150.7 Y258.81 Z44 E33.37
G1 F3544 X151.14 Y261.73 Z44 E33.35
G1 F3547 X151.43 Y264.67 Z44 E33.37
G1 F3544 X151.64 Y267.63 Z44 E33.35
G1 F3547 X151.68 Y270.58 Z44 E33.37
G1 F3544 X151.65 Y273.54 Z44 E33.35
G1 F3547 X151.46 Y276.49 Z44 E33.37
G1 F3544 X151.19 Y279.44 Z44 E33.35
G1 F3547 X150.76 Y282.36 Z44 E33.37
G1 F3544 X150.26 Y285.28 Z44 E33.35
G1 F3547 X149.6 Y288.16 Z44 E33.37
G1 F3544 X148.87 Y291.03 Z44 E33.35
G1 F3547 X147.99 Y293.85 Z44 E33.37
G1 F3544 X147.04 Y296.65 Z44 E33.35
G1 F3547 X145.96 Y299.4 Z44 E33.37
G1 F3545 X144.8 Y302.13 Z44 E33.36
G1 F3547 X143.53 Y304.8 Z44 E33.37
G1 F3544 X142.18 Y307.43 Z44 E33.35
G1 F3547 X140.7 Y309.99 Z44 E33.37
G1 F3547 X139.14 Y312.51 Z44 E33.37
G1 F3545 X137.59 Y315.02 Z44 E33.36
G1 F3547 X135.93 Y317.47 Z44 E33.37
G1 F3547 X134.23 Y319.89 Z44 E33.37
G1 F3547 X132.52 Y322.31 Z44 E33.37
G1 F3547 X130.81 Y324.73 Z44 E33.37
G1 F3544 X129.11 Y327.14 Z44 E33.35
G1 F3547 X127.54 Y329.65 Z44 E33.37
G1 F3547 X126.05 Y332.2 Z44 E33.37
G1 F3544 X124.55 Y334.76 Z44 E33.35
G1 F3547 X123.2 Y337.39 Z44 E33.37
G1 F3544 X121.93 Y340.06 Z44 E33.35
G1 F3547 X120.79 Y342.79 Z44 E33.37
G1 F3544 X119.71 Y345.54 Z44 E33.35
G1 F3547 X118.77 Y348.35 Z44 E33.37
G1 F3544 X117.91 Y351.18 Z44 E33.35
G1 F3547 X117.18 Y354.04 Z44 E33.37
G1 F3544 X116.54 Y356.93 Z44 E33.35
G1 F3547 X116.04 Y359.84 Z44 E33.37
G1 F3544 X115.63 Y362.77 Z44 E33.35
G1 F3547 X115.36 Y365.72 Z44 E33.37
G1 F3544 X115.18 Y368.67 Z44 E33.35
G1 F3547 X115.16 Y371.63 Z44 E33.37
G1 F3544 X115.22 Y374.59 Z44 E33.35
G1 F3547 X115.43 Y377.54 Z44 E33.37
G1 F3544 X115.73 Y380.48 Z44 E33.35
G1 F3547 X116.18 Y383.4 Z44 E33.37
G1 F3544 X116.71 Y386.31 Z44 E33.35
G1 F3547 X117.39 Y389.19 Z44 E33.37
G1 F3544 X118.15 Y392.05 Z44 E33.35
G1 F3547 X119.04 Y394.87 Z44 E33.37
G1 F3544 X120.02 Y397.66 Z44 E33.35
G1 F3547 X121.12 Y400.41 Z44 E33.37
G1 F3544 X122.3 Y403.12 Z44 E33.35
G1 F3547 X123.6 Y405.78 Z44 E33.37
G1 F3544 X124.96 Y408.4 Z44 E33.35
G1 F3547 X126.46 Y410.95 Z44 E33.37
G1 F3547 X128.04 Y413.45 Z44 E33.37
G1 F3545 X129.62 Y415.96 Z44 E33.36
G1 F3547 X131.27 Y418.41 Z44 E33.37
G1 F3547 X132.97 Y420.83 Z44 E33.37
G1 F3547 X134.68 Y423.25 Z44 E33.37
G1 F3547 X136.38 Y425.66 Z44 E33.37
G1 F3543 X138.09 Y428.08 Z44 E33.34
G1 F3547 X139.65 Y430.59 Z44 E33.37
G1 F3547 X141.12 Y433.16 Z44 E33.37
G1 F3543 X142.59 Y435.73 Z44 E33.35
G1 F3547 X143.93 Y438.36 Z44 E33.37
G1 F3544 X145.17 Y441.05 Z44 E33.35
G1 F3547 X146.3 Y443.78 Z44 E33.37
G1 F3544 X147.35 Y446.55 Z44 E33.35
G1 F3547 X148.27 Y449.36 Z44 E33.37
G1 F3544 X149.11 Y452.2 Z44 E33.35
G1 F3547 X149.81 Y455.07 Z44 E33.37
G1 F3545 X150.42 Y457.96 Z44 E33.36
G1 F3544 X150.91 Y460.88 Z44 E33.35
G1 F3535 X151.19 Y463.82 Z44 E33.27
G1 F3422 X151.1 Y466.77 Z44 E32.2
G1 F3400 X149.93 Y469.37 Z44 E32
G1 F3523 X147.52 Y470.87 Z44 E33.15
G1 F3545 X144.63 Y471.39 Z44 E33.36
G1 F3546 X141.67 Y471.54 Z44 E33.37
G1 F3547 X138.71 Y471.57 Z44 E33.37
G1 F3547 X135.76 Y471.57 Z44 E33.37
G1 F3547 X132.8 Y471.57 Z44 E33.37
G1 F3547 X129.84 Y471.57 Z44 E33.37
G1 F3547 X126.88 Y471.58 Z44 E33.37
G1 F3547 X123.92 Y471.58 Z44 E33.37
G1 F3531 X120.96 Y471.58 Z44 E33.23
G1 F3534 X118.03 Y471.58 Z44.26 E33.25
G1 F3511 X115.36 Y471.58 Z45.52 E33.04
G1 F3547 X112.47 Y471.58 Z46 E33.37
G1 F3547 X109.51 Y471.57 Z46 E33.37
G1 F3547 X106.56 Y471.57 Z46 E33.37
G1 F3547 X103.6 Y471.56 Z46 E33.37
G1 F3547 X100.64 Y471.55 Z46 E33.37
G1 F3547 X97.68 Y471.54 Z46 E33.37
G1 F3547 X94.72 Y471.54 Z46 E33.37
G1 F3547 X91.76 Y471.53 Z46 E33.37
G1 F3547 X88.8 Y471.52 Z46 E33.37
G1 F3547 X85.85 Y471.51 Z46 E33.37
G1 F3547 X82.89 Y471.5 Z46 E33.37
G1 F3545 X79.93 Y471.5 Z46 E33.36
G1 F3537 X76.98 Y471.27 Z46 E33.28
G1 F3478 X74.14 Y470.47 Z46 E32.73
G1 F3502 X72.16 Y468.34 Z46 E32.96
G1 F3541 X71.62 Y465.47 Z46 E33.33
G1 F3546 X71.71 Y462.52 Z46 E33.37
G1 F3546 X72.07 Y459.58 Z46 E33.37
G1 F3547 X72.64 Y456.68 Z46 E33.37
G1 F3546 X73.23 Y453.78 Z46 E33.37
G1 F3547 X74.02 Y450.93 Z46 E33.37
G1 F3546 X74.83 Y448.08 Z46 E33.37
G1 F3547 X75.83 Y445.3 Z46 E33.37
G1 F3546 X76.85 Y442.52 Z46 E33.37
G1 F3547 X78.05 Y439.82 Z46 E33.37
G1 F3545 X79.26 Y437.12 Z46 E33.36
G1 F3547 X80.68 Y434.52 Z46 E33.37
G1 F3547 X82.12 Y431.94 Z46 E33.37
G1 F3545 X83.56 Y429.35 Z46 E33.36
G1 F3547 X85.2 Y426.89 Z46 E33.37
G1 F3547 X86.86 Y424.44 Z46 E33.37
G1 F3547 X88.53 Y422 Z46 E33.37
G1 F3547 X90.19 Y419.55 Z46 E33.37
G1 F3547 X91.85 Y417.1 Z46 E33.37
G1 F3546 X93.51 Y414.66 Z46 E33.37
G1 F3547 X95 Y412.1 Z46 E33.37
G1 F3547 X96.47 Y409.53 Z46 E33.37
G1 F3545 X97.93 Y406.96 Z46 E33.36
G1 F3547 X99.2 Y404.28 Z46 E33.37
G1 F3546 X100.44 Y401.6 Z46 E33.37
G1 F3547 X101.51 Y398.84 Z46 E33.37
G1 F3546 X102.56 Y396.08 Z46 E33.37
G1 F3547 X103.42 Y393.25 Z46 E33.37
G1 F3546 X104.27 Y390.41 Z46 E33.37
G1 F3547 X104.92 Y387.52 Z46 E33.37
G1 F3546 X105.55 Y384.63 Z46 E33.37
G1 F3547 X105.97 Y381.71 Z46 E33.37
G1 F3546 X106.38 Y378.77 Z46 E33.37
G1 F3547 X106.57 Y375.82 Z46 E33.37
G1 F3546 X106.74 Y372.87 Z46 E33.37
G1 F3547 X106.7 Y369.91 Z46 E33.37
G1 F3546 X106.64 Y366.95 Z46 E33.37
G1 F3547 X106.37 Y364.01 Z46 E33.37
G1 F3546 X106.08 Y361.06 Z46 E33.37
G1 F3547 X105.58 Y358.15 Z46 E33.37
G1 F3546 X105.06 Y355.24 Z46 E33.37
G1 F3547 X104.33 Y352.37 Z46 E33.37
G1 F3546 X103.59 Y349.5 Z46 E33.37
G1 F3547 X102.66 Y346.7 Z46 E33.37
G1 F3546 X101.7 Y343.9 Z46 E33.37
G1 F3547 X100.57 Y341.16 Z46 E33.37
G1 F3546 X99.42 Y338.44 Z46 E33.37
G1 F3547 X98.09 Y335.79 Z46 E33.37
G1 F3546 X96.75 Y333.16 Z46 E33.37
G1 F3547 X95.22 Y330.63 Z46 E33.37
G1 F3547 X93.67 Y328.1 Z46 E33.37
G1 F3546 X92.12 Y325.58 Z46 E33.37
G1 F3547 X90.45 Y323.15 Z46 E33.37
G1 F3547 X88.76 Y320.72 Z46 E33.37
G1 F3547 X87.07 Y318.29 Z46 E33.37
G1 F3546 X85.38 Y315.86 Z46 E33.37
G1 F3547 X83.85 Y313.33 Z46 E33.37
G1 F3547 X82.33 Y310.79 Z46 E33.37
G1 F3546 X80.81 Y308.25 Z46 E33.37
G1 F3547 X79.49 Y305.6 Z46 E33.37
G1 F3546 X78.18 Y302.95 Z46 E33.37
G1 F3547 X77.05 Y300.22 Z46 E33.37
G1 F3546 X75.94 Y297.47 Z46 E33.37
G1 F3547 X75.01 Y294.67 Z46 E33.37
G1 F3546 X74.09 Y291.85 Z46 E33.37
G1 F3547 X73.37 Y288.98 Z46 E33.37
G1 F3546 X72.68 Y286.11 Z46 E33.37
G1 F3547 X72.18 Y283.19 Z46 E33.37
G1 F3546 X71.7 Y280.27 Z46 E33.37
G1 F3547 X71.43 Y277.33 Z46 E33.37
G1 F3546 X71.19 Y274.38 Z46 E33.37
G1 F3547 X71.15 Y271.42 Z46 E33.37
G1 F3546 X71.14 Y268.46 Z46 E33.37
G1 F3547 X71.33 Y265.51 Z46 E33.37
G1 F3546 X71.55 Y262.56 Z46 E33.37
G1 F3547 X71.98 Y259.63 Z46 E33.37
G1 F3546 X72.42 Y256.71 Z46 E33.37
G1 F3547 X73.08 Y253.82 Z46 E33.37
G1 F3546 X73.75 Y250.94 Z46 E33.37
G1 F3547 X74.61 Y248.11 Z46 E33.37
G1 F3546 X75.5 Y245.29 Z46 E33.37
G1 F3547 X76.57 Y242.53 Z46 E33.37
G1 F3546 X77.66 Y239.78 Z46 E33.37
G1 F3547 X78.92 Y237.11 Z46 E33.37
G1 F3546 X80.2 Y234.44 Z46 E33.36
G1 F3547 X81.68 Y231.88 Z46 E33.37
G1 F3547 X83.18 Y229.33 Z46 E33.37
G1 F3546 X84.68 Y226.77 Z46 E33.37
G1 F3547 X86.34 Y224.33 Z46 E33.37
G1 F3547 X88.01 Y221.89 Z46 E33.37
G1 F3547 X89.69 Y219.45 Z46 E33.37
G1 F3547 X91.37 Y217.01 Z46 E33.37
G1 F3546 X93.04 Y214.57 Z46 E33.37
G1 F3547 X94.55 Y212.03 Z46 E33.37
G1 F3547 X96.04 Y209.47 Z46 E33.37
G1 F3546 X97.53 Y206.92 Z46 E33.36
G1 F3547 X98.82 Y204.25 Z46 E33.37
G1 F3546 X100.09 Y201.58 Z46 E33.37
G1 F3547 X101.19 Y198.84 Z46 E33.37
G1 F3546 X102.27 Y196.08 Z46 E33.37
G1 F3547 X103.17 Y193.26 Z46 E33.37
G1 F3546 X104.04 Y190.44 Z46 E33.37
G1 F3547 X104.72 Y187.56 Z46 E33.37
G1 F3546 X105.38 Y184.67 Z46 E33.37
G1 F3547 X105.84 Y181.75 Z46 E33.37
G1 F3546 X106.28 Y178.82 Z46 E33.37
G1 F3547 X106.51 Y175.87 Z46 E33.37
G1 F3546 X106.71 Y172.92 Z46 E33.37
G1 F3547 X106.71 Y169.97 Z46 E33.37
G1 F3546 X106.68 Y167.01 Z46 E33.37
G1 F3547 X106.44 Y164.06 Z46 E33.37
G1 F3546 X106.19 Y161.11 Z46 E33.37
G1 F3547 X105.72 Y158.19 Z46 E33.37
G1 F3546 X105.23 Y155.27 Z46 E33.37
G1 F3547 X104.54 Y152.4 Z46 E33.37
G1 F3546 X103.83 Y149.52 Z46 E33.37
G1 F3547 X102.93 Y146.71 Z46 E33.37
G1 F3546 X102.01 Y143.89 Z46 E33.37
G1 F3547 X100.9 Y141.15 Z46 E33.37
G1 F3546 X99.78 Y138.41 Z46 E33.37
G1 F3547 X98.48 Y135.75 Z46 E33.37
G1 F3546 X97.17 Y133.1 Z46 E33.37
G1 F3547 X95.66 Y130.56 Z46 E33.37
G1 F3547 X94.13 Y128.02 Z46 E33.37
G1 F3546 X92.61 Y125.49 Z46 E33.37
G1 F3547 X90.94 Y123.04 Z46 E33.37
G1 F3547 X89.27 Y120.61 Z46 E33.37
G1 F3547 X87.59 Y118.17 Z46 E33.37
G1 F3547 X85.92 Y115.73 Z46 E33.37
G1 F3545 X84.24 Y113.29 Z46 E33.36
G1 F3547 X82.76 Y110.73 Z46 E33.37
G1 F3547 X81.3 Y108.16 Z46 E33.37
G1 F3545 X79.84 Y105.58 Z46 E33.36
G1 F3547 X78.58 Y102.91 Z46 E33.37
G1 F3546 X77.34 Y100.22 Z46 E33.37
G1 F3547 X76.28 Y97.46 Z46 E33.37
G1 F3546 X75.23 Y94.69 Z46 E33.37
G1 F3547 X74.38 Y91.86 Z46 E33.37
G1 F3546 X73.54 Y89.02 Z46 E33.37
G1 F3547 X72.9 Y86.13 Z46 E33.37
G1 F3546 X72.28 Y83.24 Z46 E33.37
G1 F3546 X71.83 Y80.32 Z46 E33.37
G1 F3544 X71.58 Y77.37 Z46 E33.35
G1 F3517 X71.7 Y74.42 Z46 E33.1
G1 F3505 X73.02 Y71.8 Z46 E32.98
G1 F3540 X75.65 Y70.5 Z46 E33.31
G1 F3546 X78.57 Y70.1 Z46 E33.37
G1 F3546 X81.53 Y69.99 Z46 E33.37
G1 F3547 X84.49 Y69.99 Z46 E33.37
G1 F3547 X87.45 Y69.99 Z46 E33.37
G1 F3547 X90.41 Y69.99 Z46 E33.37
G1 F3547 X93.37 Y69.99 Z46 E33.37
G1 F3547 X96.32 Y69.99 Z46 E33.37
G1 F3547 X99.28 Y69.99 Z46 E33.37
G1 F3547 X102.24 Y69.99 Z46 E33.37
G1 F3547 X105.2 Y69.99 Z46 E33.37
G1 F3547 X108.16 Y69.99 Z46 E33.37
G1 F3547 X111.12 Y70 Z46 E33.37
G1 F3547 X114.08 Y70 Z46 E33.37
G1 F3547 X117.04 Y70 Z46 E33.37
G1 F3547 X119.99 Y70 Z46 E33.37
G1 F3547 X122.95 Y70 Z46 E33.37
G1 F3547 X125.91 Y70 Z46 E33.37
G1 F3547 X128.87 Y70 Z46 E33.37
G1 F3547 X131.83 Y70 Z46 E33.37
G1 F3547 X134.79 Y70 Z46 E33.37
G1 F3547 X137.75 Y70 Z46 E33.37
G1 F3546 X140.71 Y70 Z46 E33.37
G1 F3545 X143.66 Y70.13 Z46 E33.36
G1 F3537 X146.58 Y70.6 Z46 E33.29
G1 F3524 X149.17 Y72.02 Z46 E33.16
G1 F3544 X150.19 Y74.78 Z46 E33.35
G1 F3546 X150.27 Y77.73 Z46 E33.37
G1 F3546 X149.99 Y80.68 Z46 E33.37
G1 F3546 X149.53 Y83.6 Z46 E33.37
G1 F3547 X148.88 Y86.49 Z46 E33.37
G1 F3546 X148.24 Y89.38 Z46 E33.37
G1 F3547 X147.38 Y92.21 Z46 E33.37
G1 F3546 X146.52 Y95.04 Z46 E33.37
G1 F3547 X145.45 Y97.8 Z46 E33.37
G1 F3546 X144.39 Y100.56 Z46 E33.37
G1 F3547 X143.13 Y103.24 Z46 E33.37
G1 F3546 X141.87 Y105.91 Z46 E33.37
G1 F3547 X140.39 Y108.48 Z46 E33.37
G1 F3547 X138.91 Y111.04 Z46 E33.37
G1 F3546 X137.43 Y113.6 Z46 E33.37
G1 F3547 X135.77 Y116.05 Z46 E33.37
G1 F3547 X134.11 Y118.5 Z46 E33.37
G1 F3547 X132.45 Y120.95 Z46 E33.37
G1 F3547 X130.79 Y123.4 Z46 E33.37
G1 F3547 X129.13 Y125.84 Z46 E33.37
G1 F3546 X127.46 Y128.29 Z46 E33.37
G1 F3547 X126.04 Y130.88 Z46 E33.37
G1 F3547 X124.61 Y133.47 Z46 E33.37
G1 F3546 X123.18 Y136.07 Z46 E33.37
G1 F3547 X121.98 Y138.77 Z46 E33.37
G1 F3546 X120.78 Y141.48 Z46 E33.37
G1 F3547 X119.78 Y144.26 Z46 E33.37
G1 F3546 X118.78 Y147.04 Z46 E33.37
G1 F3547 X117.98 Y149.89 Z46 E33.37
G1 F3546 X117.19 Y152.74 Z46 E33.37
G1 F3547 X116.61 Y155.64 Z46 E33.37
G1 F3546 X116.03 Y158.55 Z46 E33.37
G1 F3547 X115.68 Y161.48 Z46 E33.37
G1 F3546 X115.33 Y164.42 Z46 E33.37
G1 F3547 X115.21 Y167.38 Z46 E33.37
G1 F3546 X115.09 Y170.33 Z46 E33.37
G1 F3547 X115.21 Y173.29 Z46 E33.37
G1 F3546 X115.33 Y176.25 Z46 E33.37
G1 F3547 X115.67 Y179.19 Z46 E33.37
G1 F3546 X116.02 Y182.12 Z46 E33.37
G1 F3547 X116.6 Y185.03 Z46 E33.37
G1 F3546 X117.17 Y187.93 Z46 E33.37
G1 F3547 X117.96 Y190.78 Z46 E33.37
G1 F3546 X118.76 Y193.63 Z46 E33.37
G1 F3547 X119.76 Y196.41 Z46 E33.37
G1 F3546 X120.76 Y199.2 Z46 E33.37
G1 F3547 X121.96 Y201.9 Z46 E33.37
G1 F3546 X123.16 Y204.61 Z46 E33.37
G1 F3547 X124.58 Y207.2 Z46 E33.37
G1 F3547 X126 Y209.79 Z46 E33.37
G1 F3546 X127.43 Y212.39 Z46 E33.37
G1 F3547 X129.05 Y214.86 Z46 E33.37
G1 F3547 X130.67 Y217.34 Z46 E33.37
G1 F3547 X132.35 Y219.77 Z46 E33.37
G1 F3547 X134.04 Y222.21 Z46 E33.37
G1 F3547 X135.72 Y224.64 Z46 E33.37
G1 F3546 X137.4 Y227.07 Z46 E33.37
G1 F3547 X138.88 Y229.63 Z46 E33.37
G1 F3547 X140.36 Y232.2 Z46 E33.37
G1 F3546 X141.84 Y234.76 Z46 E33.37
G1 F3547 X143.1 Y237.44 Z46 E33.37
G1 F3546 X144.36 Y240.11 Z46 E33.37
G1 F3547 X145.43 Y242.87 Z46 E33.37
G1 F3546 X146.5 Y245.63 Z46 E33.37
G1 F3547 X147.36 Y248.46 Z46 E33.37
G1 F3546 X148.22 Y251.29 Z46 E33.37
G1 F3547 X148.87 Y254.18 Z46 E33.37
G1 F3546 X149.52 Y257.07 Z46 E33.37
G1 F3547 X149.94 Y259.99 Z46 E33.37
G1 F3546 X150.37 Y262.92 Z46 E33.37
G1 F3547 X150.56 Y265.87 Z46 E33.37
G1 F3546 X150.75 Y268.83 Z46 E33.37
G1 F3547 X150.71 Y271.78 Z46 E33.37
G1 F3546 X150.67 Y274.74 Z46 E33.37
G1 F3547 X150.4 Y277.69 Z46 E33.37
G1 F3546 X150.13 Y280.64 Z46 E33.37
G1 F3547 X149.63 Y283.55 Z46 E33.37
G1 F3546 X149.12 Y286.47 Z46 E33.37
G1 F3547 X148.4 Y289.34 Z46 E33.37
G1 F3546 X147.68 Y292.21 Z46 E33.37
G1 F3547 X146.75 Y295.01 Z46 E33.37
G1 F3546 X145.81 Y297.82 Z46 E33.37
G1 F3547 X144.67 Y300.55 Z46 E33.37
G1 F3546 X143.54 Y303.28 Z46 E33.37
G1 F3547 X142.22 Y305.93 Z46 E33.37
G1 F3546 X140.89 Y308.58 Z46 E33.37
G1 F3547 X139.36 Y311.11 Z46 E33.37
G1 F3547 X137.82 Y313.64 Z46 E33.37
G1 F3546 X136.29 Y316.16 Z46 E33.37
G1 F3547 X134.61 Y318.61 Z46 E33.37
G1 F3547 X132.94 Y321.05 Z46 E33.37
G1 F3547 X131.27 Y323.49 Z46 E33.37
G1 F3547 X129.6 Y325.93 Z46 E33.37
G1 F3546 X127.92 Y328.37 Z46 E33.37
G1 F3547 X126.47 Y330.95 Z46 E33.37
G1 F3547 X125.02 Y333.52 Z46 E33.37
G1 F3546 X123.57 Y336.1 Z46 E33.37
G1 F3547 X122.34 Y338.79 Z46 E33.37
G1 F3546 X121.11 Y341.49 Z46 E33.37
G1 F3547 X120.08 Y344.26 Z46 E33.37
G1 F3546 X119.05 Y347.03 Z46 E33.37
G1 F3547 X118.22 Y349.87 Z46 E33.37
G1 F3546 X117.4 Y352.71 Z46 E33.37
G1 F3547 X116.79 Y355.61 Z46 E33.37
G1 F3546 X116.18 Y358.5 Z46 E33.37
G1 F3547 X115.79 Y361.44 Z46 E33.37
G1 F3546 X115.41 Y364.37 Z46 E33.37
G1 F3547 X115.26 Y367.33 Z46 E33.37
G1 F3546 X115.11 Y370.28 Z46 E33.37
G1 F3547 X115.19 Y373.24 Z46 E33.37
G1 F3546 X115.27 Y376.2 Z46 E33.37
G1 F3547 X115.58 Y379.14 Z46 E33.37
G1 F3546 X115.89 Y382.08 Z46 E33.37
G1 F3547 X116.43 Y384.99 Z46 E33.37
G1 F3546 X116.97 Y387.9 Z46 E33.37
G1 F3547 X117.73 Y390.76 Z46 E33.37
G1 F3546 X118.5 Y393.62 Z46 E33.37
G1 F3547 X119.47 Y396.41 Z46 E33.37
G1 F3546 X120.44 Y399.21 Z46 E33.37
G1 F3547 X121.61 Y401.92 Z46 E33.37
G1 F3546 X122.78 Y404.64 Z46 E33.37
G1 F3547 X124.18 Y407.25 Z46 E33.37
G1 F3547 X125.58 Y409.86 Z46 E33.37
G1 F3546 X126.98 Y412.46 Z46 E33.37
G1 F3547 X128.58 Y414.95 Z46 E33.37
G1 F3547 X130.18 Y417.44 Z46 E33.37
G1 F3547 X131.87 Y419.87 Z46 E33.37
G1 F3547 X133.55 Y422.3 Z46 E33.37
G1 F3547 X135.24 Y424.73 Z46 E33.37
G1 F3546 X136.93 Y427.16 Z46 E33.37
G1 F3547 X138.44 Y429.7 Z46 E33.37
G1 F3547 X139.94 Y432.25 Z46 E33.37
G1 F3546 X141.44 Y434.8 Z46 E33.37
G1 F3547 X142.73 Y437.46 Z46 E33.37
G1 F3546 X144.02 Y440.13 Z46 E33.37
G1 F3547 X145.12 Y442.88 Z46 E33.37
G1 F3546 X146.21 Y445.62 Z46 E33.37
G1 F3547 X147.11 Y448.44 Z46 E33.37
G1 F3546 X148 Y451.27 Z46 E33.37
G1 F3547 X148.68 Y454.14 Z46 E33.37
G1 F3546 X149.36 Y457.03 Z46 E33.37
G1 F3546 X149.86 Y459.94 Z46 E33.37
G1 F3546 X150.2 Y462.88 Z46 E33.37
G1 F3545 X150.27 Y465.84 Z46 E33.36
G1 F3535 X149.65 Y468.73 Z46 E33.27
G1 F3545 X147.4 Y470.64 Z46 E33.36
G1 F3546 X144.52 Y471.33 Z46 E33.37
G1 F3547 X141.57 Y471.52 Z46 E33.37
G1 F3547 X138.61 Y471.53 Z46 E33.37
G1 F3547 X135.65 Y471.54 Z46 E33.37
G1 F3547 X132.69 Y471.55 Z46 E33.37
G1 F3547 X129.73 Y471.55 Z46 E33.37
G1 F3547 X126.77 Y471.56 Z46 E33.37
G1 F3547 X123.82 Y471.57 Z46 E33.37
G1 F3531 X120.86 Y471.58 Z46 E33.23
G1 F3538 X117.92 Y471.59 Z46.28 E33.29
G1 F3515 X115.27 Y471.59 Z47.57 E33.08
G1 F3547 X112.37 Y471.58 Z48 E33.37
G1 F3547 X109.41 Y471.57 Z48 E33.37
G1 F3547 X106.45 Y471.57 Z48 E33.37
G1 F3547 X103.49 Y471.56 Z48 E33.37
G1 F3547 X100.53 Y471.55 Z48 E33.37
G1 F3547 X97.58 Y471.55 Z48 E33.37
G1 F3547 X94.62 Y471.54 Z48 E33.37
G1 F3547 X91.66 Y471.53 Z48 E33.37
G1 F3547 X88.7 Y471.52 Z48 E33.37
G1 F3547 X85.74 Y471.52 Z48 E33.37
G1 F3544 X82.78 Y471.51 Z48 E33.35
G1 F3532 X79.83 Y471.43 Z48 E33.24
G1 F3431 X76.91 Y471.01 Z48 E32.29
G1 F3412 X74.33 Y469.76 Z48 E32.1
G1 F3530 X72.86 Y467.33 Z48 E33.22
G1 F3543 X72.58 Y464.4 Z48 E33.35
G1 F3544 X72.77 Y461.45 Z48 E33.36
G1 F3547 X73.2 Y458.52 Z48 E33.37
G1 F3544 X73.77 Y455.62 Z48 E33.35
G1 F3547 X74.41 Y452.73 Z48 E33.37
G1 F3544 X75.19 Y449.88 Z48 E33.35
G1 F3547 X76.05 Y447.05 Z48 E33.37
G1 F3544 X77.03 Y444.26 Z48 E33.36
G1 F3547 X78.09 Y441.5 Z48 E33.37
G1 F3544 X79.27 Y438.78 Z48 E33.35
G1 F3547 X80.53 Y436.11 Z48 E33.37
G1 F3547 X81.94 Y433.5 Z48 E33.37
G1 F3543 X83.34 Y430.9 Z48 E33.34
G1 F3547 X84.83 Y428.35 Z48 E33.37
G1 F3547 X86.46 Y425.88 Z48 E33.37
G1 F3547 X88.09 Y423.41 Z48 E33.37
G1 F3547 X89.72 Y420.94 Z48 E33.37
G1 F3547 X91.35 Y418.47 Z48 E33.37
G1 F3544 X92.98 Y416 Z48 E33.35
G1 F3547 X94.54 Y413.49 Z48 E33.37
G1 F3547 X95.98 Y410.9 Z48 E33.37
G1 F3544 X97.42 Y408.32 Z48 E33.35
G1 F3547 X98.77 Y405.69 Z48 E33.37
G1 F3544 X99.98 Y402.99 Z48 E33.36
G1 F3547 X101.13 Y400.26 Z48 E33.37
G1 F3544 X102.15 Y397.49 Z48 E33.35
G1 F3547 X103.1 Y394.69 Z48 E33.37
G1 F3544 X103.92 Y391.85 Z48 E33.35
G1 F3547 X104.66 Y388.98 Z48 E33.37
G1 F3544 X105.28 Y386.09 Z48 E33.35
G1 F3547 X105.8 Y383.18 Z48 E33.37
G1 F3544 X106.19 Y380.25 Z48 E33.35
G1 F3547 X106.49 Y377.3 Z48 E33.37
G1 F3544 X106.66 Y374.35 Z48 E33.35
G1 F3547 X106.74 Y371.4 Z48 E33.37
G1 F3544 X106.68 Y368.44 Z48 E33.35
G1 F3547 X106.53 Y365.48 Z48 E33.37
G1 F3544 X106.24 Y362.54 Z48 E33.35
G1 F3547 X105.87 Y359.61 Z48 E33.37
G1 F3544 X105.36 Y356.69 Z48 E33.35
G1 F3547 X104.76 Y353.8 Z48 E33.37
G1 F3544 X104.04 Y350.93 Z48 E33.35
G1 F3547 X103.23 Y348.08 Z48 E33.37
G1 F3544 X102.3 Y345.27 Z48 E33.35
G1 F3547 X101.29 Y342.5 Z48 E33.37
G1 F3543 X100.16 Y339.76 Z48 E33.35
G1 F3547 X98.94 Y337.07 Z48 E33.37
G1 F3547 X97.58 Y334.44 Z48 E33.37
G1 F3544 X96.22 Y331.81 Z48 E33.35
G1 F3547 X94.78 Y329.23 Z48 E33.37
G1 F3546 X93.22 Y326.72 Z48 E33.37
G1 F3547 X91.62 Y324.23 Z48 E33.37
G1 F3547 X89.96 Y321.78 Z48 E33.37
G1 F3547 X88.31 Y319.33 Z48 E33.37
G1 F3544 X86.65 Y316.87 Z48 E33.35
G1 F3547 X85.07 Y314.38 Z48 E33.37
G1 F3547 X83.59 Y311.82 Z48 E33.37
G1 F3544 X82.1 Y309.25 Z48 E33.35
G1 F3547 X80.71 Y306.65 Z48 E33.37
G1 F3544 X79.45 Y303.97 Z48 E33.35
G1 F3547 X78.26 Y301.26 Z48 E33.37
G1 F3544 X77.18 Y298.51 Z48 E33.35
G1 F3547 X76.19 Y295.72 Z48 E33.37
G1 F3544 X75.31 Y292.9 Z48 E33.35
G1 F3547 X74.52 Y290.05 Z48 E33.37
G1 F3544 X73.85 Y287.17 Z48 E33.35
G1 F3547 X73.27 Y284.27 Z48 E33.37
G1 F3544 X72.82 Y281.34 Z48 E33.35
G1 F3547 X72.46 Y278.41 Z48 E33.37
G1 F3544 X72.24 Y275.46 Z48 E33.35
G1 F3547 X72.11 Y272.5 Z48 E33.37
G1 F3544 X72.1 Y269.55 Z48 E33.35
G1 F3547 X72.2 Y266.59 Z48 E33.37
G1 F3544 X72.42 Y263.64 Z48 E33.35
G1 F3547 X72.75 Y260.7 Z48 E33.37
G1 F3544 X73.19 Y257.78 Z48 E33.35
G1 F3547 X73.74 Y254.87 Z48 E33.37
G1 F3544 X74.4 Y251.99 Z48 E33.35
G1 F3547 X75.16 Y249.13 Z48 E33.37
G1 F3544 X76.04 Y246.3 Z48 E33.35
G1 F3547 X77 Y243.51 Z48 E33.37
G1 F3543 X78.08 Y240.75 Z48 E33.34
G1 F3547 X79.26 Y238.04 Z48 E33.37
G1 F3547 X80.56 Y235.39 Z48 E33.37
G1 F3543 X81.87 Y232.73 Z48 E33.34
G1 F3547 X83.29 Y230.14 Z48 E33.37
G1 F3547 X84.84 Y227.62 Z48 E33.37
G1 F3546 X86.4 Y225.1 Z48 E33.37
G1 F3547 X87.99 Y222.61 Z48 E33.37
G1 F3547 X89.64 Y220.16 Z48 E33.37
G1 F3547 X91.29 Y217.7 Z48 E33.37
G1 F3544 X92.94 Y215.24 Z48 E33.35
G1 F3547 X94.5 Y212.73 Z48 E33.37
G1 F3547 X95.94 Y210.15 Z48 E33.37
G1 F3543 X97.39 Y207.57 Z48 E33.35
G1 F3547 X98.73 Y204.93 Z48 E33.37
G1 F3544 X99.96 Y202.24 Z48 E33.35
G1 F3547 X101.09 Y199.51 Z48 E33.37
G1 F3544 X102.13 Y196.74 Z48 E33.35
G1 F3547 X103.07 Y193.94 Z48 E33.37
G1 F3544 X103.9 Y191.1 Z48 E33.35
G1 F3547 X104.64 Y188.23 Z48 E33.37
G1 F3544 X105.26 Y185.34 Z48 E33.35
G1 F3547 X105.78 Y182.43 Z48 E33.37
G1 F3544 X106.18 Y179.5 Z48 E33.35
G1 F3547 X106.48 Y176.56 Z48 E33.37
G1 F3544 X106.66 Y173.6 Z48 E33.35
G1 F3547 X106.73 Y170.65 Z48 E33.37
G1 F3544 X106.68 Y167.69 Z48 E33.35
G1 F3547 X106.52 Y164.74 Z48 E33.37
G1 F3544 X106.25 Y161.79 Z48 E33.35
G1 F3547 X105.87 Y158.86 Z48 E33.37
G1 F3544 X105.37 Y155.94 Z48 E33.35
G1 F3547 X104.77 Y153.05 Z48 E33.37
G1 F3544 X104.06 Y150.18 Z48 E33.35
G1 F3547 X103.25 Y147.33 Z48 E33.37
G1 F3544 X102.33 Y144.52 Z48 E33.35
G1 F3547 X101.31 Y141.75 Z48 E33.37
G1 F3543 X100.19 Y139.01 Z48 E33.34
G1 F3547 X98.96 Y136.32 Z48 E33.37
G1 F3547 X97.61 Y133.68 Z48 E33.37
G1 F3544 X96.27 Y131.05 Z48 E33.35
G1 F3547 X94.82 Y128.47 Z48 E33.37
G1 F3546 X93.26 Y125.96 Z48 E33.37
G1 F3547 X91.66 Y123.47 Z48 E33.37
G1 F3547 X90.02 Y121 Z48 E33.37
G1 F3547 X88.38 Y118.54 Z48 E33.37
G1 F3547 X86.74 Y116.08 Z48 E33.37
G1 F3543 X85.1 Y113.62 Z48 E33.34
G1 F3547 X83.58 Y111.08 Z48 E33.37
G1 F3547 X82.17 Y108.48 Z48 E33.37
G1 F3543 X80.76 Y105.88 Z48 E33.35
G1 F3547 X79.47 Y103.22 Z48 E33.37
G1 F3544 X78.28 Y100.51 Z48 E33.35
G1 F3547 X77.2 Y97.76 Z48 E33.37
G1 F3544 X76.21 Y94.97 Z48 E33.35
G1 F3547 X75.32 Y92.15 Z48 E33.37
G1 F3544 X74.53 Y89.3 Z48 E33.35
G1 F3547 X73.86 Y86.42 Z48 E33.37
G1 F3544 X73.29 Y83.52 Z48 E33.36
G1 F3544 X72.82 Y80.6 Z48 E33.35
G1 F3533 X72.57 Y77.65 Z48 E33.24
G1 F3392 X72.71 Y74.71 Z48 E31.92
G1 F3417 X73.92 Y72.15 Z48 E32.15
G1 F3526 X76.35 Y70.67 Z48 E33.18
G1 F3544 X79.25 Y70.15 Z48 E33.35
G1 F3547 X82.2 Y70.04 Z48 E33.37
G1 F3547 X85.16 Y70.03 Z48 E33.37
G1 F3547 X88.12 Y70.03 Z48 E33.37
G1 F3547 X91.08 Y70.02 Z48 E33.37
G1 F3547 X94.04 Y70.02 Z48 E33.37
G1 F3547 X97 Y70.02 Z48 E33.37
G1 F3547 X99.96 Y70.01 Z48 E33.37
G1 F3547 X102.91 Y70.01 Z48 E33.37
G1 F3547 X105.87 Y70 Z48 E33.37
G1 F3547 X108.83 Y70 Z48 E33.37
G1 F3547 X111.79 Y69.99 Z48 E33.37
G1 F3547 X114.75 Y69.99 Z48 E33.37
G1 F3547 X117.71 Y69.98 Z48 E33.37
G1 F3547 X120.67 Y69.98 Z48 E33.37
G1 F3547 X123.63 Y69.98 Z48 E33.37
G1 F3547 X126.58 Y69.97 Z48 E33.37
G1 F3547 X129.54 Y69.97 Z48 E33.37
G1 F3546 X132.5 Y69.96 Z48 E33.37
G1 F3547 X135.46 Y69.99 Z48 E33.37
G1 F3547 X138.42 Y70.04 Z48 E33.37
G1 F3540 X141.38 Y70.09 Z48 E33.31
G1 F3501 X144.32 Y70.36 Z48 E32.95
G1 F3333 X147.08 Y71.32 Z48 E31.37
G1 F3496 X148.8 Y73.5 Z48 E32.9
G1 F3540 X149.3 Y76.37 Z48 E33.31
G1 F3545 X149.18 Y79.32 Z48 E33.36
G1 F3545 X148.81 Y82.26 Z48 E33.36
G1 F3547 X148.26 Y85.16 Z48 E33.37
G1 F3544 X147.64 Y88.06 Z48 E33.35
G1 F3547 X146.89 Y90.92 Z48 E33.37
G1 F3544 X146.06 Y93.76 Z48 E33.35
G1 F3547 X145.1 Y96.55 Z48 E33.37
G1 F3545 X144.07 Y99.33 Z48 E33.36
G1 F3547 X142.91 Y102.05 Z48 E33.37
G1 F3544 X141.69 Y104.74 Z48 E33.35
G1 F3547 X140.33 Y107.37 Z48 E33.37
G1 F3547 X138.88 Y109.95 Z48 E33.37
G1 F3544 X137.44 Y112.53 Z48 E33.35
G1 F3547 X135.88 Y115.04 Z48 E33.37
G1 F3547 X134.25 Y117.51 Z48 E33.37
G1 F3547 X132.62 Y119.98 Z48 E33.37
G1 F3547 X130.99 Y122.45 Z48 E33.37
G1 F3547 X129.36 Y124.92 Z48 E33.37
G1 F3543 X127.72 Y127.39 Z48 E33.34
G1 F3547 X126.25 Y129.94 Z48 E33.37
G1 F3547 X124.85 Y132.55 Z48 E33.37
G1 F3544 X123.45 Y135.16 Z48 E33.35
G1 F3547 X122.2 Y137.84 Z48 E33.37
G1 F3545 X121.03 Y140.55 Z48 E33.36
G1 F3547 X119.98 Y143.32 Z48 E33.37
G1 F3544 X119 Y146.11 Z48 E33.35
G1 F3547 X118.16 Y148.95 Z48 E33.37
G1 F3544 X117.38 Y151.8 Z48 E33.35
G1 F3547 X116.75 Y154.69 Z48 E33.37
G1 F3544 X116.19 Y157.59 Z48 E33.35
G1 F3547 X115.77 Y160.52 Z48 E33.37
G1 F3544 X115.43 Y163.46 Z48 E33.35
G1 F3547 X115.24 Y166.41 Z48 E33.37
G1 F3544 X115.13 Y169.37 Z48 E33.35
G1 F3547 X115.17 Y172.33 Z48 E33.37
G1 F3544 X115.28 Y175.28 Z48 E33.35
G1 F3547 X115.54 Y178.23 Z48 E33.37
G1 F3544 X115.88 Y181.17 Z48 E33.35
G1 F3547 X116.37 Y184.08 Z48 E33.37
G1 F3544 X116.93 Y186.99 Z48 E33.35
G1 F3547 X117.63 Y189.86 Z48 E33.37
G1 F3544 X118.41 Y192.72 Z48 E33.36
G1 F3547 X119.32 Y195.53 Z48 E33.37
G1 F3545 X120.3 Y198.32 Z48 E33.36
G1 F3547 X121.41 Y201.06 Z48 E33.37
G1 F3544 X122.58 Y203.78 Z48 E33.35
G1 F3547 X123.9 Y206.42 Z48 E33.37
G1 F3547 X125.3 Y209.03 Z48 E33.37
G1 F3544 X126.7 Y211.64 Z48 E33.35
G1 F3547 X128.23 Y214.17 Z48 E33.37
G1 F3546 X129.82 Y216.66 Z48 E33.37
G1 F3547 X131.45 Y219.13 Z48 E33.37
G1 F3547 X133.1 Y221.59 Z48 E33.37
G1 F3547 X134.75 Y224.04 Z48 E33.37
G1 F3544 X136.4 Y226.5 Z48 E33.35
G1 F3547 X137.91 Y229.04 Z48 E33.37
G1 F3547 X139.35 Y231.62 Z48 E33.37
G1 F3544 X140.8 Y234.21 Z48 E33.35
G1 F3547 X142.09 Y236.87 Z48 E33.37
G1 F3545 X143.31 Y239.56 Z48 E33.36
G1 F3547 X144.4 Y242.31 Z48 E33.37
G1 F3545 X145.44 Y245.08 Z48 E33.36
G1 F3547 X146.33 Y247.9 Z48 E33.37
G1 F3544 X147.16 Y250.74 Z48 E33.36
G1 F3547 X147.84 Y253.62 Z48 E33.37
G1 F3544 X148.46 Y256.51 Z48 E33.35
G1 F3547 X148.93 Y259.43 Z48 E33.37
G1 F3544 X149.33 Y262.36 Z48 E33.35
G1 F3547 X149.57 Y265.31 Z48 E33.37
G1 F3544 X149.75 Y268.26 Z48 E33.35
G1 F3547 X149.77 Y271.22 Z48 E33.37
G1 F3544 X149.72 Y274.18 Z48 E33.35
G1 F3547 X149.51 Y277.13 Z48 E33.37
G1 F3544 X149.23 Y280.07 Z48 E33.35
G1 F3547 X148.79 Y283 Z48 E33.37
G1 F3544 X148.29 Y285.91 Z48 E33.36
G1 F3547 X147.64 Y288.8 Z48 E33.37
G1 F3545 X146.93 Y291.67 Z48 E33.36
G1 F3547 X146.06 Y294.5 Z48 E33.37
G1 F3545 X145.14 Y297.31 Z48 E33.36
G1 F3547 X144.08 Y300.07 Z48 E33.37
G1 F3544 X142.96 Y302.81 Z48 E33.35
G1 F3547 X141.67 Y305.47 Z48 E33.37
G1 F3547 X140.32 Y308.1 Z48 E33.37
G1 F3544 X138.97 Y310.73 Z48 E33.35
G1 F3547 X137.48 Y313.29 Z48 E33.37
G1 F3546 X135.92 Y315.8 Z48 E33.37
G1 F3547 X134.31 Y318.28 Z48 E33.37
G1 F3547 X132.67 Y320.75 Z48 E33.37
G1 F3547 X131.03 Y323.21 Z48 E33.37
G1 F3547 X129.39 Y325.67 Z48 E33.37
G1 F3544 X127.76 Y328.14 Z48 E33.35
G1 F3547 X126.29 Y330.7 Z48 E33.37
G1 F3547 X124.88 Y333.31 Z48 E33.37
G1 F3544 X123.47 Y335.91 Z48 E33.35
G1 F3547 X122.23 Y338.59 Z48 E33.37
G1 F3545 X121.05 Y341.3 Z48 E33.36
G1 F3547 X120.01 Y344.07 Z48 E33.37
G1 F3545 X119.02 Y346.86 Z48 E33.36
G1 F3547 X118.18 Y349.7 Z48 E33.37
G1 F3545 X117.4 Y352.55 Z48 E33.36
G1 F3547 X116.77 Y355.44 Z48 E33.37
G1 F3545 X116.2 Y358.34 Z48 E33.36
G1 F3547 X115.79 Y361.27 Z48 E33.37
G1 F3545 X115.44 Y364.21 Z48 E33.36
G1 F3547 X115.25 Y367.16 Z48 E33.37
G1 F3545 X115.13 Y370.12 Z48 E33.36
G1 F3547 X115.17 Y373.07 Z48 E33.37
G1 F3545 X115.27 Y376.03 Z48 E33.36
G1 F3547 X115.54 Y378.97 Z48 E33.37
G1 F3545 X115.87 Y381.91 Z48 E33.36
G1 F3547 X116.36 Y384.83 Z48 E33.37
G1 F3545 X116.91 Y387.74 Z48 E33.36
G1 F3547 X117.62 Y390.61 Z48 E33.37
G1 F3545 X118.38 Y393.47 Z48 E33.36
G1 F3547 X119.3 Y396.28 Z48 E33.37
G1 F3545 X120.26 Y399.08 Z48 E33.36
G1 F3547 X121.38 Y401.81 Z48 E33.37
G1 F3544 X122.54 Y404.54 Z48 E33.35
G1 F3547 X123.88 Y407.17 Z48 E33.37
G1 F3547 X125.27 Y409.79 Z48 E33.37
G1 F3545 X126.65 Y412.4 Z48 E33.36
G1 F3547 X128.19 Y414.92 Z48 E33.37
G1 F3546 X129.78 Y417.42 Z48 E33.37
G1 F3547 X131.42 Y419.89 Z48 E33.37
G1 F3547 X133.07 Y422.34 Z48 E33.37
G1 F3547 X134.72 Y424.79 Z48 E33.37
G1 F3544 X136.38 Y427.25 Z48 E33.36
G1 F3547 X137.87 Y429.8 Z48 E33.37
G1 F3547 X139.33 Y432.38 Z48 E33.37
G1 F3544 X140.78 Y434.95 Z48 E33.35
G1 F3547 X142.06 Y437.62 Z48 E33.37
G1 F3545 X143.29 Y440.31 Z48 E33.36
G1 F3547 X144.38 Y443.06 Z48 E33.37
G1 F3545 X145.42 Y445.83 Z48 E33.36
G1 F3547 X146.31 Y448.65 Z48 E33.37
G1 F3545 X147.15 Y451.48 Z48 E33.36
G1 F3547 X147.83 Y454.36 Z48 E33.37
G1 F3545 X148.46 Y457.25 Z48 E33.36
G1 F3545 X148.95 Y460.17 Z48 E33.36
G1 F3542 X149.26 Y463.11 Z48 E33.34
G1 F3510 X149.27 Y466.07 Z48 E33.03
G1 F3424 X148.42 Y468.87 Z48 E32.22
G1 F3512 X146.18 Y470.63 Z48 E33.05
G1 F3543 X143.33 Y471.31 Z48 E33.34
G1 F3546 X140.38 Y471.52 Z48 E33.37
G1 F3547 X137.42 Y471.55 Z48 E33.37
G1 F3547 X134.46 Y471.55 Z48 E33.37
G1 F3547 X131.5 Y471.56 Z48 E33.37
G1 F3547 X128.54 Y471.56 Z48 E33.37
G1 F3547 X125.59 Y471.57 Z48 E33.37
G1 F3547 X122.63 Y471.58 Z48 E33.37
G1 F3503 X119.67 Y471.58 Z48 E32.97
G1 F3516 X116.85 Y471.59 Z48.76 E33.09
G1 F3535 X114.13 Y471.58 Z49.86 E33.26
G1 F3547 X111.18 Y471.58 Z50 E33.37
G1 F3547 X108.22 Y471.57 Z50 E33.37
G1 F3547 X105.26 Y471.56 Z50 E33.37
G1 F3547 X102.3 Y471.55 Z50 E33.37
G1 F3547 X99.35 Y471.54 Z50 E33.37
G1 F3547 X96.39 Y471.53 Z50 E33.37
G1 F3547 X93.43 Y471.52 Z50 E33.37
G1 F3547 X90.47 Y471.51 Z50 E33.37
G1 F3547 X87.51 Y471.5 Z50 E33.37
G1 F3547 X84.55 Y471.49 Z50 E33.37
G1 F3543 X81.59 Y471.48 Z50 E33.34
G1 F3523 X78.65 Y471.24 Z50 E33.15
G1 F3401 X75.85 Y470.35 Z50 E32
G1 F3487 X74.04 Y468.16 Z50 E32.81
G1 F3540 X73.52 Y465.3 Z50 E33.31
G1 F3545 X73.62 Y462.35 Z50 E33.36
G1 F3545 X73.97 Y459.41 Z50 E33.36
G1 F3547 X74.51 Y456.5 Z50 E33.37
G1 F3545 X75.09 Y453.6 Z50 E33.36
G1 F3547 X75.83 Y450.74 Z50 E33.37
G1 F3545 X76.62 Y447.89 Z50 E33.36
G1 F3547 X77.57 Y445.09 Z50 E33.37
G1 F3545 X78.56 Y442.3 Z50 E33.36
G1 F3547 X79.7 Y439.57 Z50 E33.37
G1 F3544 X80.88 Y436.86 Z50 E33.35
G1 F3547 X82.23 Y434.23 Z50 E33.37
G1 F3547 X83.63 Y431.62 Z50 E33.37
G1 F3545 X85.03 Y429.01 Z50 E33.36
G1 F3547 X86.58 Y426.5 Z50 E33.37
G1 F3547 X88.18 Y424.01 Z50 E33.37
G1 F3547 X89.78 Y421.52 Z50 E33.37
G1 F3547 X91.38 Y419.03 Z50 E33.37
G1 F3547 X92.98 Y416.54 Z50 E33.37
G1 F3544 X94.57 Y414.05 Z50 E33.35
G1 F3547 X96 Y411.46 Z50 E33.37
G1 F3547 X97.37 Y408.83 Z50 E33.37
G1 F3544 X98.74 Y406.21 Z50 E33.35
G1 F3547 X99.95 Y403.51 Z50 E33.37
G1 F3545 X101.1 Y400.79 Z50 E33.36
G1 F3547 X102.1 Y398 Z50 E33.37
G1 F3545 X103.06 Y395.2 Z50 E33.36
G1 F3547 X103.86 Y392.36 Z50 E33.37
G1 F3545 X104.62 Y389.5 Z50 E33.36
G1 F3547 X105.22 Y386.6 Z50 E33.37
G1 F3545 X105.76 Y383.69 Z50 E33.36
G1 F3547 X106.15 Y380.76 Z50 E33.37
G1 F3545 X106.48 Y377.82 Z50 E33.36
G1 F3547 X106.64 Y374.87 Z50 E33.37
G1 F3545 X106.75 Y371.91 Z50 E33.36
G1 F3547 X106.7 Y368.96 Z50 E33.37
G1 F3545 X106.59 Y366 Z50 E33.36
G1 F3547 X106.31 Y363.05 Z50 E33.37
G1 F3545 X105.98 Y360.11 Z50 E33.36
G1 F3547 X105.49 Y357.2 Z50 E33.37
G1 F3545 X104.94 Y354.29 Z50 E33.36
G1 F3547 X104.24 Y351.42 Z50 E33.37
G1 F3545 X103.48 Y348.56 Z50 E33.36
G1 F3547 X102.57 Y345.74 Z50 E33.37
G1 F3545 X101.62 Y342.94 Z50 E33.36
G1 F3547 X100.52 Y340.2 Z50 E33.37
G1 F3544 X99.37 Y337.47 Z50 E33.35
G1 F3547 X98.05 Y334.82 Z50 E33.37
G1 F3547 X96.68 Y332.2 Z50 E33.37
G1 F3544 X95.31 Y329.58 Z50 E33.35
G1 F3547 X93.77 Y327.06 Z50 E33.37
G1 F3547 X92.17 Y324.57 Z50 E33.37
G1 F3547 X90.57 Y322.08 Z50 E33.37
G1 F3547 X88.98 Y319.59 Z50 E33.37
G1 F3547 X87.38 Y317.1 Z50 E33.37
G1 F3544 X85.78 Y314.61 Z50 E33.35
G1 F3547 X84.33 Y312.03 Z50 E33.37
G1 F3547 X82.92 Y309.42 Z50 E33.37
G1 F3544 X81.52 Y306.82 Z50 E33.35
G1 F3547 X80.28 Y304.13 Z50 E33.37
G1 F3545 X79.1 Y301.42 Z50 E33.36
G1 F3547 X78.06 Y298.65 Z50 E33.37
G1 F3545 X77.07 Y295.87 Z50 E33.36
G1 F3547 X76.22 Y293.03 Z50 E33.37
G1 F3545 X75.43 Y290.18 Z50 E33.36
G1 F3547 X74.79 Y287.29 Z50 E33.37
G1 F3545 X74.21 Y284.39 Z50 E33.36
G1 F3547 X73.78 Y281.47 Z50 E33.37
G1 F3545 X73.41 Y278.53 Z50 E33.36
G1 F3547 X73.2 Y275.58 Z50 E33.37
G1 F3545 X73.06 Y272.63 Z50 E33.36
G1 F3547 X73.07 Y269.67 Z50 E33.37
G1 F3545 X73.14 Y266.71 Z50 E33.36
G1 F3547 X73.37 Y263.76 Z50 E33.37
G1 F3545 X73.66 Y260.82 Z50 E33.36
G1 F3547 X74.11 Y257.9 Z50 E33.37
G1 F3545 X74.62 Y254.98 Z50 E33.36
G1 F3547 X75.28 Y252.1 Z50 E33.37
G1 F3545 X76 Y249.23 Z50 E33.36
G1 F3547 X76.86 Y246.4 Z50 E33.37
G1 F3545 X77.79 Y243.59 Z50 E33.36
G1 F3547 X78.85 Y240.83 Z50 E33.37
G1 F3544 X79.96 Y238.09 Z50 E33.35
G1 F3547 X81.24 Y235.42 Z50 E33.37
G1 F3547 X82.58 Y232.79 Z50 E33.37
G1 F3544 X83.92 Y230.15 Z50 E33.35
G1 F3547 X85.41 Y227.59 Z50 E33.37
G1 F3546 X86.95 Y225.07 Z50 E33.37
G1 F3547 X88.55 Y222.58 Z50 E33.37
G1 F3547 X90.17 Y220.1 Z50 E33.37
G1 F3547 X91.79 Y217.62 Z50 E33.37
G1 F3544 X93.41 Y215.15 Z50 E33.35
G1 F3547 X94.89 Y212.59 Z50 E33.37
G1 F3547 X96.32 Y210 Z50 E33.37
G1 F3544 X97.75 Y207.41 Z50 E33.35
G1 F3547 X99.03 Y204.75 Z50 E33.37
G1 F3545 X100.24 Y202.05 Z50 E33.36
G1 F3547 X101.33 Y199.3 Z50 E33.37
G1 F3545 X102.35 Y196.52 Z50 E33.36
G1 F3547 X103.24 Y193.7 Z50 E33.37
G1 F3545 X104.06 Y190.86 Z50 E33.36
G1 F3547 X104.75 Y187.98 Z50 E33.37
G1 F3544 X105.37 Y185.09 Z50 E33.36
G1 F3547 X105.84 Y182.17 Z50 E33.37
G1 F3544 X106.25 Y179.24 Z50 E33.35
G1 F3547 X106.5 Y176.29 Z50 E33.37
G1 F3544 X106.69 Y173.34 Z50 E33.35
G1 F3547 X106.72 Y170.38 Z50 E33.37
G1 F3544 X106.69 Y167.42 Z50 E33.35
G1 F3547 X106.51 Y164.47 Z50 E33.37
G1 F3544 X106.25 Y161.53 Z50 E33.35
G1 F3547 X105.85 Y158.6 Z50 E33.37
G1 F3544 X105.38 Y155.67 Z50 E33.36
G1 F3547 X104.76 Y152.78 Z50 E33.37
G1 F3545 X104.08 Y149.9 Z50 E33.36
G1 F3547 X103.26 Y147.06 Z50 E33.37
G1 F3545 X102.37 Y144.24 Z50 E33.36
G1 F3547 X101.35 Y141.47 Z50 E33.37
G1 F3544 X100.26 Y138.71 Z50 E33.35
G1 F3547 X99.03 Y136.03 Z50 E33.37
G1 F3547 X97.71 Y133.38 Z50 E33.37
G1 F3544 X96.4 Y130.73 Z50 E33.35
G1 F3547 X94.95 Y128.15 Z50 E33.37
G1 F3546 X93.43 Y125.61 Z50 E33.37
G1 F3547 X91.85 Y123.11 Z50 E33.37
G1 F3547 X90.24 Y120.62 Z50 E33.37
G1 F3547 X88.63 Y118.14 Z50 E33.37
G1 F3547 X87.03 Y115.66 Z50 E33.37
G1 F3543 X85.42 Y113.17 Z50 E33.34
G1 F3547 X83.97 Y110.6 Z50 E33.37
G1 F3547 X82.59 Y107.98 Z50 E33.37
G1 F3544 X81.22 Y105.36 Z50 E33.35
G1 F3547 X79.99 Y102.67 Z50 E33.37
G1 F3545 X78.84 Y99.94 Z50 E33.36
G1 F3547 X77.81 Y97.17 Z50 E33.37
G1 F3545 X76.85 Y94.37 Z50 E33.36
G1 F3547 X76.02 Y91.53 Z50 E33.37
G1 F3544 X75.26 Y88.67 Z50 E33.35
G1 F3547 X74.65 Y85.78 Z50 E33.37
G1 F3545 X74.1 Y82.87 Z50 E33.36
G1 F3544 X73.69 Y79.95 Z50 E33.35
G1 F3530 X73.51 Y76.99 Z50 E33.22
G1 F3396 X73.81 Y74.06 Z50 E31.96
G1 F3448 X75.37 Y71.7 Z50 E32.45
G1 F3532 X77.99 Y70.5 Z50 E33.24
G1 F3544 X80.91 Y70.1 Z50 E33.35
G1 F3547 X83.86 Y70.03 Z50 E33.37
G1 F3547 X86.82 Y70.03 Z50 E33.37
G1 F3547 X89.78 Y70.02 Z50 E33.37
G1 F3547 X92.74 Y70.02 Z50 E33.37
G1 F3547 X95.7 Y70.01 Z50 E33.37
G1 F3547 X98.66 Y70.01 Z50 E33.37
G1 F3547 X101.62 Y70 Z50 E33.37
G1 F3547 X104.57 Y70 Z50 E33.37
G1 F3547 X107.53 Y70 Z50 E33.37
G1 F3547 X110.49 Y69.99 Z50 E33.37
G1 F3547 X113.45 Y69.99 Z50 E33.37
G1 F3547 X116.41 Y69.98 Z50 E33.37
G1 F3547 X119.37 Y69.98 Z50 E33.37
G1 F3547 X122.33 Y69.97 Z50 E33.37
G1 F3547 X125.29 Y69.97 Z50 E33.37
G1 F3547 X128.24 Y69.97 Z50 E33.37
G1 F3546 X131.2 Y69.96 Z50 E33.37
G1 F3547 X134.16 Y69.98 Z50 E33.37
G1 F3547 X137.12 Y70.02 Z50 E33.37
G1 F3543 X140.08 Y70.06 Z50 E33.34
G1 F3519 X143.03 Y70.29 Z50 E33.12
G1 F3378 X145.84 Y71.12 Z50 E31.79
G1 F3476 X147.73 Y73.21 Z50 E32.71
G1 F3539 X148.33 Y76.05 Z50 E33.3
G1 F3545 X148.26 Y79 Z50 E33.36
G1 F3545 X147.93 Y81.94 Z50 E33.36
G1 F3547 X147.4 Y84.85 Z50 E33.37
G1 F3545 X146.82 Y87.75 Z50 E33.36
G1 F3547 X146.09 Y90.62 Z50 E33.37
G1 F3545 X145.3 Y93.47 Z50 E33.36
G1 F3547 X144.36 Y96.27 Z50 E33.37
G1 F3545 X143.37 Y99.06 Z50 E33.36
G1 F3547 X142.25 Y101.8 Z50 E33.37
G1 F3544 X141.07 Y104.51 Z50 E33.35
G1 F3547 X139.73 Y107.15 Z50 E33.37
G1 F3547 X138.33 Y109.75 Z50 E33.37
G1 F3544 X136.93 Y112.36 Z50 E33.35
G1 F3547 X135.39 Y114.88 Z50 E33.37
G1 F3547 X133.79 Y117.37 Z50 E33.37
G1 F3547 X132.19 Y119.86 Z50 E33.37
G1 F3547 X130.6 Y122.35 Z50 E33.37
G1 F3547 X129 Y124.84 Z50 E33.37
G1 F3544 X127.4 Y127.33 Z50 E33.35
G1 F3547 X125.96 Y129.91 Z50 E33.37
G1 F3547 X124.59 Y132.54 Z50 E33.37
G1 F3544 X123.21 Y135.16 Z50 E33.35
G1 F3547 X122 Y137.85 Z50 E33.37
G1 F3545 X120.85 Y140.58 Z50 E33.36
G1 F3547 X119.83 Y143.36 Z50 E33.37
G1 F3545 X118.87 Y146.15 Z50 E33.36
G1 F3547 X118.06 Y149 Z50 E33.37
G1 F3545 X117.3 Y151.86 Z50 E33.36
G1 F3547 X116.69 Y154.75 Z50 E33.37
G1 F3544 X116.14 Y157.66 Z50 E33.36
G1 F3547 X115.74 Y160.59 Z50 E33.37
G1 F3544 X115.41 Y163.53 Z50 E33.35
G1 F3547 X115.23 Y166.48 Z50 E33.37
G1 F3544 X115.12 Y169.44 Z50 E33.35
G1 F3547 X115.16 Y172.39 Z50 E33.37
G1 F3544 X115.27 Y175.35 Z50 E33.35
G1 F3547 X115.54 Y178.29 Z50 E33.37
G1 F3544 X115.87 Y181.24 Z50 E33.35
G1 F3547 X116.34 Y184.15 Z50 E33.37
G1 F3544 X116.89 Y187.06 Z50 E33.36
G1 F3547 X117.58 Y189.94 Z50 E33.37
G1 F3545 X118.34 Y192.8 Z50 E33.36
G1 F3547 X119.23 Y195.62 Z50 E33.37
G1 F3545 X120.19 Y198.42 Z50 E33.36
G1 F3547 X121.27 Y201.17 Z50 E33.37
G1 F3544 X122.42 Y203.89 Z50 E33.35
G1 F3547 X123.72 Y206.55 Z50 E33.37
G1 F3547 X125.1 Y209.17 Z50 E33.37
G1 F3543 X126.47 Y211.79 Z50 E33.35
G1 F3547 X127.99 Y214.32 Z50 E33.37
G1 F3547 X129.59 Y216.81 Z50 E33.37
G1 F3547 X131.19 Y219.3 Z50 E33.37
G1 F3547 X132.79 Y221.79 Z50 E33.37
G1 F3547 X134.38 Y224.28 Z50 E33.37
G1 F3544 X135.98 Y226.77 Z50 E33.35
G1 F3547 X137.45 Y229.34 Z50 E33.37
G1 F3547 X138.85 Y231.95 Z50 E33.37
G1 F3544 X140.25 Y234.55 Z50 E33.35
G1 F3547 X141.51 Y237.23 Z50 E33.37
G1 F3545 X142.69 Y239.94 Z50 E33.36
G1 F3547 X143.74 Y242.71 Z50 E33.37
G1 F3545 X144.73 Y245.49 Z50 E33.36
G1 F3547 X145.59 Y248.32 Z50 E33.37
G1 F3544 X146.38 Y251.17 Z50 E33.35
G1 F3547 X147.04 Y254.06 Z50 E33.37
G1 F3544 X147.62 Y256.96 Z50 E33.35
G1 F3547 X148.06 Y259.88 Z50 E33.37
G1 F3544 X148.43 Y262.82 Z50 E33.35
G1 F3547 X148.65 Y265.77 Z50 E33.37
G1 F3544 X148.8 Y268.72 Z50 E33.35
G1 F3547 X148.81 Y271.68 Z50 E33.37
G1 F3544 X148.73 Y274.64 Z50 E33.35
G1 F3547 X148.52 Y277.58 Z50 E33.37
G1 F3544 X148.23 Y280.53 Z50 E33.35
G1 F3547 X147.79 Y283.45 Z50 E33.37
G1 F3544 X147.28 Y286.37 Z50 E33.35
G1 F3547 X146.64 Y289.25 Z50 E33.37
G1 F3544 X145.92 Y292.12 Z50 E33.36
G1 F3547 X145.07 Y294.96 Z50 E33.37
G1 F3545 X144.14 Y297.77 Z50 E33.36
G1 F3547 X143.1 Y300.53 Z50 E33.37
G1 F3544 X141.98 Y303.27 Z50 E33.35
G1 F3547 X140.72 Y305.95 Z50 E33.37
G1 F3547 X139.38 Y308.58 Z50 E33.37
G1 F3544 X138.03 Y311.22 Z50 E33.35
G1 F3547 X136.56 Y313.78 Z50 E33.37
G1 F3546 X135.02 Y316.31 Z50 E33.37
G1 F3547 X133.43 Y318.8 Z50 E33.37
G1 F3547 X131.81 Y321.28 Z50 E33.37
G1 F3547 X130.19 Y323.76 Z50 E33.37
G1 F3544 X128.57 Y326.23 Z50 E33.35
G1 F3547 X127.07 Y328.78 Z50 E33.37
G1 F3547 X125.64 Y331.37 Z50 E33.37
G1 F3544 X124.21 Y333.96 Z50 E33.35
G1 F3547 X122.92 Y336.62 Z50 E33.37
G1 F3545 X121.7 Y339.32 Z50 E33.36
G1 F3547 X120.61 Y342.06 Z50 E33.37
G1 F3544 X119.58 Y344.84 Z50 E33.36
G1 F3547 X118.68 Y347.66 Z50 E33.37
G1 F3544 X117.86 Y350.5 Z50 E33.35
G1 F3547 X117.16 Y353.37 Z50 E33.37
G1 F3544 X116.54 Y356.26 Z50 E33.35
G1 F3547 X116.05 Y359.18 Z50 E33.37
G1 F3544 X115.65 Y362.11 Z50 E33.35
G1 F3547 X115.38 Y365.06 Z50 E33.37
G1 F3544 X115.19 Y368.01 Z50 E33.35
G1 F3547 X115.14 Y370.97 Z50 E33.37
G1 F3544 X115.17 Y373.92 Z50 E33.35
G1 F3547 X115.34 Y376.88 Z50 E33.38
G1 F3544 X115.6 Y379.82 Z50 E33.35
G1 F3547 X115.99 Y382.75 Z50 E33.37
G1 F3544 X116.46 Y385.68 Z50 E33.35
G1 F3547 X117.06 Y388.57 Z50 E33.37
G1 F3544 X117.74 Y391.45 Z50 E33.35
G1 F3547 X118.55 Y394.29 Z50 E33.37
G1 F3544 X119.44 Y397.12 Z50 E33.36
G1 F3547 X120.45 Y399.9 Z50 E33.37
G1 F3544 X121.53 Y402.65 Z50 E33.35
G1 F3547 X122.76 Y405.34 Z50 E33.37
G1 F3547 X124.07 Y407.99 Z50 E33.37
G1 F3544 X125.38 Y410.64 Z50 E33.35
G1 F3547 X126.82 Y413.23 Z50 E33.37
G1 F3546 X128.34 Y415.77 Z50 E33.37
G1 F3547 X129.91 Y418.27 Z50 E33.37
G1 F3547 X131.52 Y420.75 Z50 E33.37
G1 F3547 X133.13 Y423.24 Z50 E33.37
G1 F3547 X134.73 Y425.72 Z50 E33.37
G1 F3543 X136.34 Y428.21 Z50 E33.34
G1 F3547 X137.81 Y430.77 Z50 E33.37
G1 F3547 X139.18 Y433.39 Z50 E33.37
G1 F3544 X140.56 Y436.01 Z50 E33.35
G1 F3547 X141.8 Y438.69 Z50 E33.37
G1 F3544 X142.95 Y441.42 Z50 E33.36
G1 F3547 X143.99 Y444.19 Z50 E33.37
G1 F3544 X144.95 Y446.99 Z50 E33.35
G1 F3547 X145.79 Y449.82 Z50 E33.37
G1 F3544 X146.55 Y452.68 Z50 E33.35
G1 F3547 X147.18 Y455.57 Z50 E33.37
G1 F3544 X147.73 Y458.48 Z50 E33.36
G1 F3543 X148.15 Y461.4 Z50 E33.35
G1 F3529 X148.35 Y464.35 Z50 E33.21
G1 F3384 X148.09 Y467.29 Z50 E31.85
G1 F3439 X146.63 Y469.71 Z50 E32.36
G1 F3531 X144.07 Y470.99 Z50 E33.23
G1 F3544 X141.16 Y471.43 Z50 E33.35
G1 F3547 X138.2 Y471.52 Z50 E33.37
G1 F3547 X135.24 Y471.53 Z50 E33.37
G1 F3547 X132.28 Y471.54 Z50 E33.37
G1 F3547 X129.32 Y471.55 Z50 E33.37
G1 F3547 X126.36 Y471.56 Z50 E33.37
G1 F3547 X123.41 Y471.57 Z50 E33.37
G1 F3518 X120.45 Y471.58 Z50 E33.1
G1 F3540 X117.54 Y471.59 Z50.41 E33.31
G1 F3531 X114.89 Y471.59 Z51.71 E33.23
G1 F3547 X111.96 Y471.58 Z52 E33.37
G1 F3547 X109 Y471.57 Z52 E33.37
G1 F3547 X106.04 Y471.56 Z52 E33.37
G1 F3547 X103.08 Y471.55 Z52 E33.37
G1 F3547 X100.12 Y471.54 Z52 E33.37
G1 F3547 X97.17 Y471.53 Z52 E33.37
G1 F3547 X94.21 Y471.52 Z52 E33.37
G1 F3547 X91.25 Y471.51 Z52 E33.37
G1 F3547 X88.29 Y471.51 Z52 E33.37
G1 F3547 X85.33 Y471.5 Z52 E33.37
G1 F3545 X82.37 Y471.49 Z52 E33.36
G1 F3538 X79.43 Y471.22 Z52 E33.29
G1 F3492 X76.62 Y470.3 Z52 E32.86
G1 F3525 X74.85 Y467.99 Z52 E33.17
G1 F3544 X74.44 Y465.08 Z52 E33.35
G1 F3546 X74.57 Y462.12 Z52 E33.37
G1 F3546 X74.92 Y459.18 Z52 E33.37
G1 F3547 X75.47 Y456.28 Z52 E33.37
G1 F3546 X76.02 Y453.37 Z52 E33.37
G1 F3547 X76.77 Y450.51 Z52 E33.37
G1 F3546 X77.53 Y447.65 Z52 E33.37
G1 F3547 X78.48 Y444.85 Z52 E33.37
G1 F3546 X79.44 Y442.05 Z52 E33.37
G1 F3547 X80.62 Y439.33 Z52 E33.37
G1 F3547 X81.81 Y436.63 Z52 E33.37
G1 F3546 X83 Y433.92 Z52 E33.37
G1 F3547 X84.43 Y431.33 Z52 E33.37
G1 F3547 X85.88 Y428.75 Z52 E33.37
G1 F3546 X87.32 Y426.16 Z52 E33.37
G1 F3547 X88.89 Y423.65 Z52 E33.37
G1 F3547 X90.46 Y421.15 Z52 E33.37
G1 F3547 X92.03 Y418.64 Z52 E33.37
G1 F3547 X93.61 Y416.14 Z52 E33.37
G1 F3546 X95.18 Y413.63 Z52 E33.37
G1 F3547 X96.54 Y411 Z52 E33.37
G1 F3547 X97.88 Y408.36 Z52 E33.37
G1 F3546 X99.22 Y405.73 Z52 E33.37
G1 F3547 X100.35 Y403 Z52 E33.37
G1 F3546 X101.48 Y400.26 Z52 E33.37
G1 F3547 X102.42 Y397.45 Z52 E33.37
G1 F3546 X103.35 Y394.65 Z52 E33.37
G1 F3547 X104.1 Y391.78 Z52 E33.37
G1 F3546 X104.83 Y388.92 Z52 E33.37
G1 F3547 X105.37 Y386.01 Z52 E33.37
G1 F3546 X105.9 Y383.1 Z52 E33.37
G1 F3547 X106.23 Y380.16 Z52 E33.37
G1 F3546 X106.56 Y377.22 Z52 E33.37
G1 F3547 X106.67 Y374.26 Z52 E33.37
G1 F3546 X106.78 Y371.3 Z52 E33.37
G1 F3547 X106.68 Y368.35 Z52 E33.37
G1 F3546 X106.57 Y365.39 Z52 E33.37
G1 F3547 X106.26 Y362.45 Z52 E33.37
G1 F3546 X105.94 Y359.51 Z52 E33.37
G1 F3547 X105.42 Y356.59 Z52 E33.37
G1 F3546 X104.89 Y353.68 Z52 E33.37
G1 F3547 X104.16 Y350.82 Z52 E33.37
G1 F3546 X103.42 Y347.95 Z52 E33.37
G1 F3547 X102.5 Y345.14 Z52 E33.37
G1 F3546 X101.56 Y342.33 Z52 E33.37
G1 F3547 X100.4 Y339.61 Z52 E33.37
G1 F3547 X99.24 Y336.89 Z52 E33.37
G1 F3546 X98.07 Y334.17 Z52 E33.37
G1 F3547 X96.66 Y331.58 Z52 E33.37
G1 F3547 X95.23 Y328.98 Z52 E33.37
G1 F3546 X93.8 Y326.39 Z52 E33.37
G1 F3547 X92.23 Y323.88 Z52 E33.37
G1 F3547 X90.66 Y321.38 Z52 E33.37
G1 F3547 X89.08 Y318.88 Z52 E33.37
G1 F3547 X87.5 Y316.37 Z52 E33.37
G1 F3546 X85.93 Y313.87 Z52 E33.37
G1 F3547 X84.55 Y311.25 Z52 E33.37
G1 F3547 X83.19 Y308.62 Z52 E33.37
G1 F3546 X81.83 Y306 Z52 E33.37
G1 F3547 X80.72 Y303.25 Z52 E33.37
G1 F3547 X79.62 Y300.51 Z52 E33.37
G1 F3546 X78.52 Y297.76 Z52 E33.37
G1 F3547 X77.65 Y294.93 Z52 E33.37
G1 F3546 X76.79 Y292.1 Z52 E33.37
G1 F3547 X76.12 Y289.22 Z52 E33.37
G1 F3546 X75.46 Y286.33 Z52 E33.37
G1 F3547 X75 Y283.41 Z52 E33.37
G1 F3546 X74.55 Y280.49 Z52 E33.37
G1 F3547 X74.3 Y277.54 Z52 E33.37
G1 F3546 X74.06 Y274.59 Z52 E33.37
G1 F3547 X74.02 Y271.63 Z52 E33.37
G1 F3546 X74 Y268.67 Z52 E33.37
G1 F3547 X74.18 Y265.72 Z52 E33.37
G1 F3546 X74.36 Y262.77 Z52 E33.37
G1 F3547 X74.76 Y259.84 Z52 E33.37
G1 F3546 X75.15 Y256.9 Z52 E33.37
G1 F3547 X75.76 Y254.01 Z52 E33.37
G1 F3546 X76.36 Y251.11 Z52 E33.37
G1 F3547 X77.17 Y248.26 Z52 E33.37
G1 F3546 X77.98 Y245.42 Z52 E33.37
G1 F3547 X78.97 Y242.63 Z52 E33.37
G1 F3546 X79.98 Y239.85 Z52 E33.37
G1 F3547 X81.2 Y237.16 Z52 E33.37
G1 F3547 X82.44 Y234.47 Z52 E33.37
G1 F3546 X83.67 Y231.78 Z52 E33.37
G1 F3547 X85.14 Y229.21 Z52 E33.37
G1 F3547 X86.62 Y226.65 Z52 E33.37
G1 F3546 X88.11 Y224.09 Z52 E33.37
G1 F3547 X89.69 Y221.59 Z52 E33.37
G1 F3547 X91.27 Y219.09 Z52 E33.37
G1 F3547 X92.86 Y216.59 Z52 E33.37
G1 F3546 X94.44 Y214.09 Z52 E33.37
G1 F3547 X95.83 Y211.48 Z52 E33.37
G1 F3547 X97.22 Y208.87 Z52 E33.37
G1 F3546 X98.6 Y206.25 Z52 E33.37
G1 F3547 X99.73 Y203.52 Z52 E33.37
G1 F3547 X100.86 Y200.78 Z52 E33.37
G1 F3546 X101.98 Y198.05 Z52 E33.37
G1 F3547 X102.87 Y195.23 Z52 E33.37
G1 F3546 X103.76 Y192.4 Z52 E33.37
G1 F3547 X104.45 Y189.53 Z52 E33.37
G1 F3546 X105.14 Y186.65 Z52 E33.37
G1 F3547 X105.62 Y183.73 Z52 E33.37
G1 F3546 X106.1 Y180.81 Z52 E33.37
G1 F3547 X106.38 Y177.86 Z52 E33.37
G1 F3546 X106.65 Y174.92 Z52 E33.37
G1 F3547 X106.71 Y171.96 Z52 E33.37
G1 F3546 X106.77 Y169 Z52 E33.37
G1 F3547 X106.61 Y166.05 Z52 E33.37
G1 F3546 X106.45 Y163.09 Z52 E33.37
G1 F3547 X106.09 Y160.16 Z52 E33.37
G1 F3546 X105.72 Y157.22 Z52 E33.37
G1 F3547 X105.14 Y154.32 Z52 E33.37
G1 F3546 X104.56 Y151.42 Z52 E33.37
G1 F3547 X103.78 Y148.56 Z52 E33.37
G1 F3546 X103 Y145.71 Z52 E33.37
G1 F3547 X102.02 Y142.92 Z52 E33.37
G1 F3546 X101.04 Y140.13 Z52 E33.37
G1 F3547 X99.84 Y137.43 Z52 E33.37
G1 F3547 X98.62 Y134.73 Z52 E33.37
G1 F3546 X97.41 Y132.03 Z52 E33.37
G1 F3547 X95.96 Y129.45 Z52 E33.37
G1 F3547 X94.49 Y126.88 Z52 E33.37
G1 F3546 X93.03 Y124.31 Z52 E33.37
G1 F3547 X91.44 Y121.81 Z52 E33.37
G1 F3547 X89.85 Y119.32 Z52 E33.37
G1 F3547 X88.26 Y116.82 Z52 E33.37
G1 F3546 X86.67 Y114.33 Z52 E33.37
G1 F3547 X85.26 Y111.73 Z52 E33.37
G1 F3547 X83.86 Y109.12 Z52 E33.37
G1 F3546 X82.45 Y106.52 Z52 E33.37
G1 F3547 X81.3 Y103.79 Z52 E33.37
G1 F3547 X80.15 Y101.07 Z52 E33.37
G1 F3546 X79.01 Y98.34 Z52 E33.37
G1 F3547 X78.09 Y95.52 Z52 E33.37
G1 F3546 X77.18 Y92.71 Z52 E33.37
G1 F3547 X76.46 Y89.84 Z52 E33.37
G1 F3546 X75.75 Y86.97 Z52 E33.37
G1 F3547 X75.25 Y84.05 Z52 E33.37
G1 F3546 X74.75 Y81.13 Z52 E33.37
G1 F3546 X74.47 Y78.19 Z52 E33.37
G1 F3544 X74.49 Y75.23 Z52 E33.35
G1 F3540 X75.36 Y72.4 Z52 E33.31
G1 F3546 X77.8 Y70.74 Z52 E33.36
G1 F3546 X80.71 Y70.17 Z52 E33.37
G1 F3547 X83.66 Y70.01 Z52 E33.37
G1 F3547 X86.62 Y70.01 Z52 E33.37
G1 F3547 X89.58 Y70.01 Z52 E33.37
G1 F3547 X92.54 Y70 Z52 E33.37
G1 F3547 X95.5 Y70 Z52 E33.37
G1 F3547 X98.45 Y70 Z52 E33.37
G1 F3547 X101.41 Y69.99 Z52 E33.37
G1 F3547 X104.37 Y69.99 Z52 E33.37
G1 F3547 X107.33 Y69.99 Z52 E33.37
G1 F3547 X110.29 Y69.98 Z52 E33.37
G1 F3547 X113.25 Y69.98 Z52 E33.37
G1 F3547 X116.21 Y69.98 Z52 E33.37
G1 F3547 X119.17 Y69.97 Z52 E33.37
G1 F3547 X122.12 Y69.97 Z52 E33.37
G1 F3547 X125.08 Y69.97 Z52 E33.37
G1 F3547 X128.04 Y69.96 Z52 E33.37
G1 F3547 X131 Y69.96 Z52 E33.37
G1 F3547 X133.96 Y69.99 Z52 E33.37
G1 F3546 X136.92 Y70.03 Z52 E33.37
G1 F3543 X139.88 Y70.07 Z52 E33.35
G1 F3519 X142.82 Y70.38 Z52 E33.11
G1 F3518 X145.56 Y71.43 Z52 E33.11
G1 F3543 X147.13 Y73.91 Z52 E33.34
G1 F3546 X147.43 Y76.85 Z52 E33.37
G1 F3546 X147.26 Y79.8 Z52 E33.37
G1 F3547 X146.88 Y82.74 Z52 E33.37
G1 F3546 X146.33 Y85.64 Z52 E33.37
G1 F3547 X145.76 Y88.55 Z52 E33.37
G1 F3546 X145 Y91.4 Z52 E33.37
G1 F3547 X144.22 Y94.26 Z52 E33.37
G1 F3546 X143.26 Y97.06 Z52 E33.37
G1 F3547 X142.28 Y99.85 Z52 E33.37
G1 F3547 X141.09 Y102.56 Z52 E33.37
G1 F3545 X139.9 Y105.27 Z52 E33.36
G1 F3547 X138.69 Y107.97 Z52 E33.37
G1 F3547 X137.25 Y110.55 Z52 E33.37
G1 F3546 X135.8 Y113.13 Z52 E33.37
G1 F3547 X134.35 Y115.71 Z52 E33.37
G1 F3547 X132.78 Y118.21 Z52 E33.37
G1 F3547 X131.2 Y120.72 Z52 E33.37
G1 F3547 X129.63 Y123.22 Z52 E33.37
G1 F3545 X128.06 Y125.73 Z52 E33.36
G1 F3547 X126.5 Y128.25 Z52 E33.37
G1 F3547 X125.16 Y130.88 Z52 E33.37
G1 F3546 X123.82 Y133.52 Z52 E33.37
G1 F3547 X122.49 Y136.16 Z52 E33.37
G1 F3546 X121.37 Y138.9 Z52 E33.37
G1 F3547 X120.26 Y141.65 Z52 E33.37
G1 F3546 X119.33 Y144.45 Z52 E33.37
G1 F3547 X118.41 Y147.27 Z52 E33.37
G1 F3546 X117.68 Y150.13 Z52 E33.37
G1 F3547 X116.96 Y153 Z52 E33.37
G1 F3546 X116.43 Y155.91 Z52 E33.37
G1 F3547 X115.91 Y158.82 Z52 E33.37
G1 F3546 X115.59 Y161.77 Z52 E33.37
G1 F3547 X115.29 Y164.71 Z52 E33.37
G1 F3546 X115.18 Y167.67 Z52 E33.37
G1 F3547 X115.09 Y170.62 Z52 E33.37
G1 F3546 X115.2 Y173.58 Z52 E33.37
G1 F3547 X115.33 Y176.53 Z52 E33.37
G1 F3546 X115.65 Y179.48 Z52 E33.37
G1 F3547 X115.99 Y182.41 Z52 E33.37
G1 F3546 X116.52 Y185.32 Z52 E33.37
G1 F3547 X117.07 Y188.23 Z52 E33.37
G1 F3546 X117.8 Y191.1 Z52 E33.37
G1 F3547 X118.56 Y193.96 Z52 E33.37
G1 F3546 X119.49 Y196.76 Z52 E33.36
G1 F3547 X120.45 Y199.56 Z52 E33.37
G1 F3547 X121.61 Y202.28 Z52 E33.37
G1 F3545 X122.78 Y205 Z52 E33.36
G1 F3547 X123.97 Y207.71 Z52 E33.37
G1 F3547 X125.4 Y210.3 Z52 E33.37
G1 F3546 X126.82 Y212.9 Z52 E33.37
G1 F3547 X128.26 Y215.48 Z52 E33.37
G1 F3547 X129.84 Y217.98 Z52 E33.37
G1 F3547 X131.41 Y220.49 Z52 E33.37
G1 F3547 X132.99 Y222.99 Z52 E33.37
G1 F3546 X134.57 Y225.49 Z52 E33.37
G1 F3547 X136.12 Y228.01 Z52 E33.37
G1 F3547 X137.49 Y230.63 Z52 E33.37
G1 F3545 X138.85 Y233.26 Z52 E33.36
G1 F3547 X140.19 Y235.9 Z52 E33.37
G1 F3547 X141.29 Y238.64 Z52 E33.37
G1 F3545 X142.39 Y241.39 Z52 E33.36
G1 F3547 X143.47 Y244.15 Z52 E33.37
G1 F3546 X144.33 Y246.98 Z52 E33.37
G1 F3547 X145.17 Y249.81 Z52 E33.37
G1 F3546 X145.83 Y252.7 Z52 E33.37
G1 F3547 X146.47 Y255.59 Z52 E33.37
G1 F3546 X146.92 Y258.51 Z52 E33.37
G1 F3547 X147.36 Y261.44 Z52 E33.37
G1 F3546 X147.6 Y264.38 Z52 E33.37
G1 F3547 X147.82 Y267.33 Z52 E33.37
G1 F3546 X147.85 Y270.29 Z52 E33.37
G1 F3547 X147.85 Y273.25 Z52 E33.37
G1 F3546 X147.67 Y276.2 Z52 E33.37
G1 F3547 X147.46 Y279.15 Z52 E33.37
G1 F3546 X147.06 Y282.09 Z52 E33.37
G1 F3547 X146.64 Y285.01 Z52 E33.37
G1 F3546 X146.03 Y287.91 Z52 E33.37
G1 F3547 X145.41 Y290.8 Z52 E33.37
G1 F3546 X144.6 Y293.65 Z52 E33.37
G1 F3547 X143.77 Y296.49 Z52 E33.37
G1 F3545 X142.76 Y299.27 Z52 E33.36
G1 F3547 X141.74 Y302.04 Z52 E33.37
G1 F3547 X140.5 Y304.73 Z52 E33.37
G1 F3545 X139.27 Y307.42 Z52 E33.36
G1 F3547 X138.01 Y310.1 Z52 E33.37
G1 F3547 X136.53 Y312.66 Z52 E33.37
G1 F3546 X135.05 Y315.22 Z52 E33.37
G1 F3547 X133.56 Y317.78 Z52 E33.37
G1 F3547 X131.98 Y320.28 Z52 E33.37
G1 F3547 X130.39 Y322.77 Z52 E33.37
G1 F3546 X128.81 Y325.27 Z52 E33.37
G1 F3547 X127.24 Y327.78 Z52 E33.37
G1 F3547 X125.86 Y330.4 Z52 E33.37
G1 F3545 X124.47 Y333.01 Z52 E33.36
G1 F3547 X123.11 Y335.64 Z52 E33.37
G1 F3547 X121.99 Y338.38 Z52 E33.37
G1 F3545 X120.87 Y341.11 Z52 E33.36
G1 F3547 X119.77 Y343.86 Z52 E33.37
G1 F3546 X118.88 Y346.68 Z52 E33.37
G1 F3547 X118.02 Y349.51 Z52 E33.37
G1 F3546 X117.33 Y352.39 Z52 E33.37
G1 F3547 X116.66 Y355.27 Z52 E33.37
G1 F3546 X116.18 Y358.19 Z52 E33.37
G1 F3547 X115.72 Y361.11 Z52 E33.37
G1 F3546 X115.45 Y364.06 Z52 E33.37
G1 F3547 X115.21 Y367.01 Z52 E33.37
G1 F3546 X115.15 Y369.96 Z52 E33.37
G1 F3547 X115.12 Y372.92 Z52 E33.37
G1 F3546 X115.28 Y375.88 Z52 E33.37
G1 F3547 X115.46 Y378.83 Z52 E33.37
G1 F3546 X115.83 Y381.76 Z52 E33.37
G1 F3547 X116.22 Y384.7 Z52 E33.37
G1 F3546 X116.8 Y387.6 Z52 E33.37
G1 F3547 X117.4 Y390.49 Z52 E33.37
G1 F3546 X118.19 Y393.35 Z52 E33.37
G1 F3547 X118.99 Y396.19 Z52 E33.37
G1 F3545 X119.97 Y398.99 Z52 E33.36
G1 F3547 X120.98 Y401.77 Z52 E33.37
G1 F3547 X122.19 Y404.47 Z52 E33.37
G1 F3545 X123.4 Y407.17 Z52 E33.36
G1 F3547 X124.64 Y409.85 Z52 E33.37
G1 F3547 X126.1 Y412.42 Z52 E33.37
G1 F3546 X127.56 Y415 Z52 E33.37
G1 F3547 X129.04 Y417.56 Z52 E33.37
G1 F3547 X130.63 Y420.05 Z52 E33.37
G1 F3547 X132.22 Y422.55 Z52 E33.37
G1 F3546 X133.81 Y425.04 Z52 E33.37
G1 F3547 X135.38 Y427.55 Z52 E33.37
G1 F3547 X136.79 Y430.15 Z52 E33.37
G1 F3545 X138.19 Y432.76 Z52 E33.36
G1 F3547 X139.57 Y435.37 Z52 E33.37
G1 F3547 X140.72 Y438.1 Z52 E33.37
G1 F3545 X141.86 Y440.83 Z52 E33.36
G1 F3547 X142.98 Y443.57 Z52 E33.37
G1 F3546 X143.89 Y446.38 Z52 E33.37
G1 F3547 X144.78 Y449.2 Z52 E33.37
G1 F3546 X145.49 Y452.08 Z52 E33.37
G1 F3547 X146.18 Y454.95 Z52 E33.37
G1 F3546 X146.68 Y457.87 Z52 E33.37
G1 F3545 X147.15 Y460.79 Z52 E33.36
G1 F3531 X147.4 Y463.74 Z52 E33.23
G1 F3461 X147.27 Y466.68 Z52 E32.57
G1 F3509 X146.19 Y469.36 Z52 E33.02
G1 F3542 X143.69 Y470.88 Z52 E33.33
G1 F3546 X140.78 Y471.39 Z52 E33.37
G1 F3547 X137.82 Y471.53 Z52 E33.37
G1 F3547 X134.87 Y471.54 Z52 E33.37
G1 F3547 X131.91 Y471.55 Z52 E33.37
G1 F3547 X128.95 Y471.56 Z52 E33.37
G1 F3547 X125.99 Y471.57 Z52 E33.37
G1 F3547 X123.03 Y471.57 Z52 E33.37
G1 F3504 X120.07 Y471.58 Z52 E32.98
G1 F3526 X117.21 Y471.59 Z52.58 E33.18
G1 F3532 X114.52 Y471.58 Z53.78 E33.24
G1 F3547 X111.58 Y471.58 Z54 E33.37
G1 F3547 X108.63 Y471.57 Z54 E33.37
G1 F3547 X105.67 Y471.56 Z54 E33.37
G1 F3547 X102.71 Y471.55 Z54 E33.37
G1 F3547 X99.75 Y471.54 Z54 E33.37
G1 F3547 X96.79 Y471.54 Z54 E33.37
G1 F3547 X93.83 Y471.53 Z54 E33.37
G1 F3547 X90.87 Y471.52 Z54 E33.37
G1 F3547 X87.91 Y471.51 Z54 E33.37
G1 F3543 X84.96 Y471.5 Z54 E33.34
G1 F3526 X82 Y471.37 Z54 E33.18
G1 F3397 X79.11 Y470.82 Z54 E31.97
G1 F3420 X76.74 Y469.27 Z54 E32.18
G1 F3532 X75.6 Y466.66 Z54 E33.24
G1 F3544 X75.44 Y463.71 Z54 E33.35
G1 F3545 X75.67 Y460.77 Z54 E33.36
G1 F3547 X76.1 Y457.84 Z54 E33.37
G1 F3544 X76.63 Y454.93 Z54 E33.35
G1 F3547 X77.26 Y452.04 Z54 E33.37
G1 F3543 X77.99 Y449.17 Z54 E33.34
G1 F3547 X78.85 Y446.34 Z54 E33.37
G1 F3547 X79.82 Y443.55 Z54 E33.37
G1 F3542 X80.79 Y440.75 Z54 E33.33
G1 F3547 X81.9 Y438.01 Z54 E33.37
G1 F3547 X83.14 Y435.33 Z54 E33.37
G1 F3544 X84.38 Y432.64 Z54 E33.35
G1 F3547 X85.73 Y430.01 Z54 E33.37
G1 F3546 X87.17 Y427.43 Z54 E33.37
G1 F3547 X88.67 Y424.88 Z54 E33.37
G1 F3547 X90.21 Y422.35 Z54 E33.37
G1 F3547 X91.75 Y419.82 Z54 E33.37
G1 F3547 X93.29 Y417.3 Z54 E33.37
G1 F3543 X94.83 Y414.77 Z54 E33.34
G1 F3547 X96.25 Y412.18 Z54 E33.37
G1 F3547 X97.56 Y409.53 Z54 E33.37
G1 F3542 X98.88 Y406.88 Z54 E33.34
G1 F3547 X100.05 Y404.16 Z54 E33.37
G1 F3547 X101.1 Y401.4 Z54 E33.37
G1 F3543 X102.15 Y398.63 Z54 E33.35
G1 F3547 X103.07 Y395.82 Z54 E33.37
G1 F3544 X103.88 Y392.98 Z54 E33.36
G1 F3547 X104.59 Y390.11 Z54 E33.37
G1 F3544 X105.21 Y387.21 Z54 E33.35
G1 F3547 X105.72 Y384.3 Z54 E33.37
G1 F3544 X106.13 Y381.37 Z54 E33.35
G1 F3547 X106.43 Y378.43 Z54 E33.37
G1 F3544 X106.64 Y375.48 Z54 E33.35
G1 F3547 X106.74 Y372.52 Z54 E33.37
G1 F3544 X106.74 Y369.56 Z54 E33.35
G1 F3547 X106.62 Y366.61 Z54 E33.37
G1 F3544 X106.41 Y363.66 Z54 E33.35
G1 F3547 X106.09 Y360.72 Z54 E33.37
G1 F3544 X105.68 Y357.79 Z54 E33.35
G1 F3547 X105.15 Y354.88 Z54 E33.37
G1 F3544 X104.53 Y351.99 Z54 E33.36
G1 F3547 X103.81 Y349.12 Z54 E33.37
G1 F3543 X103 Y346.27 Z54 E33.35
G1 F3547 X102.05 Y343.47 Z54 E33.37
G1 F3547 X101 Y340.71 Z54 E33.37
G1 F3542 X99.95 Y337.94 Z54 E33.34
G1 F3547 X98.76 Y335.24 Z54 E33.37
G1 F3547 X97.44 Y332.59 Z54 E33.37
G1 F3543 X96.13 Y329.93 Z54 E33.35
G1 F3547 X94.7 Y327.35 Z54 E33.37
G1 F3547 X93.16 Y324.82 Z54 E33.37
G1 F3547 X91.63 Y322.29 Z54 E33.37
G1 F3547 X90.1 Y319.75 Z54 E33.37
G1 F3547 X88.57 Y317.22 Z54 E33.37
G1 F3544 X87.04 Y314.69 Z54 E33.35
G1 F3547 X85.63 Y312.09 Z54 E33.37
G1 F3547 X84.3 Y309.45 Z54 E33.37
G1 F3542 X82.98 Y306.8 Z54 E33.34
G1 F3547 X81.8 Y304.09 Z54 E33.37
G1 F3547 X80.74 Y301.33 Z54 E33.37
G1 F3543 X79.67 Y298.57 Z54 E33.35
G1 F3547 X78.75 Y295.76 Z54 E33.37
G1 F3545 X77.92 Y292.92 Z54 E33.36
G1 F3547 X77.2 Y290.05 Z54 E33.37
G1 F3544 X76.57 Y287.16 Z54 E33.35
G1 F3547 X76.05 Y284.25 Z54 E33.37
G1 F3544 X75.62 Y281.32 Z54 E33.35
G1 F3547 X75.31 Y278.38 Z54 E33.37
G1 F3544 X75.09 Y275.43 Z54 E33.35
G1 F3547 X74.98 Y272.48 Z54 E33.37
G1 F3544 X74.97 Y269.52 Z54 E33.35
G1 F3547 X75.07 Y266.56 Z54 E33.37
G1 F3544 X75.26 Y263.61 Z54 E33.35
G1 F3547 X75.58 Y260.67 Z54 E33.37
G1 F3544 X75.97 Y257.74 Z54 E33.36
G1 F3547 X76.49 Y254.83 Z54 E33.37
G1 F3545 X77.09 Y251.93 Z54 E33.36
G1 F3547 X77.81 Y249.06 Z54 E33.37
G1 F3544 X78.61 Y246.21 Z54 E33.35
G1 F3547 X79.54 Y243.41 Z54 E33.37
G1 F3547 X80.58 Y240.64 Z54 E33.37
G1 F3542 X81.61 Y237.86 Z54 E33.34
G1 F3547 X82.8 Y235.16 Z54 E33.37
G1 F3547 X84.1 Y232.5 Z54 E33.37
G1 F3543 X85.4 Y229.84 Z54 E33.34
G1 F3547 X86.84 Y227.26 Z54 E33.37
G1 F3547 X88.37 Y224.73 Z54 E33.37
G1 F3547 X89.9 Y222.2 Z54 E33.37
G1 F3547 X91.43 Y219.66 Z54 E33.37
G1 F3547 X92.96 Y217.13 Z54 E33.37
G1 F3544 X94.49 Y214.6 Z54 E33.35
G1 F3547 X95.9 Y212 Z54 E33.37
G1 F3547 X97.24 Y209.36 Z54 E33.37
G1 F3543 X98.58 Y206.72 Z54 E33.34
G1 F3547 X99.76 Y204.01 Z54 E33.37
G1 F3547 X100.84 Y201.26 Z54 E33.37
G1 F3544 X101.92 Y198.5 Z54 E33.35
G1 F3547 X102.85 Y195.7 Z54 E33.37
G1 F3545 X103.69 Y192.86 Z54 E33.36
G1 F3547 X104.42 Y190 Z54 E33.37
G1 F3545 X105.07 Y187.11 Z54 E33.36
G1 F3547 X105.59 Y184.2 Z54 E33.37
G1 F3544 X106.04 Y181.27 Z54 E33.36
G1 F3547 X106.36 Y178.34 Z54 E33.37
G1 F3544 X106.6 Y175.39 Z54 E33.36
G1 F3547 X106.71 Y172.43 Z54 E33.37
G1 F3544 X106.75 Y169.47 Z54 E33.36
G1 F3547 X106.65 Y166.52 Z54 E33.37
G1 F3544 X106.48 Y163.56 Z54 E33.36
G1 F3547 X106.17 Y160.62 Z54 E33.37
G1 F3545 X105.79 Y157.69 Z54 E33.36
G1 F3547 X105.28 Y154.78 Z54 E33.37
G1 F3545 X104.7 Y151.87 Z54 E33.36
G1 F3547 X103.99 Y149 Z54 E33.37
G1 F3544 X103.21 Y146.15 Z54 E33.35
G1 F3547 X102.28 Y143.34 Z54 E33.37
G1 F3547 X101.26 Y140.57 Z54 E33.37
G1 F3543 X100.24 Y137.79 Z54 E33.34
G1 F3547 X99.05 Y135.08 Z54 E33.37
G1 F3547 X97.77 Y132.42 Z54 E33.37
G1 F3544 X96.48 Y129.75 Z54 E33.35
G1 F3547 X95.07 Y127.16 Z54 E33.37
G1 F3546 X93.58 Y124.6 Z54 E33.37
G1 F3547 X92.06 Y122.06 Z54 E33.37
G1 F3547 X90.5 Y119.54 Z54 E33.37
G1 F3547 X88.95 Y117.03 Z54 E33.37
G1 F3544 X87.4 Y114.51 Z54 E33.35
G1 F3547 X85.98 Y111.92 Z54 E33.37
G1 F3547 X84.62 Y109.28 Z54 E33.37
G1 F3543 X83.27 Y106.65 Z54 E33.34
G1 F3547 X82.09 Y103.94 Z54 E33.37
G1 F3547 X80.99 Y101.19 Z54 E33.37
G1 F3544 X79.9 Y98.45 Z54 E33.35
G1 F3547 X78.96 Y95.64 Z54 E33.37
G1 F3545 X78.1 Y92.81 Z54 E33.36
G1 F3547 X77.37 Y89.95 Z54 E33.37
G1 F3544 X76.71 Y87.06 Z54 E33.35
G1 F3547 X76.18 Y84.15 Z54 E33.37
G1 F3544 X75.73 Y81.23 Z54 E33.35
G1 F3540 X75.44 Y78.29 Z54 E33.31
G1 F3481 X75.47 Y75.33 Z54 E32.76
G1 F3384 X76.4 Y72.58 Z54 E31.84
G1 F3511 X78.65 Y70.88 Z54 E33.04
G1 F3543 X81.51 Y70.22 Z54 E33.34
G1 F3546 X84.46 Y70.02 Z54 E33.37
G1 F3547 X87.42 Y69.99 Z54 E33.37
G1 F3547 X90.37 Y70 Z54 E33.37
G1 F3547 X93.33 Y70 Z54 E33.37
G1 F3547 X96.29 Y70 Z54 E33.37
G1 F3547 X99.25 Y70.01 Z54 E33.37
G1 F3547 X102.21 Y70.01 Z54 E33.37
G1 F3547 X105.17 Y70.01 Z54 E33.37
G1 F3547 X108.13 Y70.02 Z54 E33.37
G1 F3547 X111.08 Y70.02 Z54 E33.37
G1 F3547 X114.04 Y70.02 Z54 E33.37
G1 F3547 X117 Y70.03 Z54 E33.37
G1 F3547 X119.96 Y70.03 Z54 E33.37
G1 F3547 X122.92 Y70.03 Z54 E33.37
G1 F3547 X125.88 Y70.03 Z54 E33.37
G1 F3547 X128.84 Y70.04 Z54 E33.37
G1 F3547 X131.8 Y70.04 Z54 E33.37
G1 F3547 X134.75 Y70.04 Z54 E33.37
G1 F3544 X137.71 Y70.05 Z54 E33.35
G1 F3530 X140.66 Y70.24 Z54 E33.22
G1 F3432 X143.52 Y70.96 Z54 E32.3
G1 F3458 X145.63 Y72.9 Z54 E32.54
G1 F3537 X146.38 Y75.68 Z54 E33.28
G1 F3545 X146.39 Y78.63 Z54 E33.36
G1 F3545 X146.11 Y81.58 Z54 E33.36
G1 F3547 X145.62 Y84.49 Z54 E33.37
G1 F3545 X145.1 Y87.4 Z54 E33.36
G1 F3547 X144.41 Y90.28 Z54 E33.37
G1 F3544 X143.68 Y93.15 Z54 E33.35
G1 F3547 X142.76 Y95.96 Z54 E33.37
G1 F3547 X141.79 Y98.75 Z54 E33.37
G1 F3544 X140.82 Y101.55 Z54 E33.35
G1 F3547 X139.63 Y104.26 Z54 E33.37
G1 F3547 X138.39 Y106.94 Z54 E33.37
G1 F3545 X137.15 Y109.63 Z54 E33.36
G1 F3547 X135.75 Y112.23 Z54 E33.37
G1 F3546 X134.3 Y114.81 Z54 E33.37
G1 F3547 X132.78 Y117.35 Z54 E33.37
G1 F3547 X131.24 Y119.88 Z54 E33.37
G1 F3547 X129.7 Y122.4 Z54 E33.37
G1 F3547 X128.16 Y124.93 Z54 E33.37
G1 F3544 X126.62 Y127.46 Z54 E33.35
G1 F3547 X125.26 Y130.08 Z54 E33.37
G1 F3547 X123.95 Y132.73 Z54 E33.37
G1 F3544 X122.63 Y135.39 Z54 E33.35
G1 F3547 X121.53 Y138.13 Z54 E33.37
G1 F3547 X120.48 Y140.9 Z54 E33.37
G1 F3545 X119.44 Y143.66 Z54 E33.36
G1 F3547 X118.58 Y146.49 Z54 E33.37
G1 F3545 X117.76 Y149.34 Z54 E33.36
G1 F3547 X117.11 Y152.22 Z54 E33.37
G1 F3545 X116.49 Y155.11 Z54 E33.36
G1 F3547 X116.04 Y158.04 Z54 E33.37
G1 F3545 X115.62 Y160.97 Z54 E33.36
G1 F3547 X115.38 Y163.91 Z54 E33.37
G1 F3545 X115.17 Y166.87 Z54 E33.36
G1 F3547 X115.13 Y169.82 Z54 E33.37
G1 F3545 X115.13 Y172.78 Z54 E33.36
G1 F3547 X115.3 Y175.73 Z54 E33.37
G1 F3545 X115.51 Y178.69 Z54 E33.36
G1 F3547 X115.89 Y181.62 Z54 E33.37
G1 F3545 X116.3 Y184.55 Z54 E33.36
G1 F3547 X116.88 Y187.45 Z54 E33.37
G1 F3545 X117.5 Y190.34 Z54 E33.36
G1 F3547 X118.28 Y193.2 Z54 E33.37
G1 F3545 X119.09 Y196.04 Z54 E33.36
G1 F3547 X120.1 Y198.82 Z54 E33.37
G1 F3547 X121.15 Y201.59 Z54 E33.37
G1 F3544 X122.2 Y204.35 Z54 E33.35
G1 F3547 X123.47 Y207.03 Z54 E33.37
G1 F3547 X124.78 Y209.68 Z54 E33.37
G1 F3545 X126.09 Y212.33 Z54 E33.36
G1 F3547 X127.59 Y214.88 Z54 E33.37
G1 F3547 X129.12 Y217.41 Z54 E33.37
G1 F3547 X130.65 Y219.94 Z54 E33.37
G1 F3547 X132.18 Y222.48 Z54 E33.37
G1 F3547 X133.71 Y225.01 Z54 E33.37
G1 F3545 X135.24 Y227.54 Z54 E33.36
G1 F3547 X136.6 Y230.17 Z54 E33.37
G1 F3547 X137.92 Y232.81 Z54 E33.37
G1 F3544 X139.25 Y235.46 Z54 E33.35
G1 F3547 X140.36 Y238.2 Z54 E33.37
G1 F3547 X141.42 Y240.96 Z54 E33.37
G1 F3545 X142.48 Y243.72 Z54 E33.36
G1 F3547 X143.35 Y246.55 Z54 E33.37
G1 F3545 X144.17 Y249.39 Z54 E33.36
G1 F3547 X144.84 Y252.27 Z54 E33.37
G1 F3545 X145.47 Y255.16 Z54 E33.36
G1 F3547 X145.93 Y258.09 Z54 E33.37
G1 F3545 X146.36 Y261.01 Z54 E33.36
G1 F3547 X146.61 Y263.96 Z54 E33.37
G1 F3545 X146.84 Y266.91 Z54 E33.36
G1 F3547 X146.89 Y269.87 Z54 E33.37
G1 F3545 X146.9 Y272.83 Z54 E33.36
G1 F3547 X146.74 Y275.78 Z54 E33.37
G1 F3545 X146.55 Y278.73 Z54 E33.36
G1 F3547 X146.18 Y281.67 Z54 E33.37
G1 F3546 X145.78 Y284.6 Z54 E33.36
G1 F3547 X145.21 Y287.5 Z54 E33.37
G1 F3546 X144.61 Y290.4 Z54 E33.37
G1 F3547 X143.84 Y293.25 Z54 E33.37
G1 F3545 X143.04 Y296.1 Z54 E33.36
G1 F3547 X142.04 Y298.89 Z54 E33.37
G1 F3547 X141.01 Y301.66 Z54 E33.37
G1 F3545 X139.98 Y304.43 Z54 E33.36
G1 F3547 X138.71 Y307.1 Z54 E33.37
G1 F3547 X137.41 Y309.76 Z54 E33.37
G1 F3545 X136.11 Y312.42 Z54 E33.36
G1 F3547 X134.61 Y314.97 Z54 E33.37
G1 F3547 X133.08 Y317.5 Z54 E33.37
G1 F3547 X131.55 Y320.03 Z54 E33.37
G1 F3547 X130.03 Y322.57 Z54 E33.37
G1 F3547 X128.5 Y325.1 Z54 E33.37
G1 F3546 X126.97 Y327.63 Z54 E33.37
G1 F3547 X125.6 Y330.26 Z54 E33.37
G1 F3547 X124.26 Y332.9 Z54 E33.37
G1 F3545 X122.92 Y335.53 Z54 E33.36
G1 F3547 X121.82 Y338.28 Z54 E33.37
G1 F3547 X120.74 Y341.03 Z54 E33.37
G1 F3545 X119.66 Y343.79 Z54 E33.36
G1 F3547 X118.79 Y346.61 Z54 E33.37
G1 F3546 X117.94 Y349.45 Z54 E33.37
G1 F3547 X117.27 Y352.33 Z54 E33.37
G1 F3546 X116.62 Y355.22 Z54 E33.37
G1 F3547 X116.15 Y358.14 Z54 E33.37
G1 F3546 X115.71 Y361.06 Z54 E33.37
G1 F3547 X115.44 Y364.01 Z54 E33.37
G1 F3546 X115.2 Y366.96 Z54 E33.37
G1 F3547 X115.14 Y369.91 Z54 E33.37
G1 F3546 X115.11 Y372.87 Z54 E33.37
G1 F3547 X115.26 Y375.83 Z54 E33.37
G1 F3546 X115.44 Y378.78 Z54 E33.37
G1 F3547 X115.8 Y381.72 Z54 E33.37
G1 F3546 X116.18 Y384.65 Z54 E33.37
G1 F3547 X116.74 Y387.55 Z54 E33.37
G1 F3546 X117.32 Y390.46 Z54 E33.37
G1 F3547 X118.09 Y393.31 Z54 E33.37
G1 F3545 X118.87 Y396.17 Z54 E33.36
G1 F3547 X119.86 Y398.95 Z54 E33.37
G1 F3547 X120.88 Y401.73 Z54 E33.37
G1 F3545 X121.9 Y404.51 Z54 E33.36
G1 F3547 X123.16 Y407.18 Z54 E33.37
G1 F3547 X124.45 Y409.85 Z54 E33.37
G1 F3546 X125.74 Y412.51 Z54 E33.37
G1 F3547 X127.2 Y415.08 Z54 E33.37
G1 F3546 X128.69 Y417.64 Z54 E33.37
G1 F3547 X130.23 Y420.16 Z54 E33.37
G1 F3547 X131.78 Y422.68 Z54 E33.37
G1 F3547 X133.34 Y425.2 Z54 E33.37
G1 F3546 X134.89 Y427.72 Z54 E33.37
G1 F3547 X136.26 Y430.34 Z54 E33.37
G1 F3547 X137.61 Y432.97 Z54 E33.37
G1 F3545 X138.96 Y435.6 Z54 E33.36
G1 F3547 X140.08 Y438.34 Z54 E33.37
G1 F3547 X141.17 Y441.09 Z54 E33.37
G1 F3546 X142.26 Y443.84 Z54 E33.37
G1 F3547 X143.14 Y446.67 Z54 E33.37
G1 F3546 X144 Y449.5 Z54 E33.37
G1 F3547 X144.68 Y452.38 Z54 E33.37
G1 F3546 X145.34 Y455.26 Z54 E33.37
G1 F3547 X145.81 Y458.18 Z54 E33.37
G1 F3546 X146.26 Y461.11 Z54 E33.37
G1 F3545 X146.49 Y464.06 Z54 E33.36
G1 F3529 X146.35 Y467.01 Z54 E33.21
G1 F3518 X145.1 Y469.68 Z54 E33.11
G1 F3543 X142.49 Y471.02 Z54 E33.34
G1 F3546 X139.56 Y471.44 Z54 E33.37
G1 F3546 X136.61 Y471.55 Z54 E33.37
G1 F3547 X133.65 Y471.56 Z54 E33.37
G1 F3547 X130.69 Y471.56 Z54 E33.37
G1 F3547 X127.73 Y471.57 Z54 E33.37
G1 F3547 X124.77 Y471.57 Z54 E33.37
G1 F3537 X121.81 Y471.58 Z54 E33.29
G1 F3513 X118.87 Y471.58 Z54.1 E33.06
G1 F3509 X116.12 Y471.59 Z55.13 E33.03
G1 F3547 X113.33 Y471.58 Z56 E33.37
G1 F3547 X110.37 Y471.57 Z56 E33.37
G1 F3547 X107.41 Y471.56 Z56 E33.37
G1 F3547 X104.45 Y471.55 Z56 E33.37
G1 F3547 X101.49 Y471.53 Z56 E33.37
G1 F3547 X98.53 Y471.52 Z56 E33.37
G1 F3547 X95.57 Y471.51 Z56 E33.37
G1 F3547 X92.62 Y471.5 Z56 E33.37
G1 F3547 X89.66 Y471.48 Z56 E33.37
G1 F3547 X86.7 Y471.47 Z56 E33.37
G1 F3543 X83.74 Y471.46 Z56 E33.35
G1 F3528 X80.8 Y471.14 Z56 E33.2
G1 F3454 X78.07 Y470.04 Z56 E32.51
G1 F3523 X76.62 Y467.55 Z56 E33.16
G1 F3544 X76.33 Y464.62 Z56 E33.35
G1 F3546 X76.49 Y461.67 Z56 E33.37
G1 F3546 X76.85 Y458.74 Z56 E33.37
G1 F3547 X77.38 Y455.83 Z56 E33.37
G1 F3545 X77.93 Y452.92 Z56 E33.36
G1 F3547 X78.69 Y450.06 Z56 E33.37
G1 F3547 X79.48 Y447.21 Z56 E33.37
G1 F3545 X80.26 Y444.36 Z56 E33.36
G1 F3547 X81.3 Y441.59 Z56 E33.37
G1 F3547 X82.36 Y438.83 Z56 E33.37
G1 F3545 X83.43 Y436.06 Z56 E33.36
G1 F3547 X84.72 Y433.41 Z56 E33.37
G1 F3547 X86.05 Y430.76 Z56 E33.37
G1 F3546 X87.37 Y428.11 Z56 E33.37
G1 F3547 X88.86 Y425.56 Z56 E33.37
G1 F3547 X90.37 Y423.01 Z56 E33.37
G1 F3547 X91.88 Y420.47 Z56 E33.37
G1 F3547 X93.39 Y417.92 Z56 E33.37
G1 F3546 X94.9 Y415.38 Z56 E33.37
G1 F3547 X96.24 Y412.74 Z56 E33.37
G1 F3547 X97.57 Y410.1 Z56 E33.37
G1 F3545 X98.9 Y407.46 Z56 E33.36
G1 F3547 X100 Y404.71 Z56 E33.37
G1 F3547 X101.07 Y401.95 Z56 E33.37
G1 F3545 X102.14 Y399.19 Z56 E33.36
G1 F3547 X102.97 Y396.36 Z56 E33.37
G1 F3547 X103.76 Y393.51 Z56 E33.37
G1 F3545 X104.56 Y390.66 Z56 E33.36
G1 F3547 X105.14 Y387.76 Z56 E33.37
G1 F3546 X105.69 Y384.85 Z56 E33.37
G1 F3547 X106.07 Y381.92 Z56 E33.37
G1 F3546 X106.43 Y378.98 Z56 E33.37
G1 F3547 X106.61 Y376.03 Z56 E33.37
G1 F3546 X106.76 Y373.07 Z56 E33.37
G1 F3547 X106.74 Y370.11 Z56 E33.37
G1 F3546 X106.68 Y367.15 Z56 E33.37
G1 F3547 X106.46 Y364.21 Z56 E33.37
G1 F3546 X106.21 Y361.26 Z56 E33.37
G1 F3547 X105.78 Y358.33 Z56 E33.37
G1 F3545 X105.33 Y355.41 Z56 E33.36
G1 F3547 X104.67 Y352.52 Z56 E33.37
G1 F3547 X103.97 Y349.65 Z56 E33.37
G1 F3544 X103.27 Y346.77 Z56 E33.35
G1 F3547 X102.33 Y343.97 Z56 E33.37
G1 F3547 X101.36 Y341.18 Z56 E33.37
G1 F3544 X100.38 Y338.38 Z56 E33.35
G1 F3547 X99.17 Y335.68 Z56 E33.37
G1 F3547 X97.93 Y333 Z56 E33.37
G1 F3545 X96.68 Y330.32 Z56 E33.36
G1 F3547 X95.27 Y327.72 Z56 E33.37
G1 F3546 X93.83 Y325.13 Z56 E33.37
G1 F3547 X92.32 Y322.59 Z56 E33.37
G1 F3547 X90.81 Y320.05 Z56 E33.37
G1 F3547 X89.29 Y317.51 Z56 E33.37
G1 F3545 X87.77 Y314.97 Z56 E33.36
G1 F3547 X86.42 Y312.34 Z56 E33.37
G1 F3547 X85.09 Y309.69 Z56 E33.37
G1 F3544 X83.77 Y307.04 Z56 E33.35
G1 F3547 X82.66 Y304.3 Z56 E33.37
G1 F3547 X81.6 Y301.54 Z56 E33.37
G1 F3544 X80.53 Y298.78 Z56 E33.35
G1 F3547 X79.7 Y295.95 Z56 E33.37
G1 F3547 X78.91 Y293.09 Z56 E33.37
G1 F3545 X78.12 Y290.24 Z56 E33.36
G1 F3547 X77.53 Y287.34 Z56 E33.37
G1 F3545 X76.98 Y284.44 Z56 E33.36
G1 F3547 X76.6 Y281.5 Z56 E33.37
G1 F3545 X76.25 Y278.57 Z56 E33.36
G1 F3547 X76.07 Y275.61 Z56 E33.37
G1 F3545 X75.92 Y272.66 Z56 E33.36
G1 F3547 X75.94 Y269.7 Z56 E33.37
G1 F3545 X75.99 Y266.74 Z56 E33.36
G1 F3547 X76.22 Y263.79 Z56 E33.37
G1 F3545 X76.47 Y260.85 Z56 E33.36
G1 F3547 X76.89 Y257.92 Z56 E33.37
G1 F3545 X77.35 Y254.99 Z56 E33.36
G1 F3547 X78 Y252.11 Z56 E33.37
G1 F3547 X78.71 Y249.24 Z56 E33.37
G1 F3544 X79.41 Y246.36 Z56 E33.35
G1 F3547 X80.34 Y243.56 Z56 E33.37
G1 F3547 X81.32 Y240.76 Z56 E33.37
G1 F3544 X82.3 Y237.97 Z56 E33.35
G1 F3547 X83.5 Y235.27 Z56 E33.37
G1 F3547 X84.75 Y232.59 Z56 E33.37
G1 F3545 X85.99 Y229.9 Z56 E33.36
G1 F3547 X87.4 Y227.3 Z56 E33.37
G1 F3546 X88.84 Y224.72 Z56 E33.37
G1 F3547 X90.34 Y222.17 Z56 E33.37
G1 F3547 X91.86 Y219.63 Z56 E33.37
G1 F3547 X93.38 Y217.09 Z56 E33.37
G1 F3545 X94.89 Y214.55 Z56 E33.36
G1 F3547 X96.25 Y211.92 Z56 E33.37
G1 F3547 X97.57 Y209.27 Z56 E33.37
G1 F3544 X98.89 Y206.63 Z56 E33.35
G1 F3547 X100.01 Y203.89 Z56 E33.37
G1 F3547 X101.07 Y201.13 Z56 E33.37
G1 F3544 X102.13 Y198.37 Z56 E33.35
G1 F3547 X102.97 Y195.53 Z56 E33.37
G1 F3547 X103.76 Y192.68 Z56 E33.37
G1 F3544 X104.55 Y189.83 Z56 E33.36
G1 F3547 X105.14 Y186.93 Z56 E33.37
G1 F3545 X105.68 Y184.02 Z56 E33.36
G1 F3547 X106.07 Y181.09 Z56 E33.37
G1 F3545 X106.42 Y178.15 Z56 E33.36
G1 F3547 X106.6 Y175.2 Z56 E33.37
G1 F3545 X106.75 Y172.24 Z56 E33.36
G1 F3547 X106.73 Y169.29 Z56 E33.37
G1 F3545 X106.67 Y166.33 Z56 E33.36
G1 F3547 X106.46 Y163.38 Z56 E33.37
G1 F3545 X106.2 Y160.43 Z56 E33.36
G1 F3547 X105.78 Y157.5 Z56 E33.37
G1 F3544 X105.32 Y154.58 Z56 E33.35
G1 F3547 X104.67 Y151.7 Z56 E33.37
G1 F3547 X103.97 Y148.82 Z56 E33.37
G1 F3543 X103.26 Y145.95 Z56 E33.35
G1 F3547 X102.34 Y143.14 Z56 E33.37
G1 F3547 X101.35 Y140.35 Z56 E33.37
G1 F3544 X100.37 Y137.56 Z56 E33.35
G1 F3547 X99.17 Y134.86 Z56 E33.37
G1 F3547 X97.92 Y132.17 Z56 E33.37
G1 F3545 X96.67 Y129.49 Z56 E33.36
G1 F3547 X95.27 Y126.89 Z56 E33.37
G1 F3546 X93.82 Y124.31 Z56 E33.37
G1 F3547 X92.32 Y121.76 Z56 E33.37
G1 F3547 X90.8 Y119.22 Z56 E33.37
G1 F3547 X89.29 Y116.68 Z56 E33.37
G1 F3545 X87.77 Y114.14 Z56 E33.36
G1 F3547 X86.4 Y111.52 Z56 E33.37
G1 F3547 X85.09 Y108.87 Z56 E33.37
G1 F3544 X83.77 Y106.22 Z56 E33.35
G1 F3547 X82.65 Y103.48 Z56 E33.37
G1 F3547 X81.59 Y100.72 Z56 E33.37
G1 F3543 X80.53 Y97.96 Z56 E33.34
G1 F3547 X79.69 Y95.12 Z56 E33.37
G1 F3547 X78.9 Y92.27 Z56 E33.37
G1 F3544 X78.12 Y89.42 Z56 E33.35
G1 F3547 X77.53 Y86.52 Z56 E33.37
G1 F3545 X76.99 Y83.61 Z56 E33.36
G1 F3545 X76.58 Y80.68 Z56 E33.36
G1 F3540 X76.35 Y77.73 Z56 E33.32
G1 F3480 X76.47 Y74.78 Z56 E32.75
G1 F3420 X77.63 Y72.12 Z56 E32.18
G1 F3523 X80.08 Y70.66 Z56 E33.16
G1 F3544 X82.97 Y70.15 Z56 E33.35
G1 F3546 X85.93 Y70 Z56 E33.37
G1 F3547 X88.89 Y69.99 Z56 E33.37
G1 F3547 X91.84 Y69.99 Z56 E33.37
G1 F3547 X94.8 Y69.99 Z56 E33.37
G1 F3547 X97.76 Y70 Z56 E33.37
G1 F3547 X100.72 Y70 Z56 E33.37
G1 F3547 X103.68 Y70 Z56 E33.37
G1 F3547 X106.64 Y70 Z56 E33.37
G1 F3547 X109.6 Y70.01 Z56 E33.37
G1 F3547 X112.56 Y70.01 Z56 E33.37
G1 F3547 X115.51 Y70.01 Z56 E33.37
G1 F3547 X118.47 Y70.01 Z56 E33.37
G1 F3547 X121.43 Y70.02 Z56 E33.37
G1 F3547 X124.39 Y70.02 Z56 E33.37
G1 F3547 X127.35 Y70.02 Z56 E33.37
G1 F3547 X130.31 Y70.02 Z56 E33.37
G1 F3547 X133.27 Y70.03 Z56 E33.37
G1 F3545 X136.23 Y70.03 Z56 E33.36
G1 F3537 X139.18 Y70.19 Z56 E33.29
G1 F3474 X142.07 Y70.79 Z56 E32.69
G1 F3437 X144.43 Y72.47 Z56 E32.34
G1 F3533 X145.37 Y75.18 Z56 E33.25
G1 F3544 X145.47 Y78.13 Z56 E33.35
G1 F3545 X145.23 Y81.07 Z56 E33.36
G1 F3547 X144.78 Y84 Z56 E33.37
G1 F3544 X144.29 Y86.92 Z56 E33.35
G1 F3547 X143.6 Y89.79 Z56 E33.37
G1 F3547 X142.86 Y92.66 Z56 E33.37
G1 F3544 X142.12 Y95.52 Z56 E33.35
G1 F3547 X141.15 Y98.31 Z56 E33.37
G1 F3547 X140.13 Y101.09 Z56 E33.37
G1 F3544 X139.11 Y103.87 Z56 E33.35
G1 F3547 X137.88 Y106.56 Z56 E33.37
G1 F3547 X136.6 Y109.22 Z56 E33.37
G1 F3545 X135.32 Y111.89 Z56 E33.36
G1 F3547 X133.87 Y114.47 Z56 E33.37
G1 F3547 X132.37 Y117.02 Z56 E33.37
G1 F3547 X130.88 Y119.57 Z56 E33.37
G1 F3547 X129.38 Y122.13 Z56 E33.37
G1 F3547 X127.89 Y124.68 Z56 E33.37
G1 F3545 X126.39 Y127.23 Z56 E33.36
G1 F3547 X125.06 Y129.87 Z56 E33.37
G1 F3547 X123.77 Y132.54 Z56 E33.37
G1 F3544 X122.49 Y135.2 Z56 E33.35
G1 F3547 X121.41 Y137.95 Z56 E33.37
G1 F3547 X120.38 Y140.73 Z56 E33.37
G1 F3544 X119.36 Y143.51 Z56 E33.35
G1 F3547 X118.55 Y146.35 Z56 E33.37
G1 F3547 X117.8 Y149.21 Z56 E33.37
G1 F3544 X117.06 Y152.08 Z56 E33.35
G1 F3547 X116.5 Y154.98 Z56 E33.37
G1 F3545 X116 Y157.9 Z56 E33.36
G1 F3547 X115.65 Y160.83 Z56 E33.37
G1 F3545 X115.35 Y163.78 Z56 E33.36
G1 F3547 X115.2 Y166.73 Z56 E33.37
G1 F3545 X115.1 Y169.69 Z56 E33.36
G1 F3547 X115.15 Y172.64 Z56 E33.37
G1 F3545 X115.26 Y175.6 Z56 E33.36
G1 F3547 X115.51 Y178.55 Z56 E33.37
G1 F3545 X115.82 Y181.49 Z56 E33.36
G1 F3547 X116.27 Y184.41 Z56 E33.37
G1 F3544 X116.77 Y187.33 Z56 E33.35
G1 F3547 X117.46 Y190.2 Z56 E33.37
G1 F3547 X118.21 Y193.07 Z56 E33.37
G1 F3543 X118.95 Y195.93 Z56 E33.34
G1 F3547 X119.91 Y198.73 Z56 E33.37
G1 F3547 X120.94 Y201.5 Z56 E33.37
G1 F3544 X121.96 Y204.28 Z56 E33.35
G1 F3547 X123.18 Y206.97 Z56 E33.37
G1 F3547 X124.47 Y209.63 Z56 E33.37
G1 F3544 X125.76 Y212.3 Z56 E33.35
G1 F3547 X127.2 Y214.88 Z56 E33.37
G1 F3547 X128.7 Y217.43 Z56 E33.37
G1 F3547 X130.19 Y219.99 Z56 E33.37
G1 F3547 X131.69 Y222.54 Z56 E33.37
G1 F3547 X133.18 Y225.09 Z56 E33.37
G1 F3544 X134.68 Y227.64 Z56 E33.35
G1 F3547 X136.01 Y230.28 Z56 E33.37
G1 F3547 X137.29 Y232.95 Z56 E33.37
G1 F3543 X138.58 Y235.62 Z56 E33.35
G1 F3547 X139.66 Y238.36 Z56 E33.37
G1 F3547 X140.68 Y241.14 Z56 E33.37
G1 F3543 X141.7 Y243.92 Z56 E33.34
G1 F3547 X142.52 Y246.76 Z56 E33.37
G1 F3547 X143.26 Y249.63 Z56 E33.37
G1 F3544 X144 Y252.49 Z56 E33.35
G1 F3547 X144.56 Y255.39 Z56 E33.37
G1 F3545 X145.06 Y258.31 Z56 E33.36
G1 F3547 X145.41 Y261.25 Z56 E33.37
G1 F3545 X145.71 Y264.19 Z56 E33.36
G1 F3547 X145.86 Y267.14 Z56 E33.37
G1 F3545 X145.96 Y270.1 Z56 E33.36
G1 F3547 X145.91 Y273.06 Z56 E33.37
G1 F3545 X145.8 Y276.01 Z56 E33.36
G1 F3547 X145.55 Y278.96 Z56 E33.37
G1 F3545 X145.24 Y281.9 Z56 E33.36
G1 F3547 X144.79 Y284.83 Z56 E33.37
G1 F3544 X144.28 Y287.74 Z56 E33.35
G1 F3547 X143.6 Y290.62 Z56 E33.37
G1 F3547 X142.85 Y293.48 Z56 E33.37
G1 F3543 X142.1 Y296.34 Z56 E33.34
G1 F3547 X141.15 Y299.14 Z56 E33.37
G1 F3547 X140.12 Y301.92 Z56 E33.37
G1 F3543 X139.1 Y304.69 Z56 E33.34
G1 F3547 X137.88 Y307.38 Z56 E33.37
G1 F3547 X136.59 Y310.05 Z56 E33.37
G1 F3544 X135.3 Y312.71 Z56 E33.35
G1 F3547 X133.87 Y315.3 Z56 E33.37
G1 F3547 X132.37 Y317.85 Z56 E33.37
G1 F3547 X130.88 Y320.4 Z56 E33.37
G1 F3547 X129.38 Y322.96 Z56 E33.37
G1 F3547 X127.89 Y325.51 Z56 E33.37
G1 F3544 X126.39 Y328.06 Z56 E33.35
G1 F3547 X125.05 Y330.7 Z56 E33.37
G1 F3547 X123.77 Y333.37 Z56 E33.37
G1 F3543 X122.49 Y336.03 Z56 E33.34
G1 F3547 X121.4 Y338.78 Z56 E33.37
G1 F3547 X120.38 Y341.56 Z56 E33.37
G1 F3543 X119.36 Y344.34 Z56 E33.34
G1 F3547 X118.54 Y347.18 Z56 E33.37
G1 F3547 X117.81 Y350.04 Z56 E33.37
G1 F3544 X117.07 Y352.91 Z56 E33.35
G1 F3547 X116.5 Y355.81 Z56 E33.37
G1 F3545 X116.01 Y358.73 Z56 E33.36
G1 F3547 X115.65 Y361.66 Z56 E33.37
G1 F3545 X115.36 Y364.61 Z56 E33.36
G1 F3547 X115.2 Y367.56 Z56 E33.37
G1 F3545 X115.11 Y370.52 Z56 E33.36
G1 F3547 X115.16 Y373.47 Z56 E33.37
G1 F3545 X115.27 Y376.43 Z56 E33.36
G1 F3547 X115.51 Y379.38 Z56 E33.37
G1 F3545 X115.82 Y382.32 Z56 E33.36
G1 F3547 X116.27 Y385.24 Z56 E33.37
G1 F3544 X116.78 Y388.16 Z56 E33.35
G1 F3547 X117.46 Y391.03 Z56 E33.37
G1 F3547 X118.21 Y393.9 Z56 E33.37
G1 F3543 X118.96 Y396.76 Z56 E33.34
G1 F3547 X119.91 Y399.56 Z56 E33.37
G1 F3547 X120.94 Y402.33 Z56 E33.37
G1 F3543 X121.97 Y405.1 Z56 E33.34
G1 F3547 X123.18 Y407.8 Z56 E33.37
G1 F3547 X124.47 Y410.46 Z56 E33.37
G1 F3544 X125.77 Y413.12 Z56 E33.35
G1 F3547 X127.2 Y415.71 Z56 E33.37
G1 F3547 X128.69 Y418.26 Z56 E33.37
G1 F3547 X130.19 Y420.82 Z56 E33.37
G1 F3547 X131.69 Y423.37 Z56 E33.37
G1 F3547 X133.18 Y425.92 Z56 E33.37
G1 F3544 X134.68 Y428.47 Z56 E33.35
G1 F3547 X136.03 Y431.1 Z56 E33.37
G1 F3547 X137.3 Y433.77 Z56 E33.37
G1 F3543 X138.58 Y436.44 Z56 E33.34
G1 F3547 X139.68 Y439.19 Z56 E33.37
G1 F3547 X140.69 Y441.97 Z56 E33.37
G1 F3543 X141.7 Y444.75 Z56 E33.34
G1 F3547 X142.53 Y447.58 Z56 E33.37
G1 F3547 X143.26 Y450.45 Z56 E33.37
G1 F3544 X144 Y453.32 Z56 E33.35
G1 F3547 X144.56 Y456.22 Z56 E33.37
G1 F3545 X145.04 Y459.14 Z56 E33.36
G1 F3543 X145.39 Y462.08 Z56 E33.34
G1 F3521 X145.49 Y465.03 Z56 E33.13
G1 F3384 X145 Y467.93 Z56 E31.84
G1 F3471 X143.21 Y470.11 Z56 E32.67
G1 F3537 X140.5 Y471.13 Z56 E33.28
G1 F3545 X137.57 Y471.47 Z56 E33.36
G1 F3547 X134.61 Y471.53 Z56 E33.37
G1 F3547 X131.65 Y471.54 Z56 E33.37
G1 F3547 X128.69 Y471.55 Z56 E33.37
G1 F3547 X125.73 Y471.56 Z56 E33.37
G1 F3547 X122.78 Y471.57 Z56 E33.37
G1 F3502 X119.82 Y471.58 Z56 E32.95
G1 F3519 X116.98 Y471.59 Z56.7 E33.12
G1 F3533 X114.27 Y471.58 Z57.83 E33.25
G1 F3547 X111.33 Y471.58 Z58 E33.37
G1 F3547 X108.37 Y471.56 Z58 E33.37
G1 F3547 X105.41 Y471.55 Z58 E33.37
G1 F3547 X102.45 Y471.54 Z58 E33.37
G1 F3547 X99.49 Y471.53 Z58 E33.37
G1 F3547 X96.54 Y471.52 Z58 E33.37
G1 F3547 X93.58 Y471.51 Z58 E33.37
G1 F3547 X90.62 Y471.5 Z58 E33.37
G1 F3547 X87.66 Y471.49 Z58 E33.37
G1 F3546 X84.7 Y471.47 Z58 E33.37
G1 F3544 X81.76 Y471.15 Z58 E33.35
G1 F3533 X79.01 Y470.08 Z58 E33.24
G1 F3546 X77.53 Y467.53 Z58 E33.37
G1 F3546 X77.27 Y464.58 Z58 E33.37
G1 F3546 X77.43 Y461.63 Z58 E33.37
G1 F3547 X77.79 Y458.69 Z58 E33.37
G1 F3546 X78.3 Y455.78 Z58 E33.37
G1 F3547 X78.82 Y452.86 Z58 E33.37
G1 F3547 X79.58 Y450 Z58 E33.37
G1 F3546 X80.34 Y447.14 Z58 E33.37
G1 F3547 X81.1 Y444.28 Z58 E33.37
G1 F3547 X82.13 Y441.51 Z58 E33.37
G1 F3546 X83.15 Y438.74 Z58 E33.37
G1 F3547 X84.19 Y435.96 Z58 E33.37
G1 F3547 X85.47 Y433.3 Z58 E33.37
G1 F3546 X86.75 Y430.63 Z58 E33.37
G1 F3547 X88.04 Y427.97 Z58 E33.37
G1 F3547 X89.51 Y425.4 Z58 E33.37
G1 F3547 X90.99 Y422.84 Z58 E33.37
G1 F3547 X92.46 Y420.27 Z58 E33.37
G1 F3546 X93.93 Y417.7 Z58 E33.37
G1 F3547 X95.4 Y415.14 Z58 E33.37
G1 F3547 X96.7 Y412.48 Z58 E33.37
G1 F3546 X98 Y409.82 Z58 E33.37
G1 F3547 X99.29 Y407.16 Z58 E33.37
G1 F3547 X100.33 Y404.39 Z58 E33.37
G1 F3546 X101.38 Y401.62 Z58 E33.37
G1 F3547 X102.42 Y398.85 Z58 E33.37
G1 F3547 X103.19 Y395.99 Z58 E33.37
G1 F3546 X103.96 Y393.14 Z58 E33.37
G1 F3547 X104.73 Y390.28 Z58 E33.37
G1 F3547 X105.22 Y387.36 Z58 E33.37
G1 F3546 X105.71 Y384.44 Z58 E33.37
G1 F3547 X106.19 Y381.53 Z58 E33.37
G1 F3547 X106.39 Y378.57 Z58 E33.37
G1 F3546 X106.59 Y375.62 Z58 E33.37
G1 F3547 X106.78 Y372.67 Z58 E33.37
G1 F3547 X106.68 Y369.71 Z58 E33.37
G1 F3546 X106.59 Y366.75 Z58 E33.37
G1 F3547 X106.49 Y363.8 Z58 E33.37
G1 F3547 X106.1 Y360.87 Z58 E33.37
G1 F3546 X105.71 Y357.93 Z58 E33.37
G1 F3547 X105.31 Y355 Z58 E33.37
G1 F3547 X104.64 Y352.12 Z58 E33.37
G1 F3546 X103.96 Y349.24 Z58 E33.37
G1 F3547 X103.28 Y346.36 Z58 E33.37
G1 F3547 X102.33 Y343.56 Z58 E33.37
G1 F3546 X101.38 Y340.76 Z58 E33.37
G1 F3547 X100.43 Y337.96 Z58 E33.37
G1 F3547 X99.22 Y335.26 Z58 E33.37
G1 F3546 X98 Y332.56 Z58 E33.37
G1 F3547 X96.79 Y329.86 Z58 E33.37
G1 F3547 X95.38 Y327.26 Z58 E33.37
G1 F3547 X93.97 Y324.66 Z58 E33.37
G1 F3547 X92.49 Y322.09 Z58 E33.37
G1 F3547 X91.01 Y319.53 Z58 E33.37
G1 F3546 X89.53 Y316.97 Z58 E33.37
G1 F3547 X88.05 Y314.41 Z58 E33.37
G1 F3547 X86.76 Y311.74 Z58 E33.37
G1 F3546 X85.48 Y309.08 Z58 E33.37
G1 F3547 X84.19 Y306.41 Z58 E33.37
G1 F3547 X83.16 Y303.64 Z58 E33.37
G1 F3546 X82.13 Y300.87 Z58 E33.37
G1 F3547 X81.1 Y298.09 Z58 E33.37
G1 F3547 X80.34 Y295.23 Z58 E33.37
G1 F3546 X79.59 Y292.37 Z58 E33.37
G1 F3547 X78.83 Y289.51 Z58 E33.37
G1 F3547 X78.35 Y286.59 Z58 E33.37
G1 F3546 X77.88 Y283.67 Z58 E33.37
G1 F3547 X77.4 Y280.75 Z58 E33.37
G1 F3547 X77.22 Y277.8 Z58 E33.37
G1 F3546 X77.03 Y274.85 Z58 E33.37
G1 F3547 X76.85 Y271.89 Z58 E33.37
G1 F3547 X76.96 Y268.94 Z58 E33.37
G1 F3546 X77.07 Y265.98 Z58 E33.37
G1 F3547 X77.18 Y263.02 Z58 E33.37
G1 F3547 X77.58 Y260.09 Z58 E33.37
G1 F3546 X77.98 Y257.16 Z58 E33.37
G1 F3547 X78.39 Y254.23 Z58 E33.37
G1 F3547 X79.07 Y251.35 Z58 E33.37
G1 F3546 X79.76 Y248.47 Z58 E33.37
G1 F3547 X80.45 Y245.6 Z58 E33.37
G1 F3547 X81.41 Y242.8 Z58 E33.37
G1 F3546 X82.38 Y240 Z58 E33.37
G1 F3547 X83.34 Y237.2 Z58 E33.37
G1 F3547 X84.56 Y234.51 Z58 E33.37
G1 F3546 X85.79 Y231.82 Z58 E33.37
G1 F3547 X87.01 Y229.12 Z58 E33.37
G1 F3547 X88.43 Y226.52 Z58 E33.37
G1 F3547 X89.84 Y223.93 Z58 E33.37
G1 F3547 X91.32 Y221.36 Z58 E33.37
G1 F3547 X92.8 Y218.8 Z58 E33.37
G1 F3546 X94.28 Y216.24 Z58 E33.37
G1 F3547 X95.75 Y213.67 Z58 E33.37
G1 F3547 X97.03 Y211 Z58 E33.37
G1 F3546 X98.3 Y208.33 Z58 E33.37
G1 F3547 X99.58 Y205.66 Z58 E33.37
G1 F3547 X100.6 Y202.89 Z58 E33.37
G1 F3546 X101.62 Y200.11 Z58 E33.37
G1 F3547 X102.64 Y197.33 Z58 E33.37
G1 F3547 X103.39 Y194.47 Z58 E33.37
G1 F3546 X104.13 Y191.61 Z58 E33.37
G1 F3547 X104.88 Y188.74 Z58 E33.37
G1 F3547 X105.34 Y185.82 Z58 E33.37
G1 F3546 X105.81 Y182.9 Z58 E33.37
G1 F3547 X106.27 Y179.98 Z58 E33.37
G1 F3547 X106.44 Y177.02 Z58 E33.37
G1 F3547 X106.62 Y174.07 Z58 E33.37
G1 F3547 X106.79 Y171.12 Z58 E33.37
G1 F3547 X106.67 Y168.16 Z58 E33.37
G1 F3547 X106.55 Y165.2 Z58 E33.37
G1 F3547 X106.42 Y162.25 Z58 E33.37
G1 F3547 X106.01 Y159.32 Z58 E33.37
G1 F3547 X105.6 Y156.39 Z58 E33.37
G1 F3547 X105.18 Y153.46 Z58 E33.37
G1 F3547 X104.48 Y150.58 Z58 E33.37
G1 F3546 X103.78 Y147.71 Z58 E33.37
G1 F3547 X103.08 Y144.83 Z58 E33.38
G1 F3547 X102.11 Y142.04 Z58 E33.37
G1 F3547 X101.13 Y139.25 Z58 E33.37
G1 F3547 X100.16 Y136.45 Z58 E33.37
G1 F3547 X98.93 Y133.76 Z58 E33.37
G1 F3547 X97.69 Y131.08 Z58 E33.37
G1 F3547 X96.46 Y128.39 Z58 E33.37
G1 F3547 X95 Y125.81 Z58 E33.37
G1 F3547 X93.54 Y123.24 Z58 E33.37
G1 F3547 X92.08 Y120.67 Z58 E33.37
G1 F3547 X90.62 Y118.09 Z58 E33.37
G1 F3547 X89.16 Y115.52 Z58 E33.37
G1 F3546 X87.7 Y112.94 Z58 E33.37
G1 F3547 X86.43 Y110.27 Z58 E33.37
G1 F3547 X85.17 Y107.6 Z58 E33.37
G1 F3546 X83.9 Y104.92 Z58 E33.37
G1 F3547 X82.9 Y102.14 Z58 E33.37
G1 F3547 X81.89 Y99.36 Z58 E33.37
G1 F3546 X80.88 Y96.58 Z58 E33.37
G1 F3547 X80.14 Y93.71 Z58 E33.37
G1 F3547 X79.41 Y90.84 Z58 E33.37
G1 F3546 X78.67 Y87.98 Z58 E33.37
G1 F3547 X78.18 Y85.06 Z58 E33.37
G1 F3546 X77.69 Y82.14 Z58 E33.37
G1 F3546 X77.37 Y79.2 Z58 E33.37
G1 F3546 X77.29 Y76.24 Z58 E33.37
G1 F3531 X77.73 Y73.32 Z58 E33.23
G1 F3544 X79.7 Y71.13 Z58 E33.35
G1 F3546 X82.54 Y70.29 Z58 E33.37
G1 F3547 X85.49 Y70.04 Z58 E33.37
G1 F3547 X88.44 Y70.04 Z58 E33.37
G1 F3547 X91.4 Y70.03 Z58 E33.37
G1 F3547 X94.36 Y70.02 Z58 E33.37
G1 F3547 X97.32 Y70.02 Z58 E33.37
G1 F3547 X100.28 Y70.01 Z58 E33.37
G1 F3547 X103.24 Y70.01 Z58 E33.37
G1 F3547 X106.2 Y70 Z58 E33.37
G1 F3547 X109.16 Y70 Z58 E33.37
G1 F3547 X112.11 Y69.99 Z58 E33.37
G1 F3547 X115.07 Y69.98 Z58 E33.37
G1 F3547 X118.03 Y69.98 Z58 E33.37
G1 F3547 X120.99 Y69.97 Z58 E33.37
G1 F3547 X123.95 Y69.97 Z58 E33.37
G1 F3547 X126.91 Y69.96 Z58 E33.37
G1 F3547 X129.87 Y69.98 Z58 E33.37
G1 F3546 X132.82 Y70 Z58 E33.37
G1 F3545 X135.78 Y70.03 Z58 E33.36
G1 F3535 X138.73 Y70.23 Z58 E33.27
G1 F3505 X141.6 Y70.91 Z58 E32.98
G1 F3540 X143.84 Y72.8 Z58 E33.32
G1 F3545 X144.52 Y75.67 Z58 E33.36
G1 F3546 X144.52 Y78.63 Z58 E33.37
G1 F3547 X144.24 Y81.57 Z58 E33.37
G1 F3546 X143.78 Y84.49 Z58 E33.37
G1 F3547 X143.3 Y87.41 Z58 E33.37
G1 F3547 X142.58 Y90.28 Z58 E33.37
G1 F3546 X141.87 Y93.16 Z58 E33.36
G1 F3547 X141.14 Y96.02 Z58 E33.37
G1 F3547 X140.16 Y98.81 Z58 E33.37
G1 F3546 X139.17 Y101.6 Z58 E33.37
G1 F3547 X138.17 Y104.39 Z58 E33.37
G1 F3547 X136.93 Y107.07 Z58 E33.37
G1 F3546 X135.69 Y109.76 Z58 E33.37
G1 F3547 X134.43 Y112.43 Z58 E33.37
G1 F3547 X132.97 Y115.01 Z58 E33.37
G1 F3547 X131.51 Y117.58 Z58 E33.37
G1 F3547 X130.05 Y120.15 Z58 E33.37
G1 F3547 X128.59 Y122.73 Z58 E33.37
G1 F3546 X127.13 Y125.3 Z58 E33.37
G1 F3547 X125.68 Y127.88 Z58 E33.37
G1 F3547 X124.43 Y130.56 Z58 E33.37
G1 F3546 X123.17 Y133.24 Z58 E33.37
G1 F3547 X121.93 Y135.93 Z58 E33.37
G1 F3547 X120.94 Y138.71 Z58 E33.37
G1 F3546 X119.94 Y141.5 Z58 E33.37
G1 F3547 X118.96 Y144.29 Z58 E33.37
G1 F3547 X118.24 Y147.16 Z58 E33.37
G1 F3546 X117.51 Y150.03 Z58 E33.37
G1 F3547 X116.81 Y152.9 Z58 E33.37
G1 F3547 X116.37 Y155.82 Z58 E33.37
G1 F3546 X115.93 Y158.75 Z58 E33.37
G1 F3547 X115.5 Y161.68 Z58 E33.37
G1 F3547 X115.36 Y164.63 Z58 E33.37
G1 F3546 X115.21 Y167.59 Z58 E33.37
G1 F3547 X115.08 Y170.54 Z58 E33.37
G1 F3547 X115.23 Y173.5 Z58 E33.37
G1 F3546 X115.37 Y176.45 Z58 E33.37
G1 F3547 X115.54 Y179.41 Z58 E33.37
G1 F3547 X115.98 Y182.33 Z58 E33.37
G1 F3546 X116.42 Y185.26 Z58 E33.37
G1 F3547 X116.87 Y188.18 Z58 E33.37
G1 F3547 X117.6 Y191.05 Z58 E33.37
G1 F3546 X118.32 Y193.92 Z58 E33.37
G1 F3547 X119.06 Y196.78 Z58 E33.37
G1 F3547 X120.06 Y199.57 Z58 E33.37
G1 F3546 X121.06 Y202.35 Z58 E33.37
G1 F3547 X122.07 Y205.13 Z58 E33.37
G1 F3547 X123.33 Y207.81 Z58 E33.37
G1 F3546 X124.58 Y210.49 Z58 E33.37
G1 F3547 X125.85 Y213.16 Z58 E33.37
G1 F3547 X127.31 Y215.74 Z58 E33.37
G1 F3547 X128.77 Y218.31 Z58 E33.37
G1 F3547 X130.23 Y220.89 Z58 E33.37
G1 F3547 X131.68 Y223.46 Z58 E33.37
G1 F3546 X133.14 Y226.03 Z58 E33.37
G1 F3547 X134.59 Y228.61 Z58 E33.37
G1 F3547 X135.83 Y231.3 Z58 E33.37
G1 F3546 X137.08 Y233.98 Z58 E33.37
G1 F3547 X138.31 Y236.67 Z58 E33.37
G1 F3547 X139.29 Y239.46 Z58 E33.37
G1 F3546 X140.28 Y242.25 Z58 E33.37
G1 F3547 X141.25 Y245.05 Z58 E33.37
G1 F3547 X141.96 Y247.92 Z58 E33.37
G1 F3546 X142.67 Y250.79 Z58 E33.37
G1 F3547 X143.37 Y253.67 Z58 E33.37
G1 F3547 X143.79 Y256.6 Z58 E33.37
G1 F3546 X144.22 Y259.52 Z58 E33.37
G1 F3547 X144.63 Y262.45 Z58 E33.37
G1 F3547 X144.76 Y265.41 Z58 E33.37
G1 F3546 X144.9 Y268.36 Z58 E33.37
G1 F3547 X145.01 Y271.32 Z58 E33.37
G1 F3547 X144.85 Y274.27 Z58 E33.37
G1 F3546 X144.69 Y277.23 Z58 E33.37
G1 F3547 X144.52 Y280.18 Z58 E33.37
G1 F3547 X144.07 Y283.11 Z58 E33.37
G1 F3546 X143.62 Y286.03 Z58 E33.37
G1 F3547 X143.15 Y288.95 Z58 E33.37
G1 F3547 X142.41 Y291.82 Z58 E33.37
G1 F3546 X141.68 Y294.68 Z58 E33.37
G1 F3547 X140.93 Y297.54 Z58 E33.37
G1 F3547 X139.92 Y300.32 Z58 E33.37
G1 F3546 X138.91 Y303.11 Z58 E33.37
G1 F3547 X137.89 Y305.88 Z58 E33.37
G1 F3547 X136.62 Y308.56 Z58 E33.37
G1 F3546 X135.36 Y311.23 Z58 E33.37
G1 F3547 X134.08 Y313.9 Z58 E33.37
G1 F3547 X132.62 Y316.47 Z58 E33.37
G1 F3547 X131.17 Y319.05 Z58 E33.37
G1 F3547 X129.71 Y321.62 Z58 E33.37
G1 F3547 X128.25 Y324.2 Z58 E33.37
G1 F3546 X126.79 Y326.77 Z58 E33.37
G1 F3547 X125.35 Y329.35 Z58 E33.37
G1 F3547 X124.11 Y332.04 Z58 E33.37
G1 F3546 X122.88 Y334.73 Z58 E33.37
G1 F3547 X121.66 Y337.43 Z58 E33.37
G1 F3547 X120.68 Y340.22 Z58 E33.37
G1 F3546 X119.71 Y343.01 Z58 E33.37
G1 F3547 X118.75 Y345.81 Z58 E33.37
G1 F3547 X118.05 Y348.69 Z58 E33.37
G1 F3546 X117.35 Y351.56 Z58 E33.37
G1 F3547 X116.67 Y354.44 Z58 E33.37
G1 F3547 X116.25 Y357.37 Z58 E33.37
G1 F3546 X115.84 Y360.3 Z58 E33.37
G1 F3547 X115.44 Y363.23 Z58 E33.37
G1 F3547 X115.32 Y366.19 Z58 E33.37
G1 F3546 X115.19 Y369.14 Z58 E33.37
G1 F3547 X115.09 Y372.1 Z58 E33.37
G1 F3547 X115.26 Y375.05 Z58 E33.37
G1 F3546 X115.43 Y378.01 Z58 E33.37
G1 F3547 X115.62 Y380.96 Z58 E33.37
G1 F3547 X116.08 Y383.88 Z58 E33.37
G1 F3546 X116.54 Y386.8 Z58 E33.37
G1 F3547 X117.02 Y389.72 Z58 E33.37
G1 F3547 X117.77 Y392.58 Z58 E33.37
G1 F3546 X118.52 Y395.45 Z58 E33.37
G1 F3547 X119.28 Y398.31 Z58 E33.37
G1 F3547 X120.3 Y401.08 Z58 E33.37
G1 F3546 X121.32 Y403.86 Z58 E33.37
G1 F3547 X122.35 Y406.63 Z58 E33.37
G1 F3547 X123.63 Y409.3 Z58 E33.37
G1 F3546 X124.91 Y411.97 Z58 E33.37
G1 F3547 X126.19 Y414.63 Z58 E33.37
G1 F3547 X127.65 Y417.21 Z58 E33.37
G1 F3547 X129.11 Y419.78 Z58 E33.37
G1 F3547 X130.57 Y422.36 Z58 E33.37
G1 F3547 X132.03 Y424.93 Z58 E33.37
G1 F3546 X133.49 Y427.5 Z58 E33.37
G1 F3547 X134.93 Y430.08 Z58 E33.37
G1 F3547 X136.16 Y432.78 Z58 E33.37
G1 F3546 X137.38 Y435.47 Z58 E33.37
G1 F3547 X138.59 Y438.17 Z58 E33.37
G1 F3547 X139.55 Y440.97 Z58 E33.37
G1 F3546 X140.51 Y443.77 Z58 E33.37
G1 F3547 X141.46 Y446.57 Z58 E33.37
G1 F3547 X142.15 Y449.45 Z58 E33.37
G1 F3546 X142.83 Y452.33 Z58 E33.37
G1 F3547 X143.51 Y455.21 Z58 E33.37
G1 F3546 X143.95 Y458.13 Z58 E33.37
G1 F3546 X144.38 Y461.06 Z58 E33.37
G1 F3538 X144.58 Y464.01 Z58 E33.29
G1 F3501 X144.41 Y466.96 Z58 E32.95
G1 F3530 X143.18 Y469.61 Z58 E33.22
G1 F3545 X140.58 Y470.98 Z58 E33.36
G1 F3546 X137.65 Y471.42 Z58 E33.37
G1 F3547 X134.7 Y471.54 Z58 E33.37
G1 F3547 X131.74 Y471.55 Z58 E33.37
G1 F3547 X128.78 Y471.56 Z58 E33.37
G1 F3547 X125.82 Y471.57 Z58 E33.37
G1 F3547 X122.86 Y471.57 Z58 E33.37
G1 F3502 X119.9 Y471.58 Z58 E32.96
G1 F3521 X117.06 Y471.59 Z58.66 E33.14
G1 F3533 X114.36 Y471.58 Z59.82 E33.24
G1 F3547 X111.41 Y471.58 Z60 E33.37
G1 F3547 X108.46 Y471.57 Z60 E33.37
G1 F3547 X105.5 Y471.56 Z60 E33.37
G1 F3547 X102.54 Y471.55 Z60 E33.37
G1 F3547 X99.58 Y471.54 Z60 E33.37
G1 F3547 X96.62 Y471.53 Z60 E33.37
G1 F3547 X93.66 Y471.51 Z60 E33.37
G1 F3547 X90.7 Y471.5 Z60 E33.37
G1 F3543 X87.75 Y471.49 Z60 E33.34
G1 F3522 X84.79 Y471.37 Z60 E33.15
G1 F3387 X81.91 Y470.81 Z60 E31.87
G1 F3439 X79.55 Y469.25 Z60 E32.36
G1 F3535 X78.43 Y466.61 Z60 E33.27
G1 F3544 X78.28 Y463.66 Z60 E33.35
G1 F3544 X78.48 Y460.71 Z60 E33.35
G1 F3547 X78.9 Y457.78 Z60 E33.37
G1 F3547 X79.44 Y454.87 Z60 E33.37
G1 F3542 X79.97 Y451.96 Z60 E33.34
G1 F3547 X80.64 Y449.08 Z60 E33.37
G1 F3547 X81.45 Y446.24 Z60 E33.37
G1 F3543 X82.26 Y443.39 Z60 E33.34
G1 F3547 X83.19 Y440.59 Z60 E33.37
G1 F3547 X84.27 Y437.83 Z60 E33.37
G1 F3543 X85.35 Y435.08 Z60 E33.34
G1 F3547 X86.53 Y432.37 Z60 E33.37
G1 F3547 X87.85 Y429.72 Z60 E33.37
G1 F3545 X89.17 Y427.07 Z60 E33.36
G1 F3547 X90.55 Y424.46 Z60 E33.37
G1 F3547 X92 Y421.88 Z60 E33.37
G1 F3547 X93.44 Y419.3 Z60 E33.37
G1 F3544 X94.89 Y416.71 Z60 E33.36
G1 F3547 X96.26 Y414.09 Z60 E33.37
G1 F3547 X97.52 Y411.42 Z60 E33.37
G1 F3543 X98.79 Y408.74 Z60 E33.34
G1 F3547 X99.94 Y406.02 Z60 E33.37
G1 F3547 X100.96 Y403.24 Z60 E33.37
G1 F3543 X101.98 Y400.47 Z60 E33.34
G1 F3547 X102.87 Y397.65 Z60 E33.37
G1 F3547 X103.62 Y394.79 Z60 E33.37
G1 F3543 X104.37 Y391.93 Z60 E33.34
G1 F3547 X105 Y389.04 Z60 E33.37
G1 F3547 X105.47 Y386.12 Z60 E33.37
G1 F3542 X105.95 Y383.2 Z60 E33.34
G1 F3547 X106.3 Y380.26 Z60 E33.37
G1 F3547 X106.49 Y377.31 Z60 E33.37
G1 F3542 X106.68 Y374.36 Z60 E33.34
G1 F3547 X106.74 Y371.4 Z60 E33.37
G1 F3547 X106.65 Y368.44 Z60 E33.37
G1 F3542 X106.56 Y365.49 Z60 E33.34
G1 F3547 X106.34 Y362.54 Z60 E33.37
G1 F3547 X105.96 Y359.61 Z60 E33.37
G1 F3543 X105.59 Y356.67 Z60 E33.34
G1 F3547 X105.08 Y353.76 Z60 E33.37
G1 F3547 X104.43 Y350.87 Z60 E33.37
G1 F3543 X103.77 Y347.99 Z60 E33.34
G1 F3547 X103 Y345.14 Z60 E33.37
G1 F3547 X102.07 Y342.32 Z60 E33.37
G1 F3543 X101.15 Y339.51 Z60 E33.34
G1 F3547 X100.11 Y336.75 Z60 E33.37
G1 F3547 X98.93 Y334.03 Z60 E33.37
G1 F3544 X97.75 Y331.32 Z60 E33.35
G1 F3547 X96.48 Y328.65 Z60 E33.37
G1 F3546 X95.1 Y326.03 Z60 E33.37
G1 F3547 X93.7 Y323.43 Z60 E33.37
G1 F3547 X92.25 Y320.85 Z60 E33.37
G1 F3547 X90.81 Y318.26 Z60 E33.37
G1 F3544 X89.37 Y315.68 Z60 E33.35
G1 F3547 X88.02 Y313.05 Z60 E33.37
G1 F3547 X86.77 Y310.37 Z60 E33.37
G1 F3543 X85.52 Y307.69 Z60 E33.34
G1 F3547 X84.39 Y304.95 Z60 E33.37
G1 F3547 X83.39 Y302.17 Z60 E33.37
G1 F3543 X82.4 Y299.38 Z60 E33.34
G1 F3547 X81.53 Y296.56 Z60 E33.37
G1 F3547 X80.8 Y293.69 Z60 E33.37
G1 F3543 X80.07 Y290.82 Z60 E33.34
G1 F3547 X79.47 Y287.93 Z60 E33.37
G1 F3547 X79.01 Y285.01 Z60 E33.37
G1 F3542 X78.56 Y282.08 Z60 E33.34
G1 F3547 X78.24 Y279.14 Z60 E33.37
G1 F3547 X78.07 Y276.19 Z60 E33.37
G1 F3542 X77.9 Y273.24 Z60 E33.34
G1 F3547 X77.86 Y270.28 Z60 E33.37
G1 F3547 X77.97 Y267.32 Z60 E33.37
G1 F3542 X78.09 Y264.37 Z60 E33.34
G1 F3547 X78.33 Y261.42 Z60 E33.37
G1 F3547 X78.73 Y258.49 Z60 E33.37
G1 F3543 X79.13 Y255.56 Z60 E33.34
G1 F3547 X79.66 Y252.65 Z60 E33.37
G1 F3547 X80.33 Y249.77 Z60 E33.37
G1 F3543 X81 Y246.89 Z60 E33.34
G1 F3547 X81.8 Y244.04 Z60 E33.37
G1 F3547 X82.75 Y241.24 Z60 E33.37
G1 F3543 X83.69 Y238.44 Z60 E33.34
G1 F3547 X84.75 Y235.68 Z60 E33.37
G1 F3547 X85.95 Y232.97 Z60 E33.37
G1 F3543 X87.15 Y230.27 Z60 E33.34
G1 F3547 X88.46 Y227.62 Z60 E33.37
G1 F3547 X89.88 Y225.02 Z60 E33.37
G1 F3547 X91.3 Y222.43 Z60 E33.37
G1 F3547 X92.72 Y219.83 Z60 E33.37
G1 F3547 X94.14 Y217.24 Z60 E33.37
G1 F3544 X95.57 Y214.64 Z60 E33.35
G1 F3547 X96.89 Y212 Z60 E33.37
G1 F3547 X98.12 Y209.31 Z60 E33.37
G1 F3543 X99.36 Y206.62 Z60 E33.34
G1 F3547 X100.46 Y203.88 Z60 E33.37
G1 F3547 X101.44 Y201.09 Z60 E33.37
G1 F3543 X102.42 Y198.29 Z60 E33.34
G1 F3547 X103.26 Y195.46 Z60 E33.37
G1 F3547 X103.97 Y192.59 Z60 E33.37
G1 F3543 X104.68 Y189.72 Z60 E33.34
G1 F3547 X105.26 Y186.82 Z60 E33.37
G1 F3547 X105.69 Y183.89 Z60 E33.37
G1 F3542 X106.12 Y180.96 Z60 E33.34
G1 F3547 X106.42 Y178.02 Z60 E33.37
G1 F3547 X106.57 Y175.07 Z60 E33.37
G1 F3542 X106.72 Y172.11 Z60 E33.34
G1 F3547 X106.73 Y169.16 Z60 E33.37
G1 F3547 X106.6 Y166.2 Z60 E33.37
G1 F3542 X106.46 Y163.25 Z60 E33.34
G1 F3547 X106.19 Y160.3 Z60 E33.37
G1 F3547 X105.77 Y157.38 Z60 E33.37
G1 F3542 X105.36 Y154.45 Z60 E33.34
G1 F3547 X104.8 Y151.54 Z60 E33.37
G1 F3547 X104.11 Y148.67 Z60 E33.37
G1 F3543 X103.41 Y145.79 Z60 E33.34
G1 F3547 X102.58 Y142.95 Z60 E33.37
G1 F3547 X101.62 Y140.16 Z60 E33.37
G1 F3543 X100.66 Y137.36 Z60 E33.34
G1 F3547 X99.57 Y134.61 Z60 E33.37
G1 F3547 X98.35 Y131.91 Z60 E33.37
G1 F3544 X97.14 Y129.22 Z60 E33.35
G1 F3547 X95.82 Y126.57 Z60 E33.37
G1 F3547 X94.39 Y123.98 Z60 E33.37
G1 F3547 X92.97 Y121.38 Z60 E33.37
G1 F3547 X91.55 Y118.79 Z60 E33.37
G1 F3547 X90.12 Y116.2 Z60 E33.37
G1 F3544 X88.7 Y113.6 Z60 E33.35
G1 F3547 X87.38 Y110.96 Z60 E33.37
G1 F3547 X86.17 Y108.26 Z60 E33.37
G1 F3543 X84.96 Y105.56 Z60 E33.34
G1 F3547 X83.88 Y102.81 Z60 E33.37
G1 F3547 X82.92 Y100.01 Z60 E33.37
G1 F3543 X81.96 Y97.21 Z60 E33.34
G1 F3547 X81.14 Y94.37 Z60 E33.37
G1 F3547 X80.45 Y91.49 Z60 E33.37
G1 F3544 X79.76 Y88.61 Z60 E33.35
G1 F3547 X79.2 Y85.71 Z60 E33.37
G1 F3545 X78.74 Y82.79 Z60 E33.36
G1 F3543 X78.39 Y79.85 Z60 E33.34
G1 F3520 X78.28 Y76.9 Z60 E33.12
G1 F3354 X78.68 Y73.99 Z60 E31.57
G1 F3464 X80.25 Y71.68 Z60 E32.6
G1 F3536 X82.89 Y70.5 Z60 E33.27
G1 F3545 X85.82 Y70.1 Z60 E33.36
G1 F3547 X88.77 Y70.02 Z60 E33.37
G1 F3547 X91.73 Y70.01 Z60 E33.37
G1 F3547 X94.69 Y70.01 Z60 E33.37
G1 F3547 X97.65 Y70.01 Z60 E33.37
G1 F3547 X100.61 Y70 Z60 E33.37
G1 F3547 X103.57 Y70 Z60 E33.37
G1 F3547 X106.52 Y69.99 Z60 E33.37
G1 F3547 X109.48 Y69.99 Z60 E33.37
G1 F3547 X112.44 Y69.98 Z60 E33.37
G1 F3547 X115.4 Y69.98 Z60 E33.37
G1 F3547 X118.36 Y69.98 Z60 E33.37
G1 F3547 X121.32 Y69.97 Z60 E33.37
G1 F3547 X124.28 Y69.97 Z60 E33.37
G1 F3546 X127.24 Y69.96 Z60 E33.37
G1 F3547 X130.19 Y70 Z60 E33.37
G1 F3547 X133.15 Y70.07 Z60 E33.37
G1 F3534 X136.11 Y70.15 Z60 E33.25
G1 F3476 X139.04 Y70.5 Z60 E32.71
G1 F3342 X141.69 Y71.68 Z60 E31.45
G1 F3517 X143.2 Y74.02 Z60 E33.1
G1 F3542 X143.58 Y76.93 Z60 E33.33
G1 F3544 X143.47 Y79.88 Z60 E33.36
G1 F3547 X143.11 Y82.82 Z60 E33.37
G1 F3544 X142.67 Y85.74 Z60 E33.35
G1 F3547 X142.09 Y88.64 Z60 E33.37
G1 F3547 X141.41 Y91.52 Z60 E33.37
G1 F3543 X140.73 Y94.4 Z60 E33.34
G1 F3547 X139.89 Y97.23 Z60 E33.37
G1 F3547 X138.94 Y100.04 Z60 E33.37
G1 F3543 X137.99 Y102.84 Z60 E33.34
G1 F3547 X136.89 Y105.58 Z60 E33.37
G1 F3547 X135.68 Y108.28 Z60 E33.37
G1 F3544 X134.48 Y110.99 Z60 E33.35
G1 F3547 X133.14 Y113.62 Z60 E33.37
G1 F3547 X131.72 Y116.22 Z60 E33.37
G1 F3547 X130.3 Y118.81 Z60 E33.37
G1 F3547 X128.88 Y121.41 Z60 E33.37
G1 F3547 X127.45 Y124 Z60 E33.37
G1 F3544 X126.03 Y126.6 Z60 E33.35
G1 F3547 X124.73 Y129.25 Z60 E33.37
G1 F3547 X123.5 Y131.94 Z60 E33.37
G1 F3543 X122.28 Y134.64 Z60 E33.34
G1 F3547 X121.21 Y137.39 Z60 E33.37
G1 F3547 X120.24 Y140.19 Z60 E33.37
G1 F3543 X119.27 Y142.98 Z60 E33.34
G1 F3547 X118.46 Y145.82 Z60 E33.37
G1 F3547 X117.76 Y148.7 Z60 E33.37
G1 F3543 X117.05 Y151.57 Z60 E33.34
G1 F3547 X116.52 Y154.48 Z60 E33.37
G1 F3547 X116.09 Y157.41 Z60 E33.37
G1 F3543 X115.67 Y160.33 Z60 E33.34
G1 F3547 X115.41 Y163.28 Z60 E33.37
G1 F3547 X115.27 Y166.23 Z60 E33.37
G1 F3543 X115.12 Y169.19 Z60 E33.34
G1 F3547 X115.15 Y172.14 Z60 E33.37
G1 F3547 X115.3 Y175.1 Z60 E33.37
G1 F3543 X115.44 Y178.05 Z60 E33.34
G1 F3547 X115.75 Y180.99 Z60 E33.37
G1 F3547 X116.18 Y183.92 Z60 E33.37
G1 F3543 X116.6 Y186.85 Z60 E33.34
G1 F3547 X117.2 Y189.75 Z60 E33.37
G1 F3547 X117.9 Y192.62 Z60 E33.37
G1 F3543 X118.6 Y195.49 Z60 E33.34
G1 F3547 X119.46 Y198.32 Z60 E33.37
G1 F3547 X120.43 Y201.12 Z60 E33.37
G1 F3543 X121.4 Y203.91 Z60 E33.34
G1 F3547 X122.53 Y206.64 Z60 E33.37
G1 F3547 X123.75 Y209.34 Z60 E33.37
G1 F3544 X124.98 Y212.03 Z60 E33.35
G1 F3547 X126.32 Y214.66 Z60 E33.37
G1 F3547 X127.74 Y217.26 Z60 E33.37
G1 F3547 X129.17 Y219.85 Z60 E33.37
G1 F3547 X130.59 Y222.45 Z60 E33.37
G1 F3547 X132.01 Y225.04 Z60 E33.37
G1 F3544 X133.43 Y227.64 Z60 E33.35
G1 F3547 X134.72 Y230.3 Z60 E33.37
G1 F3547 X135.93 Y233 Z60 E33.37
G1 F3543 X137.13 Y235.7 Z60 E33.34
G1 F3547 X138.18 Y238.46 Z60 E33.37
G1 F3547 X139.13 Y241.27 Z60 E33.37
G1 F3543 X140.08 Y244.07 Z60 E33.34
G1 F3547 X140.87 Y246.92 Z60 E33.37
G1 F3547 X141.55 Y249.8 Z60 E33.37
G1 F3543 X142.23 Y252.68 Z60 E33.34
G1 F3547 X142.74 Y255.59 Z60 E33.37
G1 F3547 X143.14 Y258.52 Z60 E33.37
G1 F3543 X143.55 Y261.45 Z60 E33.34
G1 F3547 X143.78 Y264.4 Z60 E33.37
G1 F3547 X143.9 Y267.35 Z60 E33.37
G1 F3543 X144.02 Y270.31 Z60 E33.34
G1 F3547 X143.96 Y273.26 Z60 E33.37
G1 F3547 X143.8 Y276.22 Z60 E33.37
G1 F3543 X143.63 Y279.17 Z60 E33.34
G1 F3547 X143.3 Y282.11 Z60 E33.37
G1 F3547 X142.85 Y285.03 Z60 E33.37
G1 F3543 X142.4 Y287.96 Z60 E33.34
G1 F3547 X141.79 Y290.85 Z60 E33.37
G1 F3547 X141.06 Y293.72 Z60 E33.37
G1 F3543 X140.34 Y296.59 Z60 E33.34
G1 F3547 X139.45 Y299.41 Z60 E33.37
G1 F3547 X138.46 Y302.2 Z60 E33.37
G1 F3543 X137.48 Y304.98 Z60 E33.34
G1 F3547 X136.33 Y307.71 Z60 E33.37
G1 F3547 X135.09 Y310.39 Z60 E33.37
G1 F3545 X133.85 Y313.08 Z60 E33.36
G1 F3547 X132.49 Y315.71 Z60 E33.37
G1 F3547 X131.07 Y318.3 Z60 E33.37
G1 F3547 X129.65 Y320.9 Z60 E33.37
G1 F3547 X128.23 Y323.49 Z60 E33.37
G1 F3547 X126.81 Y326.09 Z60 E33.37
G1 F3543 X125.39 Y328.69 Z60 E33.34
G1 F3547 X124.12 Y331.35 Z60 E33.37
G1 F3547 X122.93 Y334.06 Z60 E33.37
G1 F3543 X121.74 Y336.77 Z60 E33.34
G1 F3547 X120.72 Y339.55 Z60 E33.37
G1 F3547 X119.79 Y342.35 Z60 E33.37
G1 F3543 X118.86 Y345.16 Z60 E33.34
G1 F3547 X118.1 Y348.02 Z60 E33.37
G1 F3547 X117.43 Y350.9 Z60 E33.37
G1 F3543 X116.77 Y353.79 Z60 E33.34
G1 F3547 X116.29 Y356.7 Z60 E33.37
G1 F3547 X115.9 Y359.64 Z60 E33.37
G1 F3543 X115.52 Y362.57 Z60 E33.34
G1 F3547 X115.32 Y365.52 Z60 E33.37
G1 F3547 X115.22 Y368.48 Z60 E33.37
G1 F3543 X115.12 Y371.43 Z60 E33.34
G1 F3547 X115.2 Y374.39 Z60 E33.37
G1 F3547 X115.38 Y377.34 Z60 E33.37
G1 F3543 X115.57 Y380.29 Z60 E33.34
G1 F3547 X115.93 Y383.23 Z60 E33.37
G1 F3547 X116.4 Y386.15 Z60 E33.37
G1 F3543 X116.86 Y389.07 Z60 E33.34
G1 F3547 X117.51 Y391.95 Z60 E33.37
G1 F3547 X118.25 Y394.82 Z60 E33.37
G1 F3543 X118.99 Y397.68 Z60 E33.34
G1 F3547 X119.9 Y400.49 Z60 E33.37
G1 F3547 X120.91 Y403.28 Z60 E33.37
G1 F3543 X121.92 Y406.06 Z60 E33.34
G1 F3547 X123.09 Y408.77 Z60 E33.37
G1 F3547 X124.35 Y411.45 Z60 E33.37
G1 F3545 X125.61 Y414.13 Z60 E33.36
G1 F3547 X126.99 Y416.74 Z60 E33.37
G1 F3547 X128.43 Y419.33 Z60 E33.37
G1 F3547 X129.86 Y421.92 Z60 E33.37
G1 F3547 X131.3 Y424.5 Z60 E33.37
G1 F3544 X132.74 Y427.09 Z60 E33.36
G1 F3547 X134.05 Y429.74 Z60 E33.37
G1 F3547 X135.3 Y432.42 Z60 E33.37
G1 F3543 X136.55 Y435.1 Z60 E33.34
G1 F3547 X137.64 Y437.85 Z60 E33.37
G1 F3547 X138.64 Y440.63 Z60 E33.37
G1 F3543 X139.63 Y443.42 Z60 E33.34
G1 F3547 X140.46 Y446.26 Z60 E33.37
G1 F3547 X141.19 Y449.12 Z60 E33.37
G1 F3544 X141.92 Y451.99 Z60 E33.35
G1 F3547 X142.5 Y454.89 Z60 E33.37
G1 F3545 X143 Y457.81 Z60 E33.36
G1 F3545 X143.39 Y460.74 Z60 E33.36
G1 F3539 X143.61 Y463.69 Z60 E33.3
G1 F3460 X143.5 Y466.64 Z60 E32.56
G1 F3391 X142.39 Y469.3 Z60 E31.91
G1 F3520 X140.01 Y470.84 Z60 E33.12
G1 F3544 X137.13 Y471.39 Z60 E33.35
G1 F3546 X134.17 Y471.54 Z60 E33.37
G1 F3547 X131.22 Y471.57 Z60 E33.37
G1 F3547 X128.26 Y471.57 Z60 E33.37
G1 F3547 X125.3 Y471.57 Z60 E33.37
G1 F3547 X122.34 Y471.58 Z60 E6.67
G1 F3547 X119.38 Y471.58 Z60 E6.67
G1 F3547 X119.38 Y471.58 Z60 E6.67
G1 F3547 X119.38 Y471.58 Z60 E6.67
G1 F3547 X119.38 Y471.58 Z60 E6.67
G1 F3547 X119.38 Y471.58 Z60 E6.67
G1 F3547 X119.38 Y471.58 Z60 E6.67
G1 F3547 X119.38 Y471.58 Z60 E6.67
G1 F3547 X119.38 Y471.58 Z60 E6.67
G1 F3547 X119.38 Y471.58 Z60 E6.67
G1 F3547 X119.38 Y471.58 Z60 E6.67
G1 F3547 X119.38 Y471.58 Z60 E6.67
G1 F3547 X119.38 Y471.58 Z60 E6.67
G1 F3547 X119.38 Y471.58 Z60 E6.67
G1 F3547 X119.38 Y471.58 Z60 E6.67
G1 F3547 X119.38 Y471.58 Z60 E6.67
G1 F3547 X119.38 Y471.58 Z60 E6.67
G1 F3547 X119.38 Y471.58 Z60 E6.67
G1 F3547 X119.38 Y471.58 Z60 E6.67
G1 F3547 X119.38 Y471.58 Z60 E6.67
G1 F3547 X119.38 Y471.58 Z60 E6.67
G1 F3547 X119.38 Y471.58 Z60 E6.67
G1 F3547 X119.38 Y471.58 Z60 E6.67
G1 F3547 X119.38 Y471.58 Z60 E6.67
G1 F3547 X119.38 Y471.58 Z60 E6.67
G1 F3547 X119.38 Y471.58 Z60 E6.67
G1 F3547 X119.38 Y471.58 Z60 E6.67
G1 F3547 X119.38 Y471.58 Z60 E6.67
G1 F3547 X119.38 Y471.58 Z60 E6.67
G1 F3547 X119.38 Y471.58 Z60 E6.67
G1 F3547 X119.38 Y471.58 Z60 E6.67
G1 F3547 X119.38 Y471.58 Z60 E6.67
G1 F3547 X119.38 Y471.58 Z60 E6.67
G1 F3547 X119.38 Y471.58 Z60 E6.67
G1 F3547 X119.38 Y471.58 Z60 E6.67
G1 F3547 X119.38 Y471.58 Z60 E6.67
G1 F3547 X119.38 Y471.58 Z60 E6.67
G1 F3547 X119.38 Y471.58 Z60 E6.67
G1 F3547 X119.38 Y471.58 Z60 E6.67
G1 F3547 X119.38 Y471.58 Z60 E6.67
G1 F3547 X119.38 Y471.58 Z60 E6.67
G1 F3547 X119.38 Y471.58 Z60 E6.67
G1 F3547 X119.38 Y471.58 Z60 E6.67
G1 F3547 X119.38 Y471.58 Z60 E6.67
G1 F3547 X119.38 Y471.58 Z60 E6.67
G1 F3547 X119.38 Y471.58 Z60 E6.67
G1 F3547 X119.38 Y471.58 Z60 E6.67
G1 F3547 X119.38 Y471.58 Z60 E6.67
G1 F3547 X119.38 Y471.58 Z60 E6.67
G1 F3547 X119.38 Y471.58 Z60 E6.67
G1 F3547 X119.38 Y471.58 Z60 E6.67
G1 F3547 X119.38 Y471.58 Z60 E6.67
G1 F3547 X119.38 Y471.58 Z60 E6.67
G1 F3547 X119.38 Y471.58 Z60 E6.67
G1 F3547 X119.38 Y471.58 Z60 E6.67
G1 F3547 X119.38 Y471.58 Z60 E6.67
G1 F3547 X119.38 Y471.58 Z60 E6.67
G1 F3547 X119.38 Y471.58 Z60 E6.67
G1 F3547 X119.38 Y471.58 Z60 E6.67
G1 F3547 X119.38 Y471.58 Z60 E6.67
G1 F3547 X119.38 Y471.58 Z60 E6.67
G1 F3547 X119.38 Y471.58 Z60 E6.67
G1 F3547 X119.38 Y471.58 Z60 E6.67
G1 F3547 X119.38 Y471.58 Z60 E6.67
G1 F3547 X119.38 Y471.58 Z60 E6.67
G1 F3547 X119.38 Y471.58 Z60 E6.67
G1 F3547 X119.38 Y471.58 Z60 E6.67
G1 F3547 X119.38 Y471.58 Z60 E6.67
G1 F3547 X119.38 Y471.58 Z60 E6.67
G1 F3547 X119.38 Y471.58 Z60 E6.67
G1 F3547 X119.38 Y471.58 Z60 E6.67
G1 F3547 X119.38 Y471.58 Z60 E6.67
G1 F3547 X119.38 Y471.58 Z60 E6.67
G1 F3547 X119.38 Y471.58 Z60 E6.67
G1 F3547 X119.38 Y471.58 Z60 E6.67
G1 F3547 X119.38 Y471.58 Z60 E6.67
G1 F3547 X119.38 Y471.58 Z60 E6.67
G1 F3547 X119.38 Y471.58 Z60 E6.67
G1 F3547 X119.38 Y471.58 Z60 E6.67
G1 F3547 X119.38 Y471.58 Z60 E6.67
G1 F3547 X119.38 Y471.58 Z60 E6.67
G1 F3547 X119.38 Y471.58 Z60 E6.67
G1 F3547 X119.38 Y471.58 Z60 E6.67
G1 F3547 X119.38 Y471.58 Z60 E6.67
G1 F3547 X119.38 Y471.58 Z60 E6.67
G1 F3547 X119.38 Y471.58 Z60 E6.67
G1 F3547 X119.38 Y471.58 Z60 E6.67
G1 F3547 X119.38 Y471.58 Z60 E6.67
G1 F3547 X119.38 Y471.58 Z60 E6.67
G1 F3547 X119.38 Y471.58 Z60 E6.67
G1 F3547 X119.38 Y471.58 Z60 E6.67
G1 F3547 X119.38 Y471.58 Z60 E6.67
G1 F3547 X119.38 Y471.58 Z60 E6.67
G1 F3547 X119.38 Y471.58 Z60 E6.67
G1 F3547 X119.38 Y471.58 Z60 E6.67
G1 F3547 X119.38 Y471.58 Z60 E6.67
G1 F3547 X119.38 Y471.58 Z60 E6.67
G1 F3547 X119.38 Y471.58 Z60 E6.67
G1 F3547 X119.38 Y471.58 Z60 E6.67
G1 F3547 X119.38 Y471.58 Z60 E6.67
G1 F3547 X119.38 Y471.58 Z60 E6.67
G1 F3547 X119.38 Y471.58 Z60 E6.67
G1 F3547 X119.38 Y471.58 Z60 E6.67
G1 F3547 X119.38 Y471.58 Z60 E6.67
G1 F3547 X119.38 Y471.58 Z60 E6.67
G1 F3547 X119.38 Y471.58 Z60 E6.67
G1 F3547 X119.38 Y471.58 Z60 E6.67
G1 F3547 X119.38 Y471.58 Z60 E6.67
G1 F3547 X119.38 Y471.58 Z60 E6.67
G1 F3547 X119.38 Y471.58 Z60 E6.67
G1 F3547 X119.38 Y471.58 Z60 E6.67
G1 F3547 X119.38 Y471.58 Z60 E6.67
G1 F3547 X119.38 Y471.58 Z60 E6.67
G1 F3547 X119.38 Y471.58 Z60 E6.67
G1 F3547 X119.38 Y471.58 Z60 E6.67
G1 F3547 X119.38 Y471.58 Z60 E6.67
G1 F3547 X119.38 Y471.58 Z60 E6.67
G1 F3547 X119.38 Y471.58 Z60 E6.67
G1 F3547 X119.38 Y471.58 Z60 E6.67
G1 F3547 X119.38 Y471.58 Z60 E6.67
G1 F3547 X119.38 Y471.58 Z60 E6.67
G1 F3547 X119.38 Y471.58 Z60 E6.67
G1 F3547 X119.38 Y471.58 Z60 E6.67
G1 F3547 X119.38 Y471.58 Z60 E6.67
G1 F3547 X119.38 Y471.58 Z60 E6.67
G1 F3547 X119.38 Y471.58 Z60 E6.67
G1 F3547 X119.38 Y471.58 Z60 E6.67
G1 F3547 X119.38 Y471.58 Z60 E6.67
G1 F3547 X119.38 Y471.58 Z60 E6.67
G1 F3547 X119.38 Y471.58 Z60 E6.67
G1 F3547 X119.38 Y471.58 Z60 E6.67
G1 F3547 X119.38 Y471.58 Z60 E6.67
G1 F3547 X119.38 Y471.58 Z60 E6.67
G1 F3547 X119.38 Y471.58 Z60 E6.67
G1 F3547 X119.38 Y471.58 Z60 E6.67
G1 F3547 X119.38 Y471.58 Z60 E6.67
G1 F3547 X119.38 Y471.58 Z60 E6.67
G1 F3547 X119.38 Y471.58 Z60 E6.67
G1 F3547 X119.38 Y471.58 Z60 E6.67
G1 F3547 X119.38 Y471.58 Z60 E6.67
G1 F3547 X119.38 Y471.58 Z60 E6.67
G1 F3547 X119.38 Y471.58 Z60 E6.67
G1 F3547 X119.38 Y471.58 Z60 E6.67
G1 F3547 X119.38 Y471.58 Z60 E6.67
G1 F3547 X119.38 Y471.58 Z60 E6.67
G1 F3547 X119.38 Y471.58 Z60 E6.67
G1 F3547 X119.38 Y471.58 Z60 E6.67
G1 F3547 X119.38 Y471.58 Z60 E6.67
G1 F3547 X119.38 Y471.58 Z60 E6.67
G1 F3547 X119.38 Y471.58 Z60 E6.67
G1 F3547 X119.38 Y471.58 Z60 E6.67
G1 F3547 X119.38 Y471.58 Z60 E6.67
G1 F3547 X119.38 Y471.58 Z60 E6.67
G1 F3547 X119.38 Y471.58 Z60 E6.67
G1 F3547 X119.38 Y471.58 Z60 E6.67
G1 F3547 X119.38 Y471.58 Z60 E6.67
G1 F3547 X119.38 Y471.58 Z60 E6.67
G1 F3547 X119.38 Y471.58 Z60 E6.67
G1 F3547 X119.38 Y471.58 Z60 E6.67
G1 F3547 X119.38 Y471.58 Z60 E6.67
G1 F3547 X119.38 Y471.58 Z60 E6.67
G1 F3547 X119.38 Y471.58 Z60 E6.67
G1 F3547 X119.38 Y471.58 Z60 E6.67
G1 F3547 X119.38 Y471.58 Z60 E6.67
G1 F3547 X119.38 Y471.58 Z60 E6.67
G1 F3547 X119.38 Y471.58 Z60 E6.67
G1 F3547 X119.38 Y471.58 Z60 E6.67
G1 F3547 X119.38 Y471.58 Z60 E6.67
G1 F3547 X119.38 Y471.58 Z60 E6.67
G1 F3547 X119.38 Y471.58 Z60 E6.67
G1 F3547 X119.38 Y471.58 Z60 E6.67
G1 F3547 X119.38 Y471.58 Z60 E6.67
G1 F3547 X119.38 Y471.58 Z60 E6.67
G1 F3547 X119.38 Y471.58 Z60 E6.67
G1 F3547 X119.38 Y471.58 Z60 E6.67
G1 F3547 X119.38 Y471.58 Z60 E6.67
G1 F3547 X119.38 Y471.58 Z60 E6.67
G1 F3547 X119.38 Y471.58 Z60 E6.67
G1 F3547 X119.38 Y471.58 Z60 E6.67
G1 F3547 X119.38 Y471.58 Z60 E6.67
G1 F3547 X119.38 Y471.58 Z60 E6.67
G1 F3547 X119.38 Y471.58 Z60 E6.67
G1 F3547 X119.38 Y471.58 Z60 E6.67
G1 F3547 X119.38 Y471.58 Z60 E6.67
G1 F3547 X119.38 Y471.58 Z60 E6.67
G1 F3547 X119.38 Y471.58 Z60 E6.67
G1 F3547 X119.38 Y471.58 Z60 E6.67
G1 F3547 X119.38 Y471.58 Z60 E6.67
G1 F3547 X119.38 Y471.58 Z60 E6.67
G1 F3547 X119.38 Y471.58 Z60 E6.67
G1 F3547 X119.38 Y471.58 Z60 E6.67
G1 F3547 X119.38 Y471.58 Z60 E6.67
G1 F3547 X119.38 Y471.58 Z60 E6.67
G1 F3547 X119.38 Y471.58 Z60 E6.67
G1 F3547 X119.38 Y471.58 Z60 E6.67
G1 F3547 X119.38 Y471.58 Z60 E6.67
G1 F3547 X119.38 Y471.58 Z60 E6.67
G1 F3547 X119.38 Y471.58 Z60 E6.67
G1 F3547 X119.38 Y471.58 Z60 E6.67
G1 F3547 X119.38 Y471.58 Z60 E6.67
G1 F3547 X119.38 Y471.58 Z60 E6.67
G1 F3547 X119.38 Y471.58 Z60 E6.67
G1 F3547 X119.38 Y471.58 Z60 E6.67
G1 F3547 X119.38 Y471.58 Z60 E6.67
G1 F3547 X119.38 Y471.58 Z60 E6.67
G1 F3547 X119.38 Y471.58 Z60 E6.67
G1 F3547 X119.38 Y471.58 Z60 E6.67
G1 F3547 X119.38 Y471.58 Z60 E6.67
G1 F3547 X119.38 Y471.58 Z60 E6.67
G1 F3547 X119.38 Y471.58 Z60 E6.67
G1 F3547 X119.38 Y471.58 Z60 E6.67
G1 F3547 X119.38 Y471.58 Z60 E6.67
G1 F3547 X119.38 Y471.58 Z60 E6.67
G1 F3547 X119.38 Y471.58 Z60 E6.67
G1 F3547 X119.38 Y471.58 Z60 E6.67
G1 F3547 X119.38 Y471.58 Z60 E6.67
G1 F3547 X119.38 Y471.58 Z60 E6.67
G1 F3547 X119.38 Y471.58 Z60 E6.67
G1 F3547 X119.38 Y471.58 Z60 E6.67
G1 F3547 X119.38 Y471.58 Z60 E6.67
G1 F3547 X119.38 Y471.58 Z60 E6.67
G1 F3547 X119.38 Y471.58 Z60 E6.67
G1 F3547 X119.38 Y471.58 Z60 E6.67
G1 F3547 X119.38 Y471.58 Z60 E6.67
G1 F3547 X119.38 Y471.58 Z60 E6.67
G1 F3547 X119.38 Y471.58 Z60 E6.67
G1 F3547 X119.38 Y471.58 Z60 E6.67
G1 F3547 X119.38 Y471.58 Z60 E6.67
G1 F3547 X119.38 Y471.58 Z60 E6.67
G1 F3547 X119.38 Y471.58 Z60 E6.67
G1 F3547 X119.38 Y471.58 Z60 E6.67
G1 F3547 X119.38 Y471.58 Z60 E6.67
G1 F3547 X119.38 Y471.58 Z60 E6.67
G1 F3547 X119.38 Y471.58 Z60 E6.67
G1 F3547 X119.38 Y471.58 Z60 E6.67
G1 F3547 X119.38 Y471.58 Z60 E6.67
G1 F3547 X119.38 Y471.58 Z60 E6.67
G1 F3547 X119.38 Y471.58 Z60 E6.67
G1 F3547 X119.38 Y471.58 Z60 E6.67
G1 F3547 X119.38 Y471.58 Z60 E6.67
G1 F3547 X119.38 Y471.58 Z60 E6.67
G1 F3547 X119.38 Y471.58 Z60 E6.67
G1 F3547 X119.38 Y471.58 Z60 E6.67
G1 F3547 X119.38 Y471.58 Z60 E6.67
G1 F3547 X119.38 Y471.58 Z60 E6.67
G1 F3547 X119.38 Y471.58 Z60 E6.67
G1 F3547 X119.38 Y471.58 Z60 E6.67
G1 F3547 X119.38 Y471.58 Z60 E6.67
G1 F3547 X119.38 Y471.58 Z60 E6.67
G1 F3547 X119.38 Y471.58 Z60 E6.67
G1 F3547 X119.38 Y471.58 Z60 E6.67
G1 F3547 X119.38 Y471.58 Z60 E6.67
G1 F3547 X119.38 Y471.58 Z60 E6.67
G1 F3547 X119.38 Y471.58 Z60 E6.67
G1 F3547 X119.38 Y471.58 Z60 E6.67
G1 F3547 X119.38 Y471.58 Z60 E6.67
G1 F3547 X119.38 Y471.58 Z60 E6.67
G1 F3547 X119.38 Y471.58 Z60 E6.67
G1 F3547 X119.38 Y471.58 Z60 E6.67
G1 F3547 X119.38 Y471.58 Z60 E6.67
G1 F3547 X119.38 Y471.58 Z60 E6.67
G1 F3547 X119.38 Y471.58 Z60 E6.67
G1 F3547 X119.38 Y471.58 Z60 E6.67
G1 F3547 X119.38 Y471.58 Z60 E6.67
G1 F3547 X119.38 Y471.58 Z60 E6.67
G1 F3547 X119.38 Y471.58 Z60 E6.67
G1 F3547 X119.38 Y471.58 Z60 E6.67
G1 F3547 X119.38 Y471.58 Z60 E6.67
G1 F3547 X119.38 Y471.58 Z60 E6.67
G1 F3547 X119.38 Y471.58 Z60 E6.67
G1 F3547 X119.38 Y471.58 Z60 E6.67
G1 F3547 X119.38 Y471.58 Z60 E6.67
G1 F3547 X119.38 Y471.58 Z60 E6.67
G1 F3547 X119.38 Y471.58 Z60 E6.67
G1 F3547 X119.38 Y471.58 Z60 E6.67
G1 F3547 X119.38 Y471.58 Z60 E6.67
G1 F3547 X119.38 Y471.58 Z60 E6.67
G1 F3547 X119.38 Y471.58 Z60 E6.67
G1 F3547 X119.38 Y471.58 Z60 E6.67
G1 F3547 X119.38 Y471.58 Z60 E6.67
G1 F3547 X119.38 Y471.58 Z60 E6.67
G1 F3547 X119.38 Y471.58 Z60 E6.67
G1 F3547 X119.38 Y471.58 Z60 E6.67
G1 F3547 X119.38 Y471.58 Z60 E6.67
G1 F3547 X119.38 Y471.58 Z60 E6.67
G1 F3547 X119.38 Y471.58 Z60 E6.67
G1 F3547 X119.38 Y471.58 Z60 E6.67
G1 F3547 X119.38 Y471.58 Z60 E6.67
G1 F3547 X119.38 Y471.58 Z60 E6.67
G1 F3547 X119.38 Y471.58 Z60 E6.67
G1 F3547 X119.38 Y471.58 Z60 E6.67
G1 F3547 X119.38 Y471.58 Z60 E6.67
G1 F3547 X119.38 Y471.58 Z60 E6.67
G1 F3547 X119.38 Y471.58 Z60 E6.67
G1 F3547 X119.38 Y471.58 Z60 E6.67
G1 F3547 X119.38 Y471.58 Z60 E6.67
G1 F3547 X119.38 Y471.58 Z60 E6.67
G1 F3547 X119.38 Y471.58 Z60 E6.67
G1 F3547 X119.38 Y471.58 Z60 E6.67
G1 F3547 X119.38 Y471.58 Z60 E6.67
G1 F3547 X119.38 Y471.58 Z60 E6.67
G1 F3547 X119.38 Y471.58 Z60 E6.67
G1 F3547 X119.38 Y471.58 Z60 E6.67
G1 F3547 X119.38 Y471.58 Z60 E6.67
G1 F3547 X119.38 Y471.58 Z60 E6.67
G1 F3547 X119.38 Y471.58 Z60 E6.67
G1 F3547 X119.38 Y471.58 Z60 E6.67
G1 F3547 X119.38 Y471.58 Z60 E6.67
G1 F3547 X119.38 Y471.58 Z60 E6.67
G1 F3547 X119.38 Y471.58 Z60 E6.67
G1 F3547 X119.38 Y471.58 Z60 E6.67
G1 F3547 X119.38 Y471.58 Z60 E6.67
G1 F3547 X119.38 Y471.58 Z60 E6.67
G1 F3547 X119.38 Y471.58 Z60 E6.67
G1 F3547 X119.38 Y471.58 Z60 E6.67
G1 F3547 X119.38 Y471.58 Z60 E6.67
G1 F3547 X119.38 Y471.58 Z60 E6.67
G1 F3547 X119.38 Y471.58 Z60 E6.67
G1 F3547 X119.38 Y471.58 Z60 E6.67
G1 F3547 X119.38 Y471.58 Z60 E6.67
G1 F3547 X119.38 Y471.58 Z60 E6.67
G1 F3547 X119.38 Y471.58 Z60 E6.67
G1 F3547 X119.38 Y471.58 Z60 E6.67
G1 F3547 X119.38 Y471.58 Z60 E6.67
G1 F3547 X119.38 Y471.58 Z60 E6.67
G1 F3547 X119.38 Y471.58 Z60 E6.67
G1 F3547 X119.38 Y471.58 Z60 E6.67
G1 F3547 X119.38 Y471.58 Z60 E6.67
G1 F3547 X119.38 Y471.58 Z60 E6.67
G1 F3547 X119.38 Y471.58 Z60 E6.67
G1 F3547 X119.38 Y471.58 Z60 E6.67
G1 F3547 X119.38 Y471.58 Z60 E6.67
G1 F3547 X119.38 Y471.58 Z60 E6.67
G1 F3547 X119.38 Y471.58 Z60 E6.67
G1 F3547 X119.38 Y471.58 Z60 E6.67
G1 F3547 X119.38 Y471.58 Z60 E6.67
G1 F3547 X119.38 Y471.58 Z60 E6.67
G1 F3547 X119.38 Y471.58 Z60 E6.67
G1 F3547 X119.38 Y471.58 Z60 E6.67
G1 F3547 X119.38 Y471.58 Z60 E6.67
G1 F3547 X119.38 Y471.58 Z60 E6.67
G1 F3547 X119.38 Y471.58 Z60 E6.67
G1 F3547 X119.38 Y471.58 Z60 E6.67
G1 F3547 X119.38 Y471.58 Z60 E6.67
G1 F3547 X119.38 Y471.58 Z60 E6.67
G1 F3547 X119.38 Y471.58 Z60 E6.67
G1 F3547 X119.38 Y471.58 Z60 E6.67
G1 F3547 X119.38 Y471.58 Z60 E6.67
G1 F3547 X119.38 Y471.58 Z60 E6.67
G1 F3547 X119.38 Y471.58 Z60 E6.67
G1 F3547 X119.38 Y471.58 Z60 E6.67
G1 F3547 X119.38 Y471.58 Z60 E6.67
G1 F3547 X119.38 Y471.58 Z60 E6.67
G1 F3547 X119.38 Y471.58 Z60 E6.67
G1 F3547 X119.38 Y471.58 Z60 E6.67
G1 F3547 X119.38 Y471.58 Z60 E6.67
G1 F3547 X119.38 Y471.58 Z60 E6.67
G1 F3547 X119.38 Y471.58 Z60 E6.67
G1 F3547 X119.38 Y471.58 Z60 E6.67
G1 F3547 X119.38 Y471.58 Z60 E6.67
G1 F3547 X119.38 Y471.58 Z60 E6.67
G1 F3547 X119.38 Y471.58 Z60 E6.67
G1 F3547 X119.38 Y471.58 Z60 E6.67
G1 F3547 X119.38 Y471.58 Z60 E6.67
G1 F3547 X119.38 Y471.58 Z60 E6.67
G1 F3547 X119.38 Y471.58 Z60 E6.67
G1 F3547 X119.38 Y471.58 Z60 E6.67
G1 F3547 X119.38 Y471.58 Z60 E6.67
G1 F3547 X119.38 Y471.58 Z60 E6.67
G1 F3547 X119.38 Y471.58 Z60 E6.67
G1 F3547 X119.38 Y471.58 Z60 E6.67
G1 F3547 X119.38 Y471.58 Z60 E6.67
G1 F3547 X119.38 Y471.58 Z60 E6.67
G1 F3547 X119.38 Y471.58 Z60 E6.67
G1 F3547 X119.38 Y471.58 Z60 E6.67
G1 F3547 X119.38 Y471.58 Z60 E6.67
G1 F3547 X119.38 Y471.58 Z60 E6.67
G1 F3547 X119.38 Y471.58 Z60 E6.67
G1 F3547 X119.38 Y471.58 Z60 E6.67
G1 F3547 X119.38 Y471.58 Z60 E6.67
G1 F3547 X119.38 Y471.58 Z60 E6.67
G1 F3547 X119.38 Y471.58 Z60 E6.67
G1 F3547 X119.38 Y471.58 Z60 E6.67
G1 F3547 X119.38 Y471.58 Z60 E6.67
G1 F3547 X119.38 Y471.58 Z60 E6.67
G1 F3547 X119.38 Y471.58 Z60 E6.67
G1 F3547 X119.38 Y471.58 Z60 E6.67
G1 F3547 X119.38 Y471.58 Z60 E6.67
G1 F3547 X119.38 Y471.58 Z60 E6.67
G1 F3547 X119.38 Y471.58 Z60 E6.67
G1 F3547 X119.38 Y471.58 Z60 E6.67
G1 F3547 X119.38 Y471.58 Z60 E6.67
G1 F3547 X119.38 Y471.58 Z60 E6.67
G1 F3547 X119.38 Y471.58 Z60 E6.67
G1 F3547 X119.38 Y471.58 Z60 E6.67
G1 F3547 X119.38 Y471.58 Z60 E6.67
G1 F3547 X119.38 Y471.58 Z60 E6.67
G1 F3547 X119.38 Y471.58 Z60 E6.67
G1 F3547 X119.38 Y471.58 Z60 E6.67
G1 F3547 X119.38 Y471.58 Z60 E6.67
G1 F3547 X119.38 Y471.58 Z60 E6.67
G1 F3547 X119.38 Y471.58 Z60 E6.67
G1 F3547 X119.38 Y471.58 Z60 E6.67
G1 F3547 X119.38 Y471.58 Z60 E6.67
G1 F3547 X119.38 Y471.58 Z60 E6.67
G1 F3547 X119.38 Y471.58 Z60 E6.67
G1 F3547 X119.38 Y471.58 Z60 E6.67
G1 F3547 X119.38 Y471.58 Z60 E6.67
G1 F3547 X119.38 Y471.58 Z60 E6.67
G1 F3547 X119.38 Y471.58 Z60 E6.67
G1 F3547 X119.38 Y471.58 Z60 E6.67
G1 F3547 X119.38 Y471.58 Z60 E6.67
G1 F3547 X119.38 Y471.58 Z60 E6.67
G1 F3547 X119.38 Y471.58 Z60 E6.67
G1 F3547 X119.38 Y471.58 Z60 E6.67
G1 F3547 X119.38 Y471.58 Z60 E6.67
G1 F3547 X119.38 Y471.58 Z60 E6.67
G1 F3547 X119.38 Y471.58 Z60 E6.67
G1 F3547 X119.38 Y471.58 Z60 E6.67
G1 F3547 X119.38 Y471.58 Z60 E6.67
G1 F3547 X119.38 Y471.58 Z60 E6.67
G1 F3547 X119.38 Y471.58 Z60 E6.67
G1 F3547 X119.38 Y471.58 Z60 E6.67
G1 F3547 X119.38 Y471.58 Z60 E6.67
G1 F3547 X119.38 Y471.58 Z60 E6.67
G1 F3547 X119.38 Y471.58 Z60 E6.67
G1 F3547 X119.38 Y471.58 Z60 E6.67
G1 F3547 X119.38 Y471.58 Z60 E6.67
G1 F3547 X119.38 Y471.58 Z60 E6.67
G1 F3547 X119.38 Y471.58 Z60 E6.67
G1 F3547 X119.38 Y471.58 Z60 E6.67
G1 F3547 X119.38 Y471.58 Z60 E6.67
G1 F3547 X119.38 Y471.58 Z60 E6.67
G1 F3547 X119.38 Y471.58 Z60 E6.67
G1 F3547 X119.38 Y471.58 Z60 E6.67
G1 F3547 X119.38 Y471.58 Z60 E6.67
G1 F3547 X119.38 Y471.58 Z60 E6.67
G1 F3547 X119.38 Y471.58 Z60 E6.67
G1 F3547 X119.38 Y471.58 Z60 E6.67
G1 F3547 X119.38 Y471.58 Z60 E6.67
G1 F3547 X119.38 Y471.58 Z60 E6.67
G1 F3547 X119.38 Y471.58 Z60 E6.67
G1 F3547 X119.38 Y471.58 Z60 E6.67
G1 F3547 X119.38 Y471.58 Z60 E6.67
G1 F3547 X119.38 Y471.58 Z60 E6.67
G1 F3547 X119.38 Y471.58 Z60 E6.67
G1 F3547 X119.38 Y471.58 Z60 E6.67
G1 F3547 X119.38 Y471.58 Z60 E6.67
G1 F3547 X119.38 Y471.58 Z60 E6.67
G1 F3547 X119.38 Y471.58 Z60 E6.67
G1 F3547 X119.38 Y471.58 Z60 E6.67
G1 F3547 X119.38 Y471.58 Z60 E6.67
G1 F3547 X119.38 Y471.58 Z60 E6.67
G1 F3547 X119.38 Y471.58 Z60 E6.67
G1 F3547 X119.38 Y471.58 Z60 E6.67
G1 F3547 X119.38 Y471.58 Z60 E6.67
G1 F3547 X119.38 Y471.58 Z60 E6.67
G1 F3547 X119.38 Y471.58 Z60 E6.67
G1 F3547 X119.38 Y471.58 Z60 E6.67
G1 F3547 X119.38 Y471.58 Z60 E6.67
G1 F3547 X119.38 Y471.58 Z60 E6.67
G1 F3547 X119.38 Y471.58 Z60 E6.67
G1 F3547 X119.38 Y471.58 Z60 E6.67
G1 F3547 X119.38 Y471.58 Z60 E6.67
G1 F3547 X119.38 Y471.58 Z60 E6.67
G1 F3547 X119.38 Y471.58 Z60 E6.67
G1 F3547 X119.38 Y471.58 Z60 E6.67
G1 F3547 X119.38 Y471.58 Z60 E6.67
G1 F3547 X119.38 Y471.58 Z60 E6.67
G1 F3547 X119.38 Y471.58 Z60 E6.67
G1 F3547 X119.38 Y471.58 Z60 E6.67
G1 F3547 X119.38 Y471.58 Z60 E6.67
G1 F3547 X119.38 Y471.58 Z60 E6.67
G1 F3547 X119.38 Y471.58 Z60 E6.67
G1 F3547 X119.38 Y471.58 Z60 E6.67
G1 F3547 X119.38 Y471.58 Z60 E6.67
G1 F3547 X119.38 Y471.58 Z60 E6.67
G1 F3547 X119.38 Y471.58 Z60 E6.67
G1 F3547 X119.38 Y471.58 Z60 E6.67
G1 F3547 X119.38 Y471.58 Z60 E6.67
G1 F3547 X119.38 Y471.58 Z60 E6.67
G1 F3547 X119.38 Y471.58 Z60 E6.67
G1 F3547 X119.38 Y471.58 Z60 E6.67
G1 F3547 X119.38 Y471.58 Z60 E6.67
G1 F3547 X119.38 Y471.58 Z60 E6.67
G1 F3547 X119.38 Y471.58 Z60 E6.67
G1 F3547 X119.38 Y471.58 Z60 E6.67
G1 F3547 X119.38 Y471.58 Z60 E6.67
G1 F3547 X119.38 Y471.58 Z60 E6.67
G1 F3547 X119.38 Y471.58 Z60 E6.67
G1 F3547 X119.38 Y471.58 Z60 E6.67
G1 F3547 X119.38 Y471.58 Z60 E6.67
G1 F3547 X119.38 Y471.58 Z60 E6.67
G1 F3547 X119.38 Y471.58 Z60 E6.67
G1 F3547 X119.38 Y471.58 Z60 E6.67
G1 F3547 X119.38 Y471.58 Z60 E6.67
G1 F3547 X119.38 Y471.58 Z60 E6.67
G1 F3547 X119.38 Y471.58 Z60 E6.67
G1 F3547 X119.38 Y471.58 Z60 E6.67
G1 F3547 X119.38 Y471.58 Z60 E6.67
G1 F3547 X119.38 Y471.58 Z60 E6.67
G1 F3547 X119.38 Y471.58 Z60 E6.67
G1 F3547 X119.38 Y471.58 Z60 E6.67
G1 F3547 X119.38 Y471.58 Z60 E6.67
G1 F3547 X119.38 Y471.58 Z60 E6.67
G1 F3547 X119.38 Y471.58 Z60 E6.67
G1 F3547 X119.38 Y471.58 Z60 E6.67
G1 F3547 X119.38 Y471.58 Z60 E6.67
G1 F3547 X119.38 Y471.58 Z60 E6.67
G1 F3547 X119.38 Y471.58 Z60 E6.67
G1 F3547 X119.38 Y471.58 Z60 E6.67
G1 F3547 X119.38 Y471.58 Z60 E6.67
G1 F3547 X119.38 Y471.58 Z60 E6.67
G1 F3547 X119.38 Y471.58 Z60 E6.67
G1 F3547 X119.38 Y471.58 Z60 E6.67
G1 F3547 X119.38 Y471.58 Z60 E6.67
G1 F3547 X119.38 Y471.58 Z60 E6.67
G1 F3547 X119.38 Y471.58 Z60 E6.67
G1 F3547 X119.38 Y471.58 Z60 E6.67
G1 F3547 X119.38 Y471.58 Z60 E6.67
G1 F3547 X119.38 Y471.58 Z60 E6.67
G1 F3547 X119.38 Y471.58 Z60 E6.67
G1 F3547 X119.38 Y471.58 Z60 E6.67
G1 F3547 X119.38 Y471.58 Z60 E6.67
G1 F3547 X119.38 Y471.58 Z60 E6.67
G1 F3547 X119.38 Y471.58 Z60 E6.67
G1 F3547 X119.38 Y471.58 Z60 E6.67
G1 F3547 X119.38 Y471.58 Z60 E6.67
G1 F3547 X119.38 Y471.58 Z60 E6.67
G1 F3547 X119.38 Y471.58 Z60 E6.67
G1 F3547 X119.38 Y471.58 Z60 E6.67
G1 F3547 X119.38 Y471.58 Z60 E6.67
G1 F3547 X119.38 Y471.58 Z60 E6.67
G1 F3547 X119.38 Y471.58 Z60 E6.67
G1 F3547 X119.38 Y471.58 Z60 E6.67
G1 F3547 X119.38 Y471.58 Z60 E6.67
G1 F3547 X119.38 Y471.58 Z60 E6.67
G1 F3547 X119.38 Y471.58 Z60 E6.67
G1 F3547 X119.38 Y471.58 Z60 E6.67
G1 F3547 X119.38 Y471.58 Z60 E6.67
G1 F3547 X119.38 Y471.58 Z60 E6.67
G1 F3547 X119.38 Y471.58 Z60 E6.67
G1 F3547 X119.38 Y471.58 Z60 E6.67
G1 F3547 X119.38 Y471.58 Z60 E6.67
G1 F3547 X119.38 Y471.58 Z60 E6.67
G1 F3547 X119.38 Y471.58 Z60 E6.67
G1 F3547 X119.38 Y471.58 Z60 E6.67
G1 F3547 X119.38 Y471.58 Z60 E6.67
G1 F3547 X119.38 Y471.58 Z60 E6.67
G1 F3547 X119.38 Y471.58 Z60 E6.67
G1 F3547 X119.38 Y471.58 Z60 E6.67
G1 F3547 X119.38 Y471.58 Z60 E6.67
G1 F3547 X119.38 Y471.58 Z60 E6.67
G1 F3547 X119.38 Y471.58 Z60 E6.67
G1 F3547 X119.38 Y471.58 Z60 E6.67
G1 F3547 X119.38 Y471.58 Z60 E6.67
G1 F3547 X119.38 Y471.58 Z60 E6.67
G1 F3547 X119.38 Y471.58 Z60 E6.67
G1 F3547 X119.38 Y471.58 Z60 E6.67
G1 F3547 X119.38 Y471.58 Z60 E6.67
G1 F3547 X119.38 Y471.58 Z60 E6.67
G1 F3547 X119.38 Y471.58 Z60 E6.67
G1 F3547 X119.38 Y471.58 Z60 E6.67
G1 F3547 X119.38 Y471.58 Z60 E6.67
G1 F3547 X119.38 Y471.58 Z60 E6.67
G1 F3547 X119.38 Y471.58 Z60 E6.67
G1 F3547 X119.38 Y471.58 Z60 E6.67
G1 F3547 X119.38 Y471.58 Z60 E6.67
G1 F3547 X119.38 Y471.58 Z60 E6.67
G1 F3547 X119.38 Y471.58 Z60 E6.67
G1 F3547 X119.38 Y471.58 Z60 E6.67
G1 F3547 X119.38 Y471.58 Z60 E6.67
G1 F3547 X119.38 Y471.58 Z60 E6.67
G1 F3547 X119.38 Y471.58 Z60 E6.67
G1 F3547 X119.38 Y471.58 Z60 E6.67
G1 F3547 X119.38 Y471.58 Z60 E6.67
G1 F3547 X119.38 Y471.58 Z60 E6.67
G1 F3547 X119.38 Y471.58 Z60 E6.67
G1 F3547 X119.38 Y471.58 Z60 E6.67
G1 F3547 X119.38 Y471.58 Z60 E6.67
G1 F3547 X119.38 Y471.58 Z60 E6.67
G1 F3547 X119.38 Y471.58 Z60 E6.67
G1 F3547 X119.38 Y471.58 Z60 E6.67
G1 F3547 X119.38 Y471.58 Z60 E6.67
G1 F3547 X119.38 Y471.58 Z60 E6.67
G1 F3547 X119.38 Y471.58 Z60 E6.67
G1 F3547 X119.38 Y471.58 Z60 E6.67
G1 F3547 X119.38 Y471.58 Z60 E6.67
G1 F3547 X119.38 Y471.58 Z60 E6.67
G1 F3547 X119.38 Y471.58 Z60 E6.67
G1 F3547 X119.38 Y471.58 Z60 E6.67
G1 F3547 X119.38 Y471.58 Z60 E6.67
G1 F3547 X119.38 Y471.58 Z60 E6.67
G1 F3547 X119.38 Y471.58 Z60 E6.67
G1 F3547 X119.38 Y471.58 Z60 E6.67
G1 F3547 X119.38 Y471.58 Z60 E6.67
G1 F3547 X119.38 Y471.58 Z60 E6.67
G1 F3547 X119.38 Y471.58 Z60 E6.67
G1 F3547 X119.38 Y471.58 Z60 E6.67
G1 F3547 X119.38 Y471.58 Z60 E6.67
G1 F3547 X119.38 Y471.58 Z60 E6.67
G1 F3547 X119.38 Y471.58 Z60 E6.67
G1 F3547 X119.38 Y471.58 Z60 E6.67
G1 F3547 X119.38 Y471.58 Z60 E6.67
G1 F3547 X119.38 Y471.58 Z60 E6.67
G1 F3547 X119.38 Y471.58 Z60 E6.67
G1 F3547 X119.38 Y471.58 Z60 E6.67
G1 F3547 X119.38 Y471.58 Z60 E6.67
G1 F3547 X119.38 Y471.58 Z60 E6.67
G1 F3547 X119.38 Y471.58 Z60 E6.67
G1 F3547 X119.38 Y471.58 Z60 E6.67
G1 F3547 X119.38 Y471.58 Z60 E6.67
G1 F3547 X119.38 Y471.58 Z60 E6.67
G1 F3547 X119.38 Y471.58 Z60 E6.67
G1 F3547 X119.38 Y471.58 Z60 E6.67
G1 F3547 X119.38 Y471.58 Z60 E6.67
G1 F3547 X119.38 Y471.58 Z60 E6.67
G1 F3547 X119.38 Y471.58 Z60 E6.67
G1 F3547 X119.38 Y471.58 Z60 E6.67
G1 F3547 X119.38 Y471.58 Z60 E6.67
G1 F3547 X119.38 Y471.58 Z60 E6.67
G1 F3547 X119.38 Y471.58 Z60 E6.67
G1 F3547 X119.38 Y471.58 Z60 E6.67
G1 F3547 X119.38 Y471.58 Z60 E6.67
G1 F3547 X119.38 Y471.58 Z60 E6.67
G1 F3547 X119.38 Y471.58 Z60 E6.67
G1 F3547 X119.38 Y471.58 Z60 E6.67
G1 F3547 X119.38 Y471.58 Z60 E6.67
G1 F3547 X119.38 Y471.58 Z60 E6.67
G1 F3547 X119.38 Y471.58 Z60 E6.67
G1 F3547 X119.38 Y471.58 Z60 E6.67
G1 F3547 X119.38 Y471.58 Z60 E6.67
G1 F3547 X119.38 Y471.58 Z60 E6.67
G1 F3547 X119.38 Y471.58 Z60 E6.67
G1 F3547 X119.38 Y471.58 Z60 E6.67
G1 F3547 X119.38 Y471.58 Z60 E6.67
G1 F3547 X119.38 Y471.58 Z60 E6.67
G1 F3547 X119.38 Y471.58 Z60 E6.67
G1 F3547 X119.38 Y471.58 Z60 E6.67
G1 F3547 X119.38 Y471.58 Z60 E6.67
G1 F3547 X119.38 Y471.58 Z60 E6.67
G1 F3547 X119.38 Y471.58 Z60 E6.67
G1 F3547 X119.38 Y471.58 Z60 E6.67
G1 F3547 X119.38 Y471.58 Z60 E6.67
G1 F3547 X119.38 Y471.58 Z60 E6.67
G1 F3547 X119.38 Y471.58 Z60 E6.67
G1 F3547 X119.38 Y471.58 Z60 E6.67
G1 F3547 X119.38 Y471.58 Z60 E6.67
G1 F3547 X119.38 Y471.58 Z60 E6.67
G1 F3547 X119.38 Y471.58 Z60 E6.67
G1 F3547 X119.38 Y471.58 Z60 E6.67
G1 F3547 X119.38 Y471.58 Z60 E6.67
G1 F3547 X119.38 Y471.58 Z60 E6.67
G1 F3547 X119.38 Y471.58 Z60 E6.67
G1 F3547 X119.38 Y471.58 Z60 E6.67
G1 F3547 X119.38 Y471.58 Z60 E6.67
G1 F3547 X119.38 Y471.58 Z60 E6.67
G1 F3547 X119.38 Y471.58 Z60 E6.67
G1 F3547 X119.38 Y471.58 Z60 E6.67
G1 F3547 X119.38 Y471.58 Z60 E6.67
G1 F3547 X119.38 Y471.58 Z60 E6.67
G1 F3547 X119.38 Y471.58 Z60 E6.67
G1 F3547 X119.38 Y471.58 Z60 E6.67
G1 F3547 X119.38 Y471.58 Z60 E6.67
G1 F3547 X119.38 Y471.58 Z60 E6.67
G1 F3547 X119.38 Y471.58 Z60 E6.67
G1 F3547 X119.38 Y471.58 Z60 E6.67
G1 F3547 X119.38 Y471.58 Z60 E6.67
G1 F3547 X119.38 Y471.58 Z60 E6.67
G1 F3547 X119.38 Y471.58 Z60 E6.67
G1 F3547 X119.38 Y471.58 Z60 E6.67
G1 F3547 X119.38 Y471.58 Z60 E6.67
G1 F3547 X119.38 Y471.58 Z60 E6.67
G1 F3547 X119.38 Y471.58 Z60 E6.67
G1 F3547 X119.38 Y471.58 Z60 E6.67
G1 F3547 X119.38 Y471.58 Z60 E6.67
G1 F3547 X119.38 Y471.58 Z60 E6.67
G1 F3547 X119.38 Y471.58 Z60 E6.67
G1 F3547 X119.38 Y471.58 Z60 E6.67
G1 F3547 X119.38 Y471.58 Z60 E6.67
G1 F3547 X119.38 Y471.58 Z60 E6.67
G1 F3547 X119.38 Y471.58 Z60 E6.67
G1 F3547 X119.38 Y471.58 Z60 E6.67
G1 F3547 X119.38 Y471.58 Z60 E6.67
G1 F3547 X119.38 Y471.58 Z60 E6.67
G1 F3547 X119.38 Y471.58 Z60 E6.67
G1 F3547 X119.38 Y471.58 Z60 E6.67
G1 F3547 X119.38 Y471.58 Z60 E6.67
G1 F3547 X119.38 Y471.58 Z60 E6.67
G1 F3547 X119.38 Y471.58 Z60 E6.67
G1 F3547 X119.38 Y471.58 Z60 E6.67
G1 F3547 X119.38 Y471.58 Z60 E6.67
G1 F3547 X119.38 Y471.58 Z60 E6.67
G1 F3547 X119.38 Y471.58 Z60 E6.67
G1 F3547 X119.38 Y471.58 Z60 E6.67
G1 F3547 X119.38 Y471.58 Z60 E6.67
G1 F3547 X119.38 Y471.58 Z60 E6.67
G1 F3547 X119.38 Y471.58 Z60 E6.67
G1 F3547 X119.38 Y471.58 Z60 E6.67
G1 F3547 X119.38 Y471.58 Z60 E6.67
G1 F3547 X119.38 Y471.58 Z60 E6.67
G1 F3547 X119.38 Y471.58 Z60 E6.67
G1 F3547 X119.38 Y471.58 Z60 E6.67
G1 F3547 X119.38 Y471.58 Z60 E6.67
G1 F3547 X119.38 Y471.58 Z60 E6.67
G1 F3547 X119.38 Y471.58 Z60 E6.67
G1 F3547 X119.38 Y471.58 Z60 E6.67
G1 F3547 X119.38 Y471.58 Z60 E6.67
G1 F3547 X119.38 Y471.58 Z60 E6.67
G1 F3547 X119.38 Y471.58 Z60 E6.67
G1 F3547 X119.38 Y471.58 Z60 E6.67
G1 F3547 X119.38 Y471.58 Z60 E6.67
G1 F3547 X119.38 Y471.58 Z60 E6.67
G1 F3547 X119.38 Y471.58 Z60 E6.67
G1 F3547 X119.38 Y471.58 Z60 E6.67
G1 F3547 X119.38 Y471.58 Z60 E6.67
G1 F3547 X119.38 Y471.58 Z60 E6.67
G1 F3547 X119.38 Y471.58 Z60 E6.67
G1 F3547 X119.38 Y471.58 Z60 E6.67
G1 F3547 X119.38 Y471.58 Z60 E6.67
G1 F3547 X119.38 Y471.58 Z60 E6.67
G1 F3547 X119.38 Y471.58 Z60 E6.67
G1 F3547 X119.38 Y471.58 Z60 E6.67
G1 F3547 X119.38 Y471.58 Z60 E6.67
G1 F3547 X119.38 Y471.58 Z60 E6.67
G1 F3547 X119.38 Y471.58 Z60 E6.67
G1 F3547 X119.38 Y471.58 Z60 E6.67
G1 F3547 X119.38 Y471.58 Z60 E6.67
G1 F3547 X119.38 Y471.58 Z60 E6.67
G1 F3547 X119.38 Y471.58 Z60 E6.67
G1 F3547 X119.38 Y471.58 Z60 E6.67
G1 F3547 X119.38 Y471.58 Z60 E6.67
G1 F3547 X119.38 Y471.58 Z60 E6.67
G1 F3547 X119.38 Y471.58 Z60 E6.67
G1 F3547 X119.38 Y471.58 Z60 E6.67
G1 F3547 X119.38 Y471.58 Z60 E6.67
G1 F3547 X119.38 Y471.58 Z60 E6.67
G1 F3547 X119.38 Y471.58 Z60 E6.67
G1 F3547 X119.38 Y471.58 Z60 E6.67
G1 F3547 X119.38 Y471.58 Z60 E6.67
G1 F3547 X119.38 Y471.58 Z60 E6.67
G1 F3547 X119.38 Y471.58 Z60 E6.67
G1 F3547 X119.38 Y471.58 Z60 E6.67
G1 F3547 X119.38 Y471.58 Z60 E6.67
G1 F3547 X119.38 Y471.58 Z60 E6.67
G1 F3547 X119.38 Y471.58 Z60 E6.67
G1 F3547 X119.38 Y471.58 Z60 E6.67
G1 F3547 X119.38 Y471.58 Z60 E6.67
G1 F3547 X119.38 Y471.58 Z60 E6.67
G1 F3547 X119.38 Y471.58 Z60 E6.67
G1 F3547 X119.38 Y471.58 Z60 E6.67
G1 F3547 X119.38 Y471.58 Z60 E6.67
G1 F3547 X119.38 Y471.58 Z60 E6.67
G1 F3547 X119.38 Y471.58 Z60 E6.67
G1 F3547 X119.38 Y471.58 Z60 E6.67
G1 F3547 X119.38 Y471.58 Z60 E6.67
G1 F3547 X119.38 Y471.58 Z60 E6.67
G1 F3547 X119.38 Y471.58 Z60 E6.67
G1 F3547 X119.38 Y471.58 Z60 E6.67
G1 F3547 X119.38 Y471.58 Z60 E6.67
G1 F3547 X119.38 Y471.58 Z60 E6.67
G1 F3547 X119.38 Y471.58 Z60 E6.67
G1 F3547 X119.38 Y471.58 Z60 E6.67
G1 F3547 X119.38 Y471.58 Z60 E6.67
G1 F3547 X119.38 Y471.58 Z60 E6.67
G1 F3547 X119.38 Y471.58 Z60 E6.67
G1 F3547 X119.38 Y471.58 Z60 E6.67
G1 F3547 X119.38 Y471.58 Z60 E6.67
G1 F3547 X119.38 Y471.58 Z60 E6.67
G1 F3547 X119.38 Y471.58 Z60 E6.67
G1 F3547 X119.38 Y471.58 Z60 E6.67
G1 F3547 X119.38 Y471.58 Z60 E6.67
G1 F3547 X119.38 Y471.58 Z60 E6.67
G1 F3547 X119.38 Y471.58 Z60 E6.67
G1 F3547 X119.38 Y471.58 Z60 E6.67
G1 F3547 X119.38 Y471.58 Z60 E6.67
G1 F3547 X119.38 Y471.58 Z60 E6.67
G1 F3547 X119.38 Y471.58 Z60 E6.67
G1 F3547 X119.38 Y471.58 Z60 E6.67
G1 F3547 X119.38 Y471.58 Z60 E6.67
G1 F3547 X119.38 Y471.58 Z60 E6.67
G1 F3547 X119.38 Y471.58 Z60 E6.67
G1 F3547 X119.38 Y471.58 Z60 E6.67
G1 F3547 X119.38 Y471.58 Z60 E6.67
G1 F3547 X119.38 Y471.58 Z60 E6.67
G1 F3547 X119.38 Y471.58 Z60 E6.67
G1 F3547 X119.38 Y471.58 Z60 E6.67
G1 F3547 X119.38 Y471.58 Z60 E6.67
G1 F3547 X119.38 Y471.58 Z60 E6.67
G1 F3547 X119.38 Y471.58 Z60 E6.67
G1 F3547 X119.38 Y471.58 Z60 E6.67
G1 F3547 X119.38 Y471.58 Z60 E6.67
G1 F3547 X119.38 Y471.58 Z60 E6.67
G1 F3547 X119.38 Y471.58 Z60 E6.67
G1 F3547 X119.38 Y471.58 Z60 E6.67
G1 F3547 X119.38 Y471.58 Z60 E6.67
G1 F3547 X119.38 Y471.58 Z60 E6.67
G1 F3547 X119.38 Y471.58 Z60 E6.67
G1 F3547 X119.38 Y471.58 Z60 E6.67
G1 F3547 X119.38 Y471.58 Z60 E6.67
G1 F3547 X119.38 Y471.58 Z60 E6.67
G1 F3547 X119.38 Y471.58 Z60 E6.67
G1 F3547 X119.38 Y471.58 Z60 E6.67
G1 F3547 X119.38 Y471.58 Z60 E6.67
G1 F3547 X119.38 Y471.58 Z60 E6.67
G1 F3547 X119.38 Y471.58 Z60 E6.67
G1 F3547 X119.38 Y471.58 Z60 E6.67
G1 F3547 X119.38 Y471.58 Z60 E6.67
G1 F3547 X119.38 Y471.58 Z60 E6.67
G1 F3547 X119.38 Y471.58 Z60 E6.67
G1 F3547 X119.38 Y471.58 Z60 E6.67
G1 F3547 X119.38 Y471.58 Z60 E6.67
G1 F3547 X119.38 Y471.58 Z60 E6.67
G1 F3547 X119.38 Y471.58 Z60 E6.67
G1 F3547 X119.38 Y471.58 Z60 E6.67
G1 F3547 X119.38 Y471.58 Z60 E6.67
G1 F3547 X119.38 Y471.58 Z60 E6.67
G1 F3547 X119.38 Y471.58 Z60 E6.67
G1 F3547 X119.38 Y471.58 Z60 E6.67
G1 F3547 X119.38 Y471.58 Z60 E6.67
G1 F3547 X119.38 Y471.58 Z60 E6.67
G1 F3547 X119.38 Y471.58 Z60 E6.67
G1 F3547 X119.38 Y471.58 Z60 E6.67
G1 F3547 X119.38 Y471.58 Z60 E6.67
G1 F3547 X119.38 Y471.58 Z60 E6.67
G1 F3547 X119.38 Y471.58 Z60 E6.67
G1 F3547 X119.38 Y471.58 Z60 E6.67
G1 F3547 X119.38 Y471.58 Z60 E6.67
G1 F3547 X119.38 Y471.58 Z60 E6.67
G1 F3547 X119.38 Y471.58 Z60 E6.67
G1 F3547 X119.38 Y471.58 Z60 E6.67
G1 F3547 X119.38 Y471.58 Z60 E6.67
G1 F3547 X119.38 Y471.58 Z60 E6.67
G1 F3547 X119.38 Y471.58 Z60 E6.67
G1 F3547 X119.38 Y471.58 Z60 E6.67
G1 F3547 X119.38 Y471.58 Z60 E6.67
G1 F3547 X119.38 Y471.58 Z60 E6.67
G1 F3547 X119.38 Y471.58 Z60 E6.67
G1 F3547 X119.38 Y471.58 Z60 E6.67
G1 F3547 X119.38 Y471.58 Z60 E6.67
G1 F3547 X119.38 Y471.58 Z60 E6.67
G1 F3547 X119.38 Y471.58 Z60 E6.67
G1 F3547 X119.38 Y471.58 Z60 E6.67
G1 F3547 X119.38 Y471.58 Z60 E6.67
G1 F3547 X119.38 Y471.58 Z60 E6.67
G1 F3547 X119.38 Y471.58 Z60 E6.67
G1 F3547 X119.38 Y471.58 Z60 E6.67
G1 F3547 X119.38 Y471.58 Z60 E6.67
G1 F3547 X119.38 Y471.58 Z60 E6.67
G1 F3547 X119.38 Y471.58 Z60 E6.67
G1 F3547 X119.38 Y471.58 Z60 E6.67
G1 F3547 X119.38 Y471.58 Z60 E6.67
G1 F3547 X119.38 Y471.58 Z60 E6.67
G1 F3547 X119.38 Y471.58 Z60 E6.67
G1 F3547 X119.38 Y471.58 Z60 E6.67
G1 F3547 X119.38 Y471.58 Z60 E6.67
G1 F3547 X119.38 Y471.58 Z60 E6.67
G1 F3547 X119.38 Y471.58 Z60 E6.67
G1 F3547 X119.38 Y471.58 Z60 E6.67
G1 F3547 X119.38 Y471.58 Z60 E6.67
G1 F3547 X119.38 Y471.58 Z60 E6.67
G1 F3547 X119.38 Y471.58 Z60 E6.67
G1 F3547 X119.38 Y471.58 Z60 E6.67
G1 F3547 X119.38 Y471.58 Z60 E6.67
G1 F3547 X119.38 Y471.58 Z60 E6.67
G1 F3547 X119.38 Y471.58 Z60 E6.67
G1 F3547 X119.38 Y471.58 Z60 E6.67
G1 F3547 X119.38 Y471.58 Z60 E6.67
G1 F3547 X119.38 Y471.58 Z60 E6.67
G1 F3547 X119.38 Y471.58 Z60 E6.67
G1 F3547 X119.38 Y471.58 Z60 E6.67
G1 F3547 X119.38 Y471.58 Z60 E6.67
G1 F3547 X119.38 Y471.58 Z60 E6.67
G1 F3547 X119.38 Y471.58 Z60 E6.67
G1 F3547 X119.38 Y471.58 Z60 E6.67
G1 F3547 X119.38 Y471.58 Z60 E6.67
G1 F3547 X119.38 Y471.58 Z60 E6.67
G1 F3547 X119.38 Y471.58 Z60 E6.67
G1 F3547 X119.38 Y471.58 Z60 E6.67
G1 F3547 X119.38 Y471.58 Z60 E6.67
G1 F3547 X119.38 Y471.58 Z60 E6.67
G1 F3547 X119.38 Y471.58 Z60 E6.67
G1 F3547 X119.38 Y471.58 Z60 E6.67
G1 F3547 X119.38 Y471.58 Z60 E6.67
G1 F3547 X119.38 Y471.58 Z60 E6.67
G1 F3547 X119.38 Y471.58 Z60 E6.67
G1 F3547 X119.38 Y471.58 Z60 E6.67
G1 F3547 X119.38 Y471.58 Z60 E6.67
G1 F3547 X119.38 Y471.58 Z60 E6.67
G1 F3547 X119.38 Y471.58 Z60 E6.67
G1 F3547 X119.38 Y471.58 Z60 E6.67
G1 F3547 X119.38 Y471.58 Z60 E6.67
G1 F3547 X119.38 Y471.58 Z60 E6.67
G1 F3547 X119.38 Y471.58 Z60 E6.67
G1 F3547 X119.38 Y471.58 Z60 E6.67
G1 F3547 X119.38 Y471.58 Z60 E6.67
G1 F3547 X119.38 Y471.58 Z60 E6.67
G1 F3547 X119.38 Y471.58 Z60 E6.67
G1 F3547 X119.38 Y471.58 Z60 E6.67
G1 F3547 X119.38 Y471.58 Z60 E6.67
G1 F3547 X119.38 Y471.58 Z60 E6.67
G1 F3547 X119.38 Y471.58 Z60 E6.67
G1 F3547 X119.38 Y471.58 Z60 E6.67
G1 F3547 X119.38 Y471.58 Z60 E6.67
G1 F3547 X119.38 Y471.58 Z60 E6.67
G1 F3547 X119.38 Y471.58 Z60 E6.67
G1 F3547 X119.38 Y471.58 Z60 E6.67
G1 F3547 X119.38 Y471.58 Z60 E6.67
G1 F3547 X119.38 Y471.58 Z60 E6.67
G1 F3547 X119.38 Y471.58 Z60 E6.67
G1 F3547 X119.38 Y471.58 Z60 E6.67
G1 F3547 X119.38 Y471.58 Z60 E6.67
G1 F3547 X119.38 Y471.58 Z60 E6.67
G1 F3547 X119.38 Y471.58 Z60 E6.67
G1 F3547 X119.38 Y471.58 Z60 E6.67
G1 F3547 X119.38 Y471.58 Z60 E6.67
G1 F3547 X119.38 Y471.58 Z60 E6.67
G1 F3547 X119.38 Y471.58 Z60 E6.67
G1 F3547 X119.38 Y471.58 Z60 E6.67
G1 F3547 X119.38 Y471.58 Z60 E6.67
G1 F3547 X119.38 Y471.58 Z60 E6.67
G1 F3547 X119.38 Y471.58 Z60 E6.67
G1 F3547 X119.38 Y471.58 Z60 E6.67
G1 F3547 X119.38 Y471.58 Z60 E6.67
G1 F3547 X119.38 Y471.58 Z60 E6.67
G1 F3547 X119.38 Y471.58 Z60 E6.67
G1 F3547 X119.38 Y471.58 Z60 E6.67
G1 F3547 X119.38 Y471.58 Z60 E6.67
G1 F3547 X119.38 Y471.58 Z60 E6.67
G1 F3547 X119.38 Y471.58 Z60 E6.67
G1 F3547 X119.38 Y471.58 Z60 E6.67
G1 F3547 X119.38 Y471.58 Z60 E6.67
G1 F3547 X119.38 Y471.58 Z60 E6.67
G1 F3547 X119.38 Y471.58 Z60 E6.67
G1 F3547 X119.38 Y471.58 Z60 E6.67
G1 F3547 X119.38 Y471.58 Z60 E6.67
G1 F3547 X119.38 Y471.58 Z60 E6.67
G1 F3547 X119.38 Y471.58 Z60 E6.67
G1 F3547 X119.38 Y471.58 Z60 E6.67
G1 F3547 X119.38 Y471.58 Z60 E6.67
G1 F3547 X119.38 Y471.58 Z60 E6.67
G1 F3547 X119.38 Y471.58 Z60 E6.67
G1 F3547 X119.38 Y471.58 Z60 E6.67
G1 F3547 X119.38 Y471.58 Z60 E6.67
G1 F3547 X119.38 Y471.58 Z60 E6.67
G1 F3547 X119.38 Y471.58 Z60 E6.67
G1 F3547 X119.38 Y471.58 Z60 E6.67
G1 F3547 X119.38 Y471.58 Z60 E6.67
G1 F3547 X119.38 Y471.58 Z60 E6.67
G1 F3547 X119.38 Y471.58 Z60 E6.67
G1 F3547 X119.38 Y471.58 Z60 E6.67
G1 F3547 X119.38 Y471.58 Z60 E6.67
G1 F3547 X119.38 Y471.58 Z60 E6.67
G1 F3547 X119.38 Y471.58 Z60 E6.67
G1 F3547 X119.38 Y471.58 Z60 E6.67
G1 F3547 X119.38 Y471.58 Z60 E6.67
G1 F3547 X119.38 Y471.58 Z60 E6.67
G1 F3547 X119.38 Y471.58 Z60 E6.67
G1 F3547 X119.38 Y471.58 Z60 E6.67
G1 F3547 X119.38 Y471.58 Z60 E6.67
G1 F3547 X119.38 Y471.58 Z60 E6.67
G1 F3547 X119.38 Y471.58 Z60 E6.67
G1 F3547 X119.38 Y471.58 Z60 E6.67
G1 F3547 X119.38 Y471.58 Z60 E6.67
G1 F3547 X119.38 Y471.58 Z60 E6.67
G1 F3547 X119.38 Y471.58 Z60 E6.67
G1 F3547 X119.38 Y471.58 Z60 E6.67
G1 F3547 X119.38 Y471.58 Z60 E6.67
G1 F3547 X119.38 Y471.58 Z60 E6.67
G1 F3547 X119.38 Y471.58 Z60 E6.67
G1 F3547 X119.38 Y471.58 Z60 E6.67
G1 F3547 X119.38 Y471.58 Z60 E6.67
G1 F3547 X119.38 Y471.58 Z60 E6.67
G1 F3547 X119.38 Y471.58 Z60 E6.67
G1 F3547 X119.38 Y471.58 Z60 E6.67
G1 F3547 X119.38 Y471.58 Z60 E6.67
G1 F3547 X119.38 Y471.58 Z60 E6.67
G1 F3547 X119.38 Y471.58 Z60 E6.67
G1 F3547 X119.38 Y471.58 Z60 E6.67
G1 F3547 X119.38 Y471.58 Z60 E6.67
G1 F3547 X119.38 Y471.58 Z60 E6.67
G1 F3547 X119.38 Y471.58 Z60 E6.67
G1 F3547 X119.38 Y471.58 Z60 E6.67
G1 F3547 X119.38 Y471.58 Z60 E6.67
G1 F3547 X119.38 Y471.58 Z60 E6.67
G1 F3547 X119.38 Y471.58 Z60 E6.67
G1 F3547 X119.38 Y471.58 Z60 E6.67
G1 F3547 X119.38 Y471.58 Z60 E6.67
G1 F3547 X119.38 Y471.58 Z60 E6.67
G1 F3547 X119.38 Y471.58 Z60 E6.67
G1 F3547 X119.38 Y471.58 Z60 E6.67
G1 F3547 X119.38 Y471.58 Z60 E6.67
G1 F3547 X119.38 Y471.58 Z60 E6.67
G1 F3547 X119.38 Y471.58 Z60 E6.67
G1 F3547 X119.38 Y471.58 Z60 E6.67
G1 F3547 X119.38 Y471.58 Z60 E6.67
G1 F3547 X119.38 Y471.58 Z60 E6.67
G1 F3547 X119.38 Y471.58 Z60 E6.67
G1 F3547 X119.38 Y471.58 Z60 E6.67
G1 F3547 X119.38 Y471.58 Z60 E6.67
G1 F3547 X119.38 Y471.58 Z60 E6.67
G1 F3547 X119.38 Y471.58 Z60 E6.67
G1 F3547 X119.38 Y471.58 Z60 E6.67
G1 F3547 X119.38 Y471.58 Z60 E6.67
G1 F3547 X119.38 Y471.58 Z60 E6.67
G1 F3547 X119.38 Y471.58 Z60 E6.67
G1 F3547 X119.38 Y471.58 Z60 E6.67
G1 F3547 X119.38 Y471.58 Z60 E6.67
G1 F3547 X119.38 Y471.58 Z60 E6.67
G1 F3547 X119.38 Y471.58 Z60 E6.67
G1 F3547 X119.38 Y471.58 Z60 E6.67
G1 F3547 X119.38 Y471.58 Z60 E6.67
G1 F3547 X119.38 Y471.58 Z60 E6.67
G1 F3547 X119.38 Y471.58 Z60 E6.67
G1 F3547 X119.38 Y471.58 Z60 E6.67
G1 F3547 X119.38 Y471.58 Z60 E6.67
G1 F3547 X119.38 Y471.58 Z60 E6.67
G1 F3547 X119.38 Y471.58 Z60 E6.67
G1 F3547 X119.38 Y471.58 Z60 E6.67
G1 F3547 X119.38 Y471.58 Z60 E6.67
G1 F3547 X119.38 Y471.58 Z60 E6.67
G1 F3547 X119.38 Y471.58 Z60 E6.67
G1 F3547 X119.38 Y471.58 Z60 E6.67
G1 F3547 X119.38 Y471.58 Z60 E6.67
G1 F3547 X119.38 Y471.58 Z60 E6.67
G1 F3547 X119.38 Y471.58 Z60 E6.67
G1 F3547 X119.38 Y471.58 Z60 E6.67
G1 F3547 X119.38 Y471.58 Z60 E6.67
G1 F3547 X119.38 Y471.58 Z60 E6.67
G1 F3547 X119.38 Y471.58 Z60 E6.67
G1 F3547 X119.38 Y471.58 Z60 E6.67
G1 F3547 X119.38 Y471.58 Z60 E6.67
G1 F3547 X119.38 Y471.58 Z60 E6.67
G1 F3547 X119.38 Y471.58 Z60 E6.67
G1 F3547 X119.38 Y471.58 Z60 E6.67
G1 F3547 X119.38 Y471.58 Z60 E6.67
G1 F3547 X119.38 Y471.58 Z60 E6.67
G1 F3547 X119.38 Y471.58 Z60 E6.67
G1 F3547 X119.38 Y471.58 Z60 E6.67
G1 F3547 X119.38 Y471.58 Z60 E6.67
G1 F3547 X119.38 Y471.58 Z60 E6.67
G1 F3547 X119.38 Y471.58 Z60 E6.67
G1 F3547 X119.38 Y471.58 Z60 E6.67
G1 F3547 X119.38 Y471.58 Z60 E6.67
G1 F3547 X119.38 Y471.58 Z60 E6.67
G1 F3547 X119.38 Y471.58 Z60 E6.67
G1 F3547 X119.38 Y471.58 Z60 E6.67
G1 F3547 X119.38 Y471.58 Z60 E6.67
G1 F3547 X119.38 Y471.58 Z60 E6.67
G1 F3547 X119.38 Y471.58 Z60 E6.67
G1 F3547 X119.38 Y471.58 Z60 E6.67
G1 F3547 X119.38 Y471.58 Z60 E6.67
G1 F3547 X119.38 Y471.58 Z60 E6.67
G1 F3547 X119.38 Y471.58 Z60 E6.67
G1 F3547 X119.38 Y471.58 Z60 E6.67
G1 F3547 X119.38 Y471.58 Z60 E6.67
G1 F3547 X119.38 Y471.58 Z60 E6.67
G1 F3547 X119.38 Y471.58 Z60 E6.67
G1 F3547 X119.38 Y471.58 Z60 E6.67
G1 F3547 X119.38 Y471.58 Z60 E6.67
G1 F3547 X119.38 Y471.58 Z60 E6.67
G1 F3547 X119.38 Y471.58 Z60 E6.67
G1 F3547 X119.38 Y471.58 Z60 E6.67
G1 F3547 X119.38 Y471.58 Z60 E6.67
G1 F3547 X119.38 Y471.58 Z60 E6.67
G1 F3547 X119.38 Y471.58 Z60 E6.67
G1 F3547 X119.38 Y471.58 Z60 E6.67
G1 F3547 X119.38 Y471.58 Z60 E6.67
G1 F3547 X119.38 Y471.58 Z60 E6.67
G1 F3547 X119.38 Y471.58 Z60 E6.67
G1 F3547 X119.38 Y471.58 Z60 E6.67
G1 F3547 X119.38 Y471.58 Z60 E6.67
G1 F3547 X119.38 Y471.58 Z60 E6.67
G1 F3547 X119.38 Y471.58 Z60 E6.67
G1 F3547 X119.38 Y471.58 Z60 E6.67
G1 F3547 X119.38 Y471.58 Z60 E6.67
G1 F3547 X119.38 Y471.58 Z60 E6.67
G1 F3547 X119.38 Y471.58 Z60 E6.67
G1 F3547 X119.38 Y471.58 Z60 E6.67
G1 F3547 X119.38 Y471.58 Z60 E6.67
G1 F3547 X119.38 Y471.58 Z60 E6.67
G1 F3547 X119.38 Y471.58 Z60 E6.67
G1 F3547 X119.38 Y471.58 Z60 E6.67
G1 F3547 X119.38 Y471.58 Z60 E6.67
G1 F3547 X119.38 Y471.58 Z60 E6.67
G1 F3547 X119.38 Y471.58 Z60 E6.67
G1 F3547 X119.38 Y471.58 Z60 E6.67
G1 F3547 X119.38 Y471.58 Z60 E6.67
G1 F3547 X119.38 Y471.58 Z60 E6.67
G1 F3547 X119.38 Y471.58 Z60 E6.67
G1 F3547 X119.38 Y471.58 Z60 E6.67
G1 F3547 X119.38 Y471.58 Z60 E6.67
G1 F3547 X119.38 Y471.58 Z60 E6.67
G1 F3547 X119.38 Y471.58 Z60 E6.67
G1 F3547 X119.38 Y471.58 Z60 E6.67
G1 F3547 X119.38 Y471.58 Z60 E6.67
G1 F3547 X119.38 Y471.58 Z60 E6.67
G1 F3547 X119.38 Y471.58 Z60 E6.67
G1 F3547 X119.38 Y471.58 Z60 E6.67
G1 F3547 X119.38 Y471.58 Z60 E6.67
G1 F3547 X119.38 Y471.58 Z60 E6.67
G1 F3547 X119.38 Y471.58 Z60 E6.67
G1 F3547 X119.38 Y471.58 Z60 E6.67
G1 F3547 X119.38 Y471.58 Z60 E6.67
G1 F3547 X119.38 Y471.58 Z60 E6.67
G1 F3547 X119.38 Y471.58 Z60 E6.67
G1 F3547 X119.38 Y471.58 Z60 E6.67
G1 F3547 X119.38 Y471.58 Z60 E6.67
G1 F3547 X119.38 Y471.58 Z60 E6.67
G1 F3547 X119.38 Y471.58 Z60 E6.67
G1 F3547 X119.38 Y471.58 Z60 E6.67
G1 F3547 X119.38 Y471.58 Z60 E6.67
G1 F3547 X119.38 Y471.58 Z60 E6.67
G1 F3547 X119.38 Y471.58 Z60 E6.67
G1 F3547 X119.38 Y471.58 Z60 E6.67
G1 F3547 X119.38 Y471.58 Z60 E6.67
G1 F3547 X119.38 Y471.58 Z60 E6.67
G1 F3547 X119.38 Y471.58 Z60 E6.67
G1 F3547 X119.38 Y471.58 Z60 E6.67
G1 F3547 X119.38 Y471.58 Z60 E6.67
G1 F3547 X119.38 Y471.58 Z60 E6.67
G1 F3547 X119.38 Y471.58 Z60 E6.67
G1 F3547 X119.38 Y471.58 Z60 E6.67
G1 F3547 X119.38 Y471.58 Z60 E6.67
G1 F3547 X119.38 Y471.58 Z60 E6.67
G1 F3547 X119.38 Y471.58 Z60 E6.67
G1 F3547 X119.38 Y471.58 Z60 E6.67
G1 F3547 X119.38 Y471.58 Z60 E6.67
G1 F3547 X119.38 Y471.58 Z60 E6.67
G1 F3547 X119.38 Y471.58 Z60 E6.67
G1 F3547 X119.38 Y471.58 Z60 E6.67
G1 F3547 X119.38 Y471.58 Z60 E6.67
G1 F3547 X119.38 Y471.58 Z60 E6.67
G1 F3547 X119.38 Y471.58 Z60 E6.67
G1 F3547 X119.38 Y471.58 Z60 E6.67
G1 F3547 X119.38 Y471.58 Z60 E6.67
G1 F3547 X119.38 Y471.58 Z60 E6.67
G1 F3547 X119.38 Y471.58 Z60 E6.67
G1 F3547 X119.38 Y471.58 Z60 E6.67
G1 F3547 X119.38 Y471.58 Z60 E6.67
G1 F3547 X119.38 Y471.58 Z60 E6.67
G1 F3547 X119.38 Y471.58 Z60 E6.67
G1 F3547 X119.38 Y471.58 Z60 E6.67
G1 F3547 X119.38 Y471.58 Z60 E6.67
G1 F3547 X119.38 Y471.58 Z60 E6.67
G1 F3547 X119.38 Y471.58 Z60 E6.67
G1 F3547 X119.38 Y471.58 Z60 E6.67
G1 F3547 X119.38 Y471.58 Z60 E6.67
G1 F3547 X119.38 Y471.58 Z60 E6.67
G1 F3547 X119.38 Y471.58 Z60 E6.67
G1 F3547 X119.38 Y471.58 Z60 E6.67
G1 F3547 X119.38 Y471.58 Z60 E6.67
G1 F3547 X119.38 Y471.58 Z60 E6.67
G1 F3547 X119.38 Y471.58 Z60 E6.67
G1 F3547 X119.38 Y471.58 Z60 E6.67
G1 F3547 X119.38 Y471.58 Z60 E6.67
G1 F3547 X119.38 Y471.58 Z60 E6.67
G1 F3547 X119.38 Y471.58 Z60 E6.67
G1 F3547 X119.38 Y471.58 Z60 E6.67
G1 F3547 X119.38 Y471.58 Z60 E6.67
G1 F3547 X119.38 Y471.58 Z60 E6.67
G1 F3547 X119.38 Y471.58 Z60 E6.67
G1 F3547 X119.38 Y471.58 Z60 E6.67
G1 F3547 X119.38 Y471.58 Z60 E6.67
G1 F3547 X119.38 Y471.58 Z60 E6.67
G1 F3547 X119.38 Y471.58 Z60 E6.67
G1 F3547 X119.38 Y471.58 Z60 E6.67
G1 F3547 X119.38 Y471.58 Z60 E6.67
G1 F3547 X119.38 Y471.58 Z60 E6.67
G1 F3547 X119.38 Y471.58 Z60 E6.67
G1 F3547 X119.38 Y471.58 Z60 E6.67
G1 F3547 X119.38 Y471.58 Z60 E6.67
G1 F3547 X119.38 Y471.58 Z60 E6.67
G1 F3547 X119.38 Y471.58 Z60 E6.67
G1 F3547 X119.38 Y471.58 Z60 E6.67
G1 F3547 X119.38 Y471.58 Z60 E6.67
G1 F3547 X119.38 Y471.58 Z60 E6.67
G1 F3547 X119.38 Y471.58 Z60 E6.67
G1 F3547 X119.38 Y471.58 Z60 E6.67
G1 F3547 X119.38 Y471.58 Z60 E6.67
G1 F3547 X119.38 Y471.58 Z60 E6.67
G1 F3547 X119.38 Y471.58 Z60 E6.67
G1 F3547 X119.38 Y471.58 Z60 E6.67
G1 F3547 X119.38 Y471.58 Z60 E6.67
G1 F3547 X119.38 Y471.58 Z60 E6.67
G1 F3547 X119.38 Y471.58 Z60 E6.67
G1 F3547 X119.38 Y471.58 Z60 E6.67
G1 F3547 X119.38 Y471.58 Z60 E6.67
G1 F3547 X119.38 Y471.58 Z60 E6.67
G1 F3547 X119.38 Y471.58 Z60 E6.67
G1 F3547 X119.38 Y471.58 Z60 E6.67
G1 F3547 X119.38 Y471.58 Z60 E6.67
G1 F3547 X119.38 Y471.58 Z60 E6.67
G1 F3547 X119.38 Y471.58 Z60 E6.67
G1 F3547 X119.38 Y471.58 Z60 E6.67
G1 F3547 X119.38 Y471.58 Z60 E6.67
G1 F3547 X119.38 Y471.58 Z60 E6.67
G1 F3547 X119.38 Y471.58 Z60 E6.67
G1 F3547 X119.38 Y471.58 Z60 E6.67
G1 F3547 X119.38 Y471.58 Z60 E6.67
G1 F3547 X119.38 Y471.58 Z60 E6.67
G1 F3547 X119.38 Y471.58 Z60 E6.67
G1 F3547 X119.38 Y471.58 Z60 E6.67
G1 F3547 X119.38 Y471.58 Z60 E6.67
G1 F3547 X119.38 Y471.58 Z60 E6.67
G1 F3547 X119.38 Y471.58 Z60 E6.67
G1 F3547 X119.38 Y471.58 Z60 E6.67
G1 F3547 X119.38 Y471.58 Z60 E6.67
G1 F3547 X119.38 Y471.58 Z60 E6.67
G1 F3547 X119.38 Y471.58 Z60 E6.67
G1 F3547 X119.38 Y471.58 Z60 E6.67
G1 F3547 X119.38 Y471.58 Z60 E6.67
G1 F3547 X119.38 Y471.58 Z60 E6.67
G1 F3547 X119.38 Y471.58 Z60 E6.67
G1 F3547 X119.38 Y471.58 Z60 E6.67
G1 F3547 X119.38 Y471.58 Z60 E6.67
G1 F3547 X119.38 Y471.58 Z60 E6.67
G1 F3547 X119.38 Y471.58 Z60 E6.67
G1 F3547 X119.38 Y471.58 Z60 E6.67
G1 F3547 X119.38 Y471.58 Z60 E6.67
G1 F3547 X119.38 Y471.58 Z60 E6.67
G1 F3547 X119.38 Y471.58 Z60 E6.67
G1 F3547 X119.38 Y471.58 Z60 E6.67
G1 F3547 X119.38 Y471.58 Z60 E6.67
G1 F3547 X119.38 Y471.58 Z60 E6.67
G1 F3547 X119.38 Y471.58 Z60 E6.67
G1 F3547 X119.38 Y471.58 Z60 E6.67
G1 F3547 X119.38 Y471.58 Z60 E6.67
G1 F3547 X119.38 Y471.58 Z60 E6.67
G1 F3547 X119.38 Y471.58 Z60 E6.67
G1 F3547 X119.38 Y471.58 Z60 E6.67
G1 F3547 X119.38 Y471.58 Z60 E6.67
G1 F3547 X119.38 Y471.58 Z60 E6.67
G1 F3547 X119.38 Y471.58 Z60 E6.67
G1 F3547 X119.38 Y471.58 Z60 E6.67
G1 F3547 X119.38 Y471.58 Z60 E6.67
G1 F3547 X119.38 Y471.58 Z60 E6.67
G1 F3547 X119.38 Y471.58 Z60 E6.67
G1 F3547 X119.38 Y471.58 Z60 E6.67
G1 F3547 X119.38 Y471.58 Z60 E6.67
G1 F3547 X119.38 Y471.58 Z60 E6.67
G1 F3547 X119.38 Y471.58 Z60 E6.67
G1 F3547 X119.38 Y471.58 Z60 E6.67
G1 F3547 X119.38 Y471.58 Z60 E6.67
G1 F3547 X119.38 Y471.58 Z60 E6.67
G1 F3547 X119.38 Y471.58 Z60 E6.67
G1 F3547 X119.38 Y471.58 Z60 E6.67
G1 F3547 X119.38 Y471.58 Z60 E6.67
G1 F3547 X119.38 Y471.58 Z60 E6.67
G1 F3547 X119.38 Y471.58 Z60 E6.67
G1 F3547 X119.38 Y471.58 Z60 E6.67
G1 F3547 X119.38 Y471.58 Z60 E6.67
G1 F3547 X119.38 Y471.58 Z60 E6.67
G1 F3547 X119.38 Y471.58 Z60 E6.67
G1 F3547 X119.38 Y471.58 Z60 E6.67
G1 F3547 X119.38 Y471.58 Z60 E6.67
G1 F3547 X119.38 Y471.58 Z60 E6.67
G1 F3547 X119.38 Y471.58 Z60 E6.67
G1 F3547 X119.38 Y471.58 Z60 E6.67
G1 F3547 X119.38 Y471.58 Z60 E6.67
G1 F3547 X119.38 Y471.58 Z60 E6.67
G1 F3547 X119.38 Y471.58 Z60 E6.67
G1 F3547 X119.38 Y471.58 Z60 E6.67
G1 F3547 X119.38 Y471.58 Z60 E6.67
G1 F3547 X119.38 Y471.58 Z60 E6.67
G1 F3547 X119.38 Y471.58 Z60 E6.67
G1 F3547 X119.38 Y471.58 Z60 E6.67
G1 F3547 X119.38 Y471.58 Z60 E6.67
G1 F3547 X119.38 Y471.58 Z60 E6.67
G1 F3547 X119.38 Y471.58 Z60 E6.67
G1 F3547 X119.38 Y471.58 Z60 E6.67
G1 F3547 X119.38 Y471.58 Z60 E6.67
G1 F3547 X119.38 Y471.58 Z60 E6.67
G1 F3547 X119.38 Y471.58 Z60 E6.67
G1 F3547 X119.38 Y471.58 Z60 E6.67
G1 F3547 X119.38 Y471.58 Z60 E6.67
G1 F3547 X119.38 Y471.58 Z60 E6.67
G1 F3547 X119.38 Y471.58 Z60 E6.67
G1 F3547 X119.38 Y471.58 Z60 E6.67
G1 F3547 X119.38 Y471.58 Z60 E6.67
G1 F3547 X119.38 Y471.58 Z60 E6.67
G1 F3547 X119.38 Y471.58 Z60 E6.67
G1 F3547 X119.38 Y471.58 Z60 E6.67
G1 F3547 X119.38 Y471.58 Z60 E6.67
G1 F3547 X119.38 Y471.58 Z60 E6.67
G1 F3547 X119.38 Y471.58 Z60 E6.67
G1 F3547 X119.38 Y471.58 Z60 E6.67
G1 F3547 X119.38 Y471.58 Z60 E6.67
G1 F3547 X119.38 Y471.58 Z60 E6.67
G1 F3547 X119.38 Y471.58 Z60 E6.67
G1 F3547 X119.38 Y471.58 Z60 E6.67
G1 F3547 X119.38 Y471.58 Z60 E6.67
G1 F3547 X119.38 Y471.58 Z60 E6.67
G1 F3547 X119.38 Y471.58 Z60 E6.67
G1 F3547 X119.38 Y471.58 Z60 E6.67
G1 F3547 X119.38 Y471.58 Z60 E6.67
G1 F3547 X119.38 Y471.58 Z60 E6.67
G1 F3547 X119.38 Y471.58 Z60 E6.67
G1 F3547 X119.38 Y471.58 Z60 E6.67
G1 F3547 X119.38 Y471.58 Z60 E6.67
G1 F3547 X119.38 Y471.58 Z60 E6.67
G1 F3547 X119.38 Y471.58 Z60 E6.67
G1 F3547 X119.38 Y471.58 Z60 E6.67
G1 F3547 X119.38 Y471.58 Z60 E6.67
G1 F3547 X119.38 Y471.58 Z60 E6.67
G1 F3547 X119.38 Y471.58 Z60 E6.67
G1 F3547 X119.38 Y471.58 Z60 E6.67
G1 F3547 X119.38 Y471.58 Z60 E6.67
G1 F3547 X119.38 Y471.58 Z60 E6.67
G1 F3547 X119.38 Y471.58 Z60 E6.67
G1 F3547 X119.38 Y471.58 Z60 E6.67
G1 F3547 X119.38 Y471.58 Z60 E6.67
G1 F3547 X119.38 Y471.58 Z60 E6.67
G1 F3547 X119.38 Y471.58 Z60 E6.67
G1 F3547 X119.38 Y471.58 Z60 E6.67
G1 F3547 X119.38 Y471.58 Z60 E6.67
G1 F3547 X119.38 Y471.58 Z60 E6.67
G1 F3547 X119.38 Y471.58 Z60 E6.67
G1 F3547 X119.38 Y471.58 Z60 E6.67
G1 F3547 X119.38 Y471.58 Z60 E6.67
G1 F3547 X119.38 Y471.58 Z60 E6.67
G1 F3547 X119.38 Y471.58 Z60 E6.67
G1 F3547 X119.38 Y471.58 Z60 E6.67
G1 F3547 X119.38 Y471.58 Z60 E6.67
G1 F3547 X119.38 Y471.58 Z60 E6.67
G1 F3547 X119.38 Y471.58 Z60 E6.67
G1 F3547 X119.38 Y471.58 Z60 E6.67
G1 F3547 X119.38 Y471.58 Z60 E6.67
G1 F3547 X119.38 Y471.58 Z60 E6.67
G1 F3547 X119.38 Y471.58 Z60 E6.67
G1 F3547 X119.38 Y471.58 Z60 E6.67
G1 F3547 X119.38 Y471.58 Z60 E6.67
G1 F3547 X119.38 Y471.58 Z60 E6.67
G1 F3547 X119.38 Y471.58 Z60 E6.67
G1 F3547 X119.38 Y471.58 Z60 E6.67
G1 F3547 X119.38 Y471.58 Z60 E6.67
G1 F3547 X119.38 Y471.58 Z60 E6.67
G1 F3547 X119.38 Y471.58 Z60 E6.67
G1 F3547 X119.38 Y471.58 Z60 E6.67
G1 F3547 X119.38 Y471.58 Z60 E6.67
G1 F3547 X119.38 Y471.58 Z60 E6.67
G1 F3547 X119.38 Y471.58 Z60 E6.67
G1 F3547 X119.38 Y471.58 Z60 E6.67
G1 F3547 X119.38 Y471.58 Z60 E6.67
G1 F3547 X119.38 Y471.58 Z60 E6.67
G1 F3547 X119.38 Y471.58 Z60 E6.67
G1 F3547 X119.38 Y471.58 Z60 E6.67
G1 F3547 X119.38 Y471.58 Z60 E6.67
G1 F3547 X119.38 Y471.58 Z60 E6.67
G1 F3547 X119.38 Y471.58 Z60 E6.67
G1 F3547 X119.38 Y471.58 Z60 E6.67
G1 F3547 X119.38 Y471.58 Z60 E6.67
G1 F3547 X119.38 Y471.58 Z60 E6.67
G1 F3547 X119.38 Y471.58 Z60 E6.67
G1 F3547 X119.38 Y471.58 Z60 E6.67
G1 F3547 X119.38 Y471.58 Z60 E6.67
G1 F3547 X119.38 Y471.58 Z60 E6.67
G1 F3547 X119.38 Y471.58 Z60 E6.67
G1 F3547 X119.38 Y471.58 Z60 E6.67
G1 F3547 X119.38 Y471.58 Z60 E6.67
G1 F3547 X119.38 Y471.58 Z60 E6.67
G1 F3547 X119.38 Y471.58 Z60 E6.67
G1 F3547 X119.38 Y471.58 Z60 E6.67
G1 F3547 X119.38 Y471.58 Z60 E6.67
G1 F3547 X119.38 Y471.58 Z60 E6.67
G1 F3547 X119.38 Y471.58 Z60 E6.67
G1 F3547 X119.38 Y471.58 Z60 E6.67
G1 F3547 X119.38 Y471.58 Z60 E6.67
G1 F3547 X119.38 Y471.58 Z60 E6.67
G1 F3547 X119.38 Y471.58 Z60 E6.67
G1 F3547 X119.38 Y471.58 Z60 E6.67
G1 F3547 X119.38 Y471.58 Z60 E6.67
G1 F3547 X119.38 Y471.58 Z60 E6.67
G1 F3547 X119.38 Y471.58 Z60 E6.67
G1 F3547 X119.38 Y471.58 Z60 E6.67
G1 F3547 X119.38 Y471.58 Z60 E6.67
G1 F3547 X119.38 Y471.58 Z60 E6.67
G1 F3547 X119.38 Y471.58 Z60 E6.67
G1 F3547 X119.38 Y471.58 Z60 E6.67
G1 F3547 X119.38 Y471.58 Z60 E6.67
G1 F3547 X119.38 Y471.58 Z60 E6.67
G1 F3547 X119.38 Y471.58 Z60 E6.67
G1 F3547 X119.38 Y471.58 Z60 E6.67
G1 F3547 X119.38 Y471.58 Z60 E6.67
G1 F3547 X119.38 Y471.58 Z60 E6.67
G1 F3547 X119.38 Y471.58 Z60 E6.67
G1 F3547 X119.38 Y471.58 Z60 E6.67
G1 F3547 X119.38 Y471.58 Z60 E6.67
G1 F3547 X119.38 Y471.58 Z60 E6.67
G1 F3547 X119.38 Y471.58 Z60 E6.67
G1 F3547 X119.38 Y471.58 Z60 E6.67
G1 F3547 X119.38 Y471.58 Z60 E6.67
G1 F3547 X119.38 Y471.58 Z60 E6.67
G1 F3547 X119.38 Y471.58 Z60 E6.67
G1 F3547 X119.38 Y471.58 Z60 E6.67
G1 F3547 X119.38 Y471.58 Z60 E6.67
G1 F3547 X119.38 Y471.58 Z60 E6.67
G1 F3547 X119.38 Y471.58 Z60 E6.67
G1 F3547 X119.38 Y471.58 Z60 E6.67
G1 F3547 X119.38 Y471.58 Z60 E6.67
G1 F3547 X119.38 Y471.58 Z60 E6.67
G1 F3547 X119.38 Y471.58 Z60 E6.67
G1 F3547 X119.38 Y471.58 Z60 E6.67
G1 F3547 X119.38 Y471.58 Z60 E6.67
G1 F3547 X119.38 Y471.58 Z60 E6.67
G1 F3547 X119.38 Y471.58 Z60 E6.67
G1 F3547 X119.38 Y471.58 Z60 E6.67
G1 F3547 X119.38 Y471.58 Z60 E6.67
G1 F3547 X119.38 Y471.58 Z60 E6.67
G1 F3547 X119.38 Y471.58 Z60 E6.67
G1 F3547 X119.38 Y471.58 Z60 E6.67
G1 F3547 X119.38 Y471.58 Z60 E6.67
G1 F3547 X119.38 Y471.58 Z60 E6.67
G1 F3547 X119.38 Y471.58 Z60 E6.67
G1 F3547 X119.38 Y471.58 Z60 E6.67
G1 F3547 X119.38 Y471.58 Z60 E6.67
G1 F3547 X119.38 Y471.58 Z60 E6.67
G1 F3547 X119.38 Y471.58 Z60 E6.67
G1 F3547 X119.38 Y471.58 Z60 E6.67
G1 F3547 X119.38 Y471.58 Z60 E6.67
G1 F3547 X119.38 Y471.58 Z60 E6.67
G1 F3547 X119.38 Y471.58 Z60 E6.67
G1 F3547 X119.38 Y471.58 Z60 E6.67
G1 F3547 X119.38 Y471.58 Z60 E6.67
G1 F3547 X119.38 Y471.58 Z60 E6.67
G1 F3547 X119.38 Y471.58 Z60 E6.67
G1 F3547 X119.38 Y471.58 Z60 E6.67
G1 F3547 X119.38 Y471.58 Z60 E6.67
G1 F3547 X119.38 Y471.58 Z60 E6.67
G1 F3547 X119.38 Y471.58 Z60 E6.67
G1 F3547 X119.38 Y471.58 Z60 E6.67
G1 F3547 X119.38 Y471.58 Z60 E6.67
G1 F3547 X119.38 Y471.58 Z60 E6.67
G1 F3547 X119.38 Y471.58 Z60 E6.67
G1 F3547 X119.38 Y471.58 Z60 E6.67
G1 F3547 X119.38 Y471.58 Z60 E6.67
G1 F3547 X119.38 Y471.58 Z60 E6.67
G1 F3547 X119.38 Y471.58 Z60 E6.67
G1 F3547 X119.38 Y471.58 Z60 E6.67
G1 F3547 X119.38 Y471.58 Z60 E6.67
G1 F3547 X119.38 Y471.58 Z60 E6.67
G1 F3547 X119.38 Y471.58 Z60 E6.67
G1 F3547 X119.38 Y471.58 Z60 E6.67
G1 F3547 X119.38 Y471.58 Z60 E6.67
G1 F3547 X119.38 Y471.58 Z60 E6.67
G1 F3547 X119.38 Y471.58 Z60 E6.67
G1 F3547 X119.38 Y471.58 Z60 E6.67
G1 F3547 X119.38 Y471.58 Z60 E6.67
G1 F3547 X119.38 Y471.58 Z60 E6.67
G1 F3547 X119.38 Y471.58 Z60 E6.67
G1 F3547 X119.38 Y471.58 Z60 E6.67
G1 F3547 X119.38 Y471.58 Z60 E6.67
G1 F3547 X119.38 Y471.58 Z60 E6.67
G1 F3547 X119.38 Y471.58 Z60 E6.67
G1 F3547 X119.38 Y471.58 Z60 E6.67
G1 F3547 X119.38 Y471.58 Z60 E6.67
G1 F3547 X119.38 Y471.58 Z60 E6.67
G1 F3547 X119.38 Y471.58 Z60 E6.67
G1 F3547 X119.38 Y471.58 Z60 E6.67
G1 F3547 X119.38 Y471.58 Z60 E6.67
G1 F3547 X119.38 Y471.58 Z60 E6.67
G1 F3547 X119.38 Y471.58 Z60 E6.67
G1 F3547 X119.38 Y471.58 Z60 E6.67
G1 F3547 X119.38 Y471.58 Z60 E6.67
G1 F3547 X119.38 Y471.58 Z60 E6.67
G1 F3547 X119.38 Y471.58 Z60 E6.67
G1 F3547 X119.38 Y471.58 Z60 E6.67
G1 F3547 X119.38 Y471.58 Z60 E6.67
G1 F3547 X119.38 Y471.58 Z60 E6.67
G1 F3547 X119.38 Y471.58 Z60 E6.67
G1 F3547 X119.38 Y471.58 Z60 E6.67
G1 F3547 X119.38 Y471.58 Z60 E6.67
G1 F3547 X119.38 Y471.58 Z60 E6.67
G1 F3547 X119.38 Y471.58 Z60 E6.67
G1 F3547 X119.38 Y471.58 Z60 E6.67
G1 F3547 X119.38 Y471.58 Z60 E6.67
G1 F3547 X119.38 Y471.58 Z60 E6.67
G1 F3547 X119.38 Y471.58 Z60 E6.67
G1 F3547 X119.38 Y471.58 Z60 E6.67
G1 F3547 X119.38 Y471.58 Z60 E6.67
G1 F3547 X119.38 Y471.58 Z60 E6.67
G1 F3547 X119.38 Y471.58 Z60 E6.67
G1 F3547 X119.38 Y471.58 Z60 E6.67
G1 F3547 X119.38 Y471.58 Z60 E6.67
G1 F3547 X119.38 Y471.58 Z60 E6.67
G1 F3547 X119.38 Y471.58 Z60 E6.67
G1 F3547 X119.38 Y471.58 Z60 E6.67
G1 F3547 X119.38 Y471.58 Z60 E6.67
G1 F3547 X119.38 Y471.58 Z60 E6.67
G1 F3547 X119.38 Y471.58 Z60 E6.67
G1 F3547 X119.38 Y471.58 Z60 E6.67
G1 F3547 X119.38 Y471.58 Z60 E6.67
G1 F3547 X119.38 Y471.58 Z60 E6.67
G1 F3547 X119.38 Y471.58 Z60 E6.67
G1 F3547 X119.38 Y471.58 Z60 E6.67
G1 F3547 X119.38 Y471.58 Z60 E6.67
G1 F3547 X119.38 Y471.58 Z60 E6.67
G1 F3547 X119.38 Y471.58 Z60 E6.67
G1 F3547 X119.38 Y471.58 Z60 E6.67
G1 F3547 X119.38 Y471.58 Z60 E6.67
G1 F3547 X119.38 Y471.58 Z60 E6.67
G1 F3547 X119.38 Y471.58 Z60 E6.67
G1 F3547 X119.38 Y471.58 Z60 E6.67
G1 F3547 X119.38 Y471.58 Z60 E6.67
G1 F3547 X119.38 Y471.58 Z60 E6.67
G1 F3547 X119.38 Y471.58 Z60 E6.67
G1 F3547 X119.38 Y471.58 Z60 E6.67
G1 F3547 X119.38 Y471.58 Z60 E6.67
G1 F3547 X119.38 Y471.58 Z60 E6.67
G1 F3547 X119.38 Y471.58 Z60 E6.67
G1 F3547 X119.38 Y471.58 Z60 E6.67
G1 F3547 X119.38 Y471.58 Z60 E6.67
G1 F3547 X119.38 Y471.58 Z60 E6.67
G1 F3547 X119.38 Y471.58 Z60 E6.67
G1 F3547 X119.38 Y471.58 Z60 E6.67
G1 F3547 X119.38 Y471.58 Z60 E6.67
G1 F3547 X119.38 Y471.58 Z60 E6.67
G1 F3547 X119.38 Y471.58 Z60 E6.67
G1 F3547 X119.38 Y471.58 Z60 E6.67
G1 F3547 X119.38 Y471.58 Z60 E6.67
G1 F3547 X119.38 Y471.58 Z60 E6.67
G1 F3547 X119.38 Y471.58 Z60 E6.67
G1 F3547 X119.38 Y471.58 Z60 E6.67
G1 F3547 X119.38 Y471.58 Z60 E6.67
G1 F3547 X119.38 Y471.58 Z60 E6.67
G1 F3547 X119.38 Y471.58 Z60 E6.67
G1 F3547 X119.38 Y471.58 Z60 E6.67
G1 F3547 X119.38 Y471.58 Z60 E6.67
G1 F3547 X119.38 Y471.58 Z60 E6.67
G1 F3547 X119.38 Y471.58 Z60 E6.67
G1 F3547 X119.38 Y471.58 Z60 E6.67
G1 F3547 X119.38 Y471.58 Z60 E6.67
G1 F3547 X119.38 Y471.58 Z60 E6.67
G1 F3547 X119.38 Y471.58 Z60 E6.67
G1 F3547 X119.38 Y471.58 Z60 E6.67
G1 F3547 X119.38 Y471.58 Z60 E6.67
G1 F3547 X119.38 Y471.58 Z60 E6.67
G1 F3547 X119.38 Y471.58 Z60 E6.67
G1 F3547 X119.38 Y471.58 Z60 E6.67
G1 F3547 X119.38 Y471.58 Z60 E6.67
G1 F3547 X119.38 Y471.58 Z60 E6.67
G1 F3547 X119.38 Y471.58 Z60 E6.67
G1 F3547 X119.38 Y471.58 Z60 E6.67
G1 F3547 X119.38 Y471.58 Z60 E6.67
G1 F3547 X119.38 Y471.58 Z60 E6.67
G1 F3547 X119.38 Y471.58 Z60 E6.67
G1 F3547 X119.38 Y471.58 Z60 E6.67
G1 F3547 X119.38 Y471.58 Z60 E6.67
G1 F3547 X119.38 Y471.58 Z60 E6.67
G1 F3547 X119.38 Y471.58 Z60 E6.67
G1 F3547 X119.38 Y471.58 Z60 E6.67
G1 F3547 X119.38 Y471.58 Z60 E6.67
G1 F3547 X119.38 Y471.58 Z60 E6.67
G1 F3547 X119.38 Y471.58 Z60 E6.67
G1 F3547 X119.38 Y471.58 Z60 E6.67
G1 F3547 X119.38 Y471.58 Z60 E6.67
G1 F3547 X119.38 Y471.58 Z60 E6.67
G1 F3547 X119.38 Y471.58 Z60 E6.67
G1 F3547 X119.38 Y471.58 Z60 E6.67
G1 F3547 X119.38 Y471.58 Z60 E6.67
G1 F3547 X119.38 Y471.58 Z60 E6.67
G1 F3547 X119.38 Y471.58 Z60 E6.67
G1 F3547 X119.38 Y471.58 Z60 E6.67
G1 F3547 X119.38 Y471.58 Z60 E6.67
G1 F3547 X119.38 Y471.58 Z60 E6.67
G1 F3547 X119.38 Y471.58 Z60 E6.67
G1 F3547 X119.38 Y471.58 Z60 E6.67
G1 F3547 X119.38 Y471.58 Z60 E6.67
G1 F3547 X119.38 Y471.58 Z60 E6.67
G1 F3547 X119.38 Y471.58 Z60 E6.67
G1 F3547 X119.38 Y471.58 Z60 E6.67
G1 F3547 X119.38 Y471.58 Z60 E6.67
G1 F3547 X119.38 Y471.58 Z60 E6.67
G1 F3547 X119.38 Y471.58 Z60 E6.67
G1 F3547 X119.38 Y471.58 Z60 E6.67
G1 F3547 X119.38 Y471.58 Z60 E6.67
G1 F3547 X119.38 Y471.58 Z60 E6.67
G1 F3547 X119.38 Y471.58 Z60 E6.67
G1 F3547 X119.38 Y471.58 Z60 E6.67
G1 F3547 X119.38 Y471.58 Z60 E6.67
G1 F3547 X119.38 Y471.58 Z60 E6.67
G1 F3547 X119.38 Y471.58 Z60 E6.67
G1 F3547 X119.38 Y471.58 Z60 E6.67
G1 F3547 X119.38 Y471.58 Z60 E6.67
G1 F3547 X119.38 Y471.58 Z60 E6.67
G1 F3547 X119.38 Y471.58 Z60 E6.67
G1 F3547 X119.38 Y471.58 Z60 E6.67
G1 F3547 X119.38 Y471.58 Z60 E6.67
G1 F3547 X119.38 Y471.58 Z60 E6.67
G1 F3547 X119.38 Y471.58 Z60 E6.67
G1 F3547 X119.38 Y471.58 Z60 E6.67
G1 F3547 X119.38 Y471.58 Z60 E6.67
G1 F3547 X119.38 Y471.58 Z60 E6.67
G1 F3547 X119.38 Y471.58 Z60 E6.67
G1 F3547 X119.38 Y471.58 Z60 E6.67
G1 F3547 X119.38 Y471.58 Z60 E6.67
G1 F3547 X119.38 Y471.58 Z60 E6.67
G1 F3547 X119.38 Y471.58 Z60 E6.67
G1 F3547 X119.38 Y471.58 Z60 E6.67
G1 F3547 X119.38 Y471.58 Z60 E6.67
G1 F3547 X119.38 Y471.58 Z60 E6.67
G1 F3547 X119.38 Y471.58 Z60 E6.67
G1 F3547 X119.38 Y471.58 Z60 E6.67
G1 F3547 X119.38 Y471.58 Z60 E6.67
G1 F3547 X119.38 Y471.58 Z60 E6.67
G1 F3547 X119.38 Y471.58 Z60 E6.67
G1 F3547 X119.38 Y471.58 Z60 E6.67
G1 F3547 X119.38 Y471.58 Z60 E6.67
G1 F3547 X119.38 Y471.58 Z60 E6.67
G1 F3547 X119.38 Y471.58 Z60 E6.67
G1 F3547 X119.38 Y471.58 Z60 E6.67
G1 F3547 X119.38 Y471.58 Z60 E6.67
G1 F3547 X119.38 Y471.58 Z60 E6.67
G1 F3547 X119.38 Y471.58 Z60 E6.67
G1 F3547 X119.38 Y471.58 Z60 E6.67
G1 F3547 X119.38 Y471.58 Z60 E6.67
G1 F3547 X119.38 Y471.58 Z60 E6.67
G1 F3547 X119.38 Y471.58 Z60 E6.67
G1 F3547 X119.38 Y471.58 Z60 E6.67
G1 F3547 X119.38 Y471.58 Z60 E6.67
G1 F3547 X119.38 Y471.58 Z60 E6.67
G1 F3547 X119.38 Y471.58 Z60 E6.67
G1 F3547 X119.38 Y471.58 Z60 E6.67
G1 F3547 X119.38 Y471.58 Z60 E6.67
G1 F3547 X119.38 Y471.58 Z60 E6.67
G1 F3547 X119.38 Y471.58 Z60 E6.67
G1 F3547 X119.38 Y471.58 Z60 E6.67
G1 F3547 X119.38 Y471.58 Z60 E6.67
G1 F3547 X119.38 Y471.58 Z60 E6.67
G1 F3547 X119.38 Y471.58 Z60 E6.67
G1 F3547 X119.38 Y471.58 Z60 E6.67
G1 F3547 X119.38 Y471.58 Z60 E6.67
G1 F3547 X119.38 Y471.58 Z60 E6.67
G1 F3547 X119.38 Y471.58 Z60 E6.67
G1 F3547 X119.38 Y471.58 Z60 E6.67
G1 F3547 X119.38 Y471.58 Z60 E6.67
G1 F3547 X119.38 Y471.58 Z60 E6.67
G1 F3547 X119.38 Y471.58 Z60 E6.67
G1 F3547 X119.38 Y471.58 Z60 E6.67
G1 F3547 X119.38 Y471.58 Z60 E6.67
G1 F3547 X119.38 Y471.58 Z60 E6.67
G1 F3547 X119.38 Y471.58 Z60 E6.67
G1 F3547 X119.38 Y471.58 Z60 E6.67
G1 F3547 X119.38 Y471.58 Z60 E6.67
G1 F3547 X119.38 Y471.58 Z60 E6.67
G1 F3547 X119.38 Y471.58 Z60 E6.67
G1 F3547 X119.38 Y471.58 Z60 E6.67
G1 F3547 X119.38 Y471.58 Z60 E6.67
G1 F3547 X119.38 Y471.58 Z60 E6.67
G1 F3547 X119.38 Y471.58 Z60 E6.67
G1 F3547 X119.38 Y471.58 Z60 E6.67
G1 F3547 X119.38 Y471.58 Z60 E6.67
G1 F3547 X119.38 Y471.58 Z60 E6.67
G1 F3547 X119.38 Y471.58 Z60 E6.67
G1 F3547 X119.38 Y471.58 Z60 E6.67
G1 F3547 X119.38 Y471.58 Z60 E6.67
G1 F3547 X119.38 Y471.58 Z60 E6.67
G1 F3547 X119.38 Y471.58 Z60 E6.67
G1 F3547 X119.38 Y471.58 Z60 E6.67
G1 F3547 X119.38 Y471.58 Z60 E6.67
G1 F3547 X119.38 Y471.58 Z60 E6.67
G1 F3547 X119.38 Y471.58 Z60 E6.67
G1 F3547 X119.38 Y471.58 Z60 E6.67
G1 F3547 X119.38 Y471.58 Z60 E6.67
G1 F3547 X119.38 Y471.58 Z60 E6.67
G1 F3547 X119.38 Y471.58 Z60 E6.67
G1 F3547 X119.38 Y471.58 Z60 E6.67
G1 F3547 X119.38 Y471.58 Z60 E6.67
G1 F3547 X119.38 Y471.58 Z60 E6.67
G1 F3547 X119.38 Y471.58 Z60 E6.67
G1 F3547 X119.38 Y471.58 Z60 E6.67
G1 F3547 X119.38 Y471.58 Z60 E6.67
G1 F3547 X119.38 Y471.58 Z60 E6.67
G1 F3547 X119.38 Y471.58 Z60 E6.67
G1 F3547 X119.38 Y471.58 Z60 E6.67
G1 F3547 X119.38 Y471.58 Z60 E6.67
G1 F3547 X119.38 Y471.58 Z60 E6.67
G1 F3547 X119.38 Y471.58 Z60 E6.67
G1 F3547 X119.38 Y471.58 Z60 E6.67
G1 F3547 X119.38 Y471.58 Z60 E6.67
G1 F3547 X119.38 Y471.58 Z60 E6.67
G1 F3547 X119.38 Y471.58 Z60 E6.67
G1 F3547 X119.38 Y471.58 Z60 E6.67
G1 F3547 X119.38 Y471.58 Z60 E6.67
G1 F3547 X119.38 Y471.58 Z60 E6.67
G1 F3547 X119.38 Y471.58 Z60 E6.67
G1 F3547 X119.38 Y471.58 Z60 E6.67
G1 F3547 X119.38 Y471.58 Z60 E6.67
G1 F3547 X119.38 Y471.58 Z60 E6.67
G1 F3547 X119.38 Y471.58 Z60 E6.67
G1 F3547 X119.38 Y471.58 Z60 E6.67
G1 F3547 X119.38 Y471.58 Z60 E6.67
G1 F3547 X119.38 Y471.58 Z60 E6.67
G1 F3547 X119.38 Y471.58 Z60 E6.67
G1 F3547 X119.38 Y471.58 Z60 E6.67
G1 F3547 X119.38 Y471.58 Z60 E6.67
G1 F3547 X119.38 Y471.58 Z60 E6.67
G1 F3547 X119.38 Y471.58 Z60 E6.67
G1 F3547 X119.38 Y471.58 Z60 E6.67
G1 F3547 X119.38 Y471.58 Z60 E6.67
G1 F3547 X119.38 Y471.58 Z60 E6.67
G1 F3547 X119.38 Y471.58 Z60 E6.67
G1 F3547 X119.38 Y471.58 Z60 E6.67
G1 F3547 X119.38 Y471.58 Z60 E6.67
G1 F3547 X119.38 Y471.58 Z60 E6.67
G1 F3547 X119.38 Y471.58 Z60 E6.67
G1 F3547 X119.38 Y471.58 Z60 E6.67
G1 F3547 X119.38 Y471.58 Z60 E6.67
G1 F3547 X119.38 Y471.58 Z60 E6.67
G1 F3547 X119.38 Y471.58 Z60 E6.67
G1 F3547 X119.38 Y471.58 Z60 E6.67
G1 F3547 X119.38 Y471.58 Z60 E6.67
G1 F3547 X119.38 Y471.58 Z60 E6.67
G1 F3547 X119.38 Y471.58 Z60 E6.67
G1 F3547 X119.38 Y471.58 Z60 E6.67
G1 F3547 X119.38 Y471.58 Z60 E6.67
G1 F3547 X119.38 Y471.58 Z60 E6.67
G1 F3547 X119.38 Y471.58 Z60 E6.67
G1 F3547 X119.38 Y471.58 Z60 E6.67
G1 F3547 X119.38 Y471.58 Z60 E6.67
G1 F3547 X119.38 Y471.58 Z60 E6.67
G1 F3547 X119.38 Y471.58 Z60 E6.67
G1 F3547 X119.38 Y471.58 Z60 E6.67
G1 F3547 X119.38 Y471.58 Z60 E6.67
G1 F3547 X119.38 Y471.58 Z60 E6.67
G1 F3547 X119.38 Y471.58 Z60 E6.67
G1 F3547 X119.38 Y471.58 Z60 E6.67
G1 F3547 X119.38 Y471.58 Z60 E6.67
G1 F3547 X119.38 Y471.58 Z60 E6.67
G1 F3547 X119.38 Y471.58 Z60 E6.67
G1 F3547 X119.38 Y471.58 Z60 E6.67
G1 F3547 X119.38 Y471.58 Z60 E6.67
G1 F3547 X119.38 Y471.58 Z60 E6.67
G1 F3547 X119.38 Y471.58 Z60 E6.67
G1 F3547 X119.38 Y471.58 Z60 E6.67
G1 F3547 X119.38 Y471.58 Z60 E6.67
G1 F3547 X119.38 Y471.58 Z60 E6.67
G1 F3547 X119.38 Y471.58 Z60 E6.67
G1 F3547 X119.38 Y471.58 Z60 E6.67
G1 F3547 X119.38 Y471.58 Z60 E6.67
G1 F3547 X119.38 Y471.58 Z60 E6.67
G1 F3547 X119.38 Y471.58 Z60 E6.67
G1 F3547 X119.38 Y471.58 Z60 E6.67
G1 F3547 X119.38 Y471.58 Z60 E6.67
G1 F3547 X119.38 Y471.58 Z60 E6.67
G1 F3547 X119.38 Y471.58 Z60 E6.67
G1 F3547 X119.38 Y471.58 Z60 E6.67
G1 F3547 X119.38 Y471.58 Z60 E6.67
G1 F3547 X119.38 Y471.58 Z60 E6.67
G1 F3547 X119.38 Y471.58 Z60 E6.67
G1 F3547 X119.38 Y471.58 Z60 E6.67
G1 F3547 X119.38 Y471.58 Z60 E6.67
G1 F3547 X119.38 Y471.58 Z60 E6.67
G1 F3547 X119.38 Y471.58 Z60 E6.67
G1 F3547 X119.38 Y471.58 Z60 E6.67
G1 F3547 X119.38 Y471.58 Z60 E6.67
G1 F3547 X119.38 Y471.58 Z60 E6.67
G1 F3547 X119.38 Y471.58 Z60 E6.67
G1 F3547 X119.38 Y471.58 Z60 E6.67
G1 F3547 X119.38 Y471.58 Z60 E6.67
G1 F3547 X119.38 Y471.58 Z60 E6.67
G1 F3547 X119.38 Y471.58 Z60 E6.67
G1 F3547 X119.38 Y471.58 Z60 E6.67
G1 F3547 X119.38 Y471.58 Z60 E6.67
G1 F3547 X119.38 Y471.58 Z60 E6.67
G1 F3547 X119.38 Y471.58 Z60 E6.67
G1 F3547 X119.38 Y471.58 Z60 E6.67
G1 F3547 X119.38 Y471.58 Z60 E6.67
G1 F3547 X119.38 Y471.58 Z60 E6.67
G1 F3547 X119.38 Y471.58 Z60 E6.67
G1 F3547 X119.38 Y471.58 Z60 E6.67
G1 F3547 X119.38 Y471.58 Z60 E6.67
G1 F3547 X119.38 Y471.58 Z60 E6.67
G1 F3547 X119.38 Y471.58 Z60 E6.67
G1 F3547 X119.38 Y471.58 Z60 E6.67
G1 F3547 X119.38 Y471.58 Z60 E6.67
G1 F3547 X119.38 Y471.58 Z60 E6.67
G1 F3547 X119.38 Y471.58 Z60 E6.67
G1 F3547 X119.38 Y471.58 Z60 E6.67
G1 F3547 X119.38 Y471.58 Z60 E6.67
G1 F3547 X119.38 Y471.58 Z60 E6.67
G1 F3547 X119.38 Y471.58 Z60 E6.67
G1 F3547 X119.38 Y471.58 Z60 E6.67
G1 F3547 X119.38 Y471.58 Z60 E6.67
G1 F3547 X119.38 Y471.58 Z60 E6.67
G1 F3547 X119.38 Y471.58 Z60 E6.67
G1 F3547 X119.38 Y471.58 Z60 E6.67
G1 F3547 X119.38 Y471.58 Z60 E6.67
G1 F3547 X119.38 Y471.58 Z60 E6.67
G1 F3547 X119.38 Y471.58 Z60 E6.67
G1 F3547 X119.38 Y471.58 Z60 E6.67
G1 F3547 X119.38 Y471.58 Z60 E6.67
G1 F3547 X119.38 Y471.58 Z60 E6.67
G1 F3547 X119.38 Y471.58 Z60 E6.67
G1 F3547 X119.38 Y471.58 Z60 E6.67
G1 F3547 X119.38 Y471.58 Z60 E6.67
G1 F3547 X119.38 Y471.58 Z60 E6.67
G1 F3547 X119.38 Y471.58 Z60 E6.67
G1 F3547 X119.38 Y471.58 Z60 E6.67
G1 F3547 X119.38 Y471.58 Z60 E6.67
G1 F3547 X119.38 Y471.58 Z60 E6.67
G1 F3547 X119.38 Y471.58 Z60 E6.67
G1 F3547 X119.38 Y471.58 Z60 E6.67
G1 F3547 X119.38 Y471.58 Z60 E6.67
G1 F3547 X119.38 Y471.58 Z60 E6.67
G1 F3547 X119.38 Y471.58 Z60 E6.67
G1 F3547 X119.38 Y471.58 Z60 E6.67
G1 F3547 X119.38 Y471.58 Z60 E6.67
G1 F3547 X119.38 Y471.58 Z60 E6.67
G1 F3547 X119.38 Y471.58 Z60 E6.67
G1 F3547 X119.38 Y471.58 Z60 E6.67
G1 F3547 X119.38 Y471.58 Z60 E6.67
G1 F3547 X119.38 Y471.58 Z60 E6.67
G1 F3547 X119.38 Y471.58 Z60 E6.67
G1 F3547 X119.38 Y471.58 Z60 E6.67
G1 F3547 X119.38 Y471.58 Z60 E6.67
G1 F3547 X119.38 Y471.58 Z60 E6.67
G1 F3547 X119.38 Y471.58 Z60 E6.67
G1 F3547 X119.38 Y471.58 Z60 E6.67
G1 F3547 X119.38 Y471.58 Z60 E6.67
G1 F3547 X119.38 Y471.58 Z60 E6.67
G1 F3547 X119.38 Y471.58 Z60 E6.67
G1 F3547 X119.38 Y471.58 Z60 E6.67
G1 F3547 X119.38 Y471.58 Z60 E6.67
G1 F3547 X119.38 Y471.58 Z60 E6.67
G1 F3547 X119.38 Y471.58 Z60 E6.67
G1 F3547 X119.38 Y471.58 Z60 E6.67
G1 F3547 X119.38 Y471.58 Z60 E6.67
G1 F3547 X119.38 Y471.58 Z60 E6.67
G1 F3547 X119.38 Y471.58 Z60 E6.67
G1 F3547 X119.38 Y471.58 Z60 E6.67
G1 F3547 X119.38 Y471.58 Z60 E6.67
G1 F3547 X119.38 Y471.58 Z60 E6.67
G1 F3547 X119.38 Y471.58 Z60 E6.67
G1 F3547 X119.38 Y471.58 Z60 E6.67
G1 F3547 X119.38 Y471.58 Z60 E6.67
G1 F3547 X119.38 Y471.58 Z60 E6.67
G1 F3547 X119.38 Y471.58 Z60 E6.67
G1 F3547 X119.38 Y471.58 Z60 E6.67
G1 F3547 X119.38 Y471.58 Z60 E6.67
G1 F3547 X119.38 Y471.58 Z60 E6.67
G1 F3547 X119.38 Y471.58 Z60 E6.67
G1 F3547 X119.38 Y471.58 Z60 E6.67
G1 F3547 X119.38 Y471.58 Z60 E6.67
G1 F3547 X119.38 Y471.58 Z60 E6.67
G1 F3547 X119.38 Y471.58 Z60 E6.67
G1 F3547 X119.38 Y471.58 Z60 E6.67
G1 F3547 X119.38 Y471.58 Z60 E6.67
G1 F3547 X119.38 Y471.58 Z60 E6.67
G1 F3547 X119.38 Y471.58 Z60 E6.67
G1 F3547 X119.38 Y471.58 Z60 E6.67
G1 F3547 X119.38 Y471.58 Z60 E6.67
G1 F3547 X119.38 Y471.58 Z60 E6.67
G1 F3547 X119.38 Y471.58 Z60 E6.67
G1 F3547 X119.38 Y471.58 Z60 E6.67
G1 F3547 X119.38 Y471.58 Z60 E6.67
G1 F3547 X119.38 Y471.58 Z60 E6.67
G1 F3547 X119.38 Y471.58 Z60 E6.67
G1 F3547 X119.38 Y471.58 Z60 E6.67
G1 F3547 X119.38 Y471.58 Z60 E6.67
G1 F3547 X119.38 Y471.58 Z60 E6.67
G1 F3547 X119.38 Y471.58 Z60 E6.67
G1 F3547 X119.38 Y471.58 Z60 E6.67
G1 F3547 X119.38 Y471.58 Z60 E6.67
G1 F3547 X119.38 Y471.58 Z60 E6.67
G1 F3547 X119.38 Y471.58 Z60 E6.67
G1 F3547 X119.38 Y471.58 Z60 E6.67
G1 F3547 X119.38 Y471.58 Z60 E6.67
G1 F3547 X119.38 Y471.58 Z60 E6.67
G1 F3547 X119.38 Y471.58 Z60 E6.67
G1 F3547 X119.38 Y471.58 Z60 E6.67
G1 F3547 X119.38 Y471.58 Z60 E6.67
G1 F3547 X119.38 Y471.58 Z60 E6.67
G1 F3547 X119.38 Y471.58 Z60 E6.67
G1 F3547 X119.38 Y471.58 Z60 E6.67
G1 F3547 X119.38 Y471.58 Z60 E6.67
G1 F3547 X119.38 Y471.58 Z60 E6.67
G1 F3547 X119.38 Y471.58 Z60 E6.67
G1 F3547 X119.38 Y471.58 Z60 E6.67
G1 F3547 X119.38 Y471.58 Z60 E6.67
G1 F3547 X119.38 Y471.58 Z60 E6.67
G1 F3547 X119.38 Y471.58 Z60 E6.67
G1 F3547 X119.38 Y471.58 Z60 E6.67
G1 F3547 X119.38 Y471.58 Z60 E6.67
G1 F3547 X119.38 Y471.58 Z60 E6.67
G1 F3547 X119.38 Y471.58 Z60 E6.67
G1 F3547 X119.38 Y471.58 Z60 E6.67
G1 F3547 X119.38 Y471.58 Z60 E6.67
G1 F3547 X119.38 Y471.58 Z60 E6.67
G1 F3547 X119.38 Y471.58 Z60 E6.67
G1 F3547 X119.38 Y471.58 Z60 E6.67
G1 F3547 X119.38 Y471.58 Z60 E6.67
G1 F3547 X119.38 Y471.58 Z60 E6.67
G1 F3547 X119.38 Y471.58 Z60 E6.67
G1 F3547 X119.38 Y471.58 Z60 E6.67
G1 F3547 X119.38 Y471.58 Z60 E6.67
G1 F3547 X119.38 Y471.58 Z60 E6.67
G1 F3547 X119.38 Y471.58 Z60 E6.67
G1 F3547 X119.38 Y471.58 Z60 E6.67
G1 F3547 X119.38 Y471.58 Z60 E6.67
G1 F3547 X119.38 Y471.58 Z60 E6.67
G1 F3547 X119.38 Y471.58 Z60 E6.67
G1 F3547 X119.38 Y471.58 Z60 E6.67
G1 F3547 X119.38 Y471.58 Z60 E6.67
G1 F3547 X119.38 Y471.58 Z60 E6.67
G1 F3547 X119.38 Y471.58 Z60 E6.67
G1 F3547 X119.38 Y471.58 Z60 E6.67
G1 F3547 X119.38 Y471.58 Z60 E6.67
G1 F3547 X119.38 Y471.58 Z60 E6.67
G1 F3547 X119.38 Y471.58 Z60 E6.67
G1 F3547 X119.38 Y471.58 Z60 E6.67
G1 F3547 X119.38 Y471.58 Z60 E6.67
G1 F3547 X119.38 Y471.58 Z60 E6.67
G1 F3547 X119.38 Y471.58 Z60 E6.67
G1 F3547 X119.38 Y471.58 Z60 E6.67
G1 F3547 X119.38 Y471.58 Z60 E6.67
G1 F3547 X119.38 Y471.58 Z60 E6.67
G1 F3547 X119.38 Y471.58 Z60 E6.67
G1 F3547 X119.38 Y471.58 Z60 E6.67
G1 F3547 X119.38 Y471.58 Z60 E6.67
G1 F3547 X119.38 Y471.58 Z60 E6.67
G1 F3547 X119.38 Y471.58 Z60 E6.67
G1 F3547 X119.38 Y471.58 Z60 E6.67
G1 F3547 X119.38 Y471.58 Z60 E6.67
G1 F3547 X119.38 Y471.58 Z60 E6.67
G1 F3547 X119.38 Y471.58 Z60 E6.67
G1 F3547 X119.38 Y471.58 Z60 E6.67
G1 F3547 X119.38 Y471.58 Z60 E6.67
G1 F3547 X119.38 Y471.58 Z60 E6.67
G1 F3547 X119.38 Y471.58 Z60 E6.67
G1 F3547 X119.38 Y471.58 Z60 E6.67
G1 F3547 X119.38 Y471.58 Z60 E6.67
G1 F3547 X119.38 Y471.58 Z60 E6.67
G1 F3547 X119.38 Y471.58 Z60 E6.67
G1 F3547 X119.38 Y471.58 Z60 E6.67
G1 F3547 X119.38 Y471.58 Z60 E6.67
G1 F3547 X119.38 Y471.58 Z60 E6.67
G1 F3547 X119.38 Y471.58 Z60 E6.67
G1 F3547 X119.38 Y471.58 Z60 E6.67
G1 F3547 X119.38 Y471.58 Z60 E6.67
G1 F3547 X119.38 Y471.58 Z60 E6.67
G1 F3547 X119.38 Y471.58 Z60 E6.67
G1 F3547 X119.38 Y471.58 Z60 E6.67
G1 F3547 X119.38 Y471.58 Z60 E6.67
G1 F3547 X119.38 Y471.58 Z60 E6.67
G1 F3547 X119.38 Y471.58 Z60 E6.67
G1 F3547 X119.38 Y471.58 Z60 E6.67
G1 F3547 X119.38 Y471.58 Z60 E6.67
G1 F3547 X119.38 Y471.58 Z60 E6.67
G1 F3547 X119.38 Y471.58 Z60 E6.67
G1 F3547 X119.38 Y471.58 Z60 E6.67
G1 F3547 X119.38 Y471.58 Z60 E6.67
G1 F3547 X119.38 Y471.58 Z60 E6.67
G1 F3547 X119.38 Y471.58 Z60 E6.67
G1 F3547 X119.38 Y471.58 Z60 E6.67
G1 F3547 X119.38 Y471.58 Z60 E6.67
G1 F3547 X119.38 Y471.58 Z60 E6.67
G1 F3547 X119.38 Y471.58 Z60 E6.67
G1 F3547 X119.38 Y471.58 Z60 E6.67
G1 F3547 X119.38 Y471.58 Z60 E6.67
G1 F3547 X119.38 Y471.58 Z60 E6.67
G1 F3547 X119.38 Y471.58 Z60 E6.67
G1 F3547 X119.38 Y471.58 Z60 E6.67
G1 F3547 X119.38 Y471.58 Z60 E6.67
G1 F3547 X119.38 Y471.58 Z60 E6.67
G1 F3547 X119.38 Y471.58 Z60 E6.67
G1 F3547 X119.38 Y471.58 Z60 E6.67
G1 F3547 X119.38 Y471.58 Z60 E6.67
G1 F3547 X119.38 Y471.58 Z60 E6.67
G1 F3547 X119.38 Y471.58 Z60 E6.67
G1 F3547 X119.38 Y471.58 Z60 E6.67
G1 F3547 X119.38 Y471.58 Z60 E6.67
G1 F3547 X119.38 Y471.58 Z60 E6.67
G1 F3547 X119.38 Y471.58 Z60 E6.67
G1 F3547 X119.38 Y471.58 Z60 E6.67
G1 F3547 X119.38 Y471.58 Z60 E6.67
G1 F3547 X119.38 Y471.58 Z60 E6.67
G1 F3547 X119.38 Y471.58 Z60 E6.67
G1 F3547 X119.38 Y471.58 Z60 E6.67
G1 F3547 X119.38 Y471.58 Z60 E6.67
G1 F3547 X119.38 Y471.58 Z60 E6.67
G1 F3547 X119.38 Y471.58 Z60 E6.67
G1 F3547 X119.38 Y471.58 Z60 E6.67
G1 F3547 X119.38 Y471.58 Z60 E6.67
G1 F3547 X119.38 Y471.58 Z60 E6.67
G1 F3547 X119.38 Y471.58 Z60 E6.67
G1 F3547 X119.38 Y471.58 Z60 E6.67
G1 F3547 X119.38 Y471.58 Z60 E6.67
G1 F3547 X119.38 Y471.58 Z60 E6.67
G1 F3547 X119.38 Y471.58 Z60 E6.67
G1 F3547 X119.38 Y471.58 Z60 E6.67
G1 F3547 X119.38 Y471.58 Z60 E6.67
G1 F3547 X119.38 Y471.58 Z60 E6.67
G1 F3547 X119.38 Y471.58 Z60 E6.67
G1 F3547 X119.38 Y471.58 Z60 E6.67
G1 F3547 X119.38 Y471.58 Z60 E6.67
G1 F3547 X119.38 Y471.58 Z60 E6.67
G1 F3547 X119.38 Y471.58 Z60 E6.67
G1 F3547 X119.38 Y471.58 Z60 E6.67
G1 F3547 X119.38 Y471.58 Z60 E6.67
G1 F3547 X119.38 Y471.58 Z60 E6.67
G1 F3547 X119.38 Y471.58 Z60 E6.67
G1 F3547 X119.38 Y471.58 Z60 E6.67
G1 F3547 X119.38 Y471.58 Z60 E6.67
G1 F3547 X119.38 Y471.58 Z60 E6.67
G1 F3547 X119.38 Y471.58 Z60 E6.67
G1 F3547 X119.38 Y471.58 Z60 E6.67
G1 F3547 X119.38 Y471.58 Z60 E6.67
G1 F3547 X119.38 Y471.58 Z60 E6.67
G1 F3547 X119.38 Y471.58 Z60 E6.67
G1 F3547 X119.38 Y471.58 Z60 E6.67
G1 F3547 X119.38 Y471.58 Z60 E6.67
G1 F3547 X119.38 Y471.58 Z60 E6.67
G1 F3547 X119.38 Y471.58 Z60 E6.67
G1 F3547 X119.38 Y471.58 Z60 E6.67
G1 F3547 X119.38 Y471.58 Z60 E6.67
G1 F3547 X119.38 Y471.58 Z60 E6.67
G1 F3547 X119.38 Y471.58 Z60 E6.67
G1 F3547 X119.38 Y471.58 Z60 E6.67
G1 F3547 X119.38 Y471.58 Z60 E6.67
G1 F3547 X119.38 Y471.58 Z60 E6.67
G1 F3547 X119.38 Y471.58 Z60 E6.67
G1 F3547 X119.38 Y471.58 Z60 E6.67
G1 F3547 X119.38 Y471.58 Z60 E6.67
G1 F3547 X119.38 Y471.58 Z60 E6.67
G1 F3547 X119.38 Y471.58 Z60 E6.67
G1 F3547 X119.38 Y471.58 Z60 E6.67
G1 F3547 X119.38 Y471.58 Z60 E6.67
G1 F3547 X119.38 Y471.58 Z60 E6.67
G1 F3547 X119.38 Y471.58 Z60 E6.67
G1 F3547 X119.38 Y471.58 Z60 E6.67
G1 F3547 X119.38 Y471.58 Z60 E6.67
G1 F3547 X119.38 Y471.58 Z60 E6.67
G1 F3547 X119.38 Y471.58 Z60 E6.67
G1 F3547 X119.38 Y471.58 Z60 E6.67
G1 F3547 X119.38 Y471.58 Z60 E6.67
G1 F3547 X119.38 Y471.58 Z60 E6.67
G1 F3547 X119.38 Y471.58 Z60 E6.67
G1 F3547 X119.38 Y471.58 Z60 E6.67
G1 F3547 X119.38 Y471.58 Z60 E6.67
G1 F3547 X119.38 Y471.58 Z60 E6.67
G1 F3547 X119.38 Y471.58 Z60 E6.67
G1 F3547 X119.38 Y471.58 Z60 E6.67
G1 F3547 X119.38 Y471.58 Z60 E6.67
G1 F3547 X119.38 Y471.58 Z60 E6.67
G1 F3547 X119.38 Y471.58 Z60 E6.67
G1 F3547 X119.38 Y471.58 Z60 E6.67
G1 F3547 X119.38 Y471.58 Z60 E6.67
G1 F3547 X119.38 Y471.58 Z60 E6.67
G1 F3547 X119.38 Y471.58 Z60 E6.67
G1 F3547 X119.38 Y471.58 Z60 E6.67
G1 F3547 X119.38 Y471.58 Z60 E6.67
G1 F3547 X119.38 Y471.58 Z60 E6.67
G1 F3547 X119.38 Y471.58 Z60 E6.67
G1 F3547 X119.38 Y471.58 Z60 E6.67
G1 F3547 X119.38 Y471.58 Z60 E6.67
G1 F3547 X119.38 Y471.58 Z60 E6.67
G1 F3547 X119.38 Y471.58 Z60 E6.67
G1 F3547 X119.38 Y471.58 Z60 E6.67
G1 F3547 X119.38 Y471.58 Z60 E6.67
G1 F3547 X119.38 Y471.58 Z60 E6.67
G1 F3547 X119.38 Y471.58 Z60 E6.67
G1 F3547 X119.38 Y471.58 Z60 E6.67
G1 F3547 X119.38 Y471.58 Z60 E6.67
G1 F3547 X119.38 Y471.58 Z60 E6.67
G1 F3547 X119.38 Y471.58 Z60 E6.67
G1 F3547 X119.38 Y471.58 Z60 E6.67
G1 F3547 X119.38 Y471.58 Z60 E6.67
G1 F3547 X119.38 Y471.58 Z60 E6.67
G1 F3547 X119.38 Y471.58 Z60 E6.67
G1 F3547 X119.38 Y471.58 Z60 E6.67
G1 F3547 X119.38 Y471.58 Z60 E6.67
G1 F3547 X119.38 Y471.58 Z60 E6.67
G1 F3547 X119.38 Y471.58 Z60 E6.67
G1 F3547 X119.38 Y471.58 Z60 E6.67
G1 F3547 X119.38 Y471.58 Z60 E6.67
G1 F3547 X119.38 Y471.58 Z60 E6.67
G1 F3547 X119.38 Y471.58 Z60 E6.67
G1 F3547 X119.38 Y471.58 Z60 E6.67
G1 F3547 X119.38 Y471.58 Z60 E6.67
G1 F3547 X119.38 Y471.58 Z60 E6.67
G1 F3547 X119.38 Y471.58 Z60 E6.67
G1 F3547 X119.38 Y471.58 Z60 E6.67
G1 F3547 X119.38 Y471.58 Z60 E6.67
G1 F3547 X119.38 Y471.58 Z60 E6.67
G1 F3547 X119.38 Y471.58 Z60 E6.67
G1 F3547 X119.38 Y471.58 Z60 E6.67
G1 F3547 X119.38 Y471.58 Z60 E6.67
G1 F3547 X119.38 Y471.58 Z60 E6.67
G1 F3547 X119.38 Y471.58 Z60 E6.67
G1 F3547 X119.38 Y471.58 Z60 E6.67
G1 F3547 X119.38 Y471.58 Z60 E6.67
G1 F3547 X119.38 Y471.58 Z60 E6.67
G1 F3547 X119.38 Y471.58 Z60 E6.67
G1 F3547 X119.38 Y471.58 Z60 E6.67
G1 F3547 X119.38 Y471.58 Z60 E6.67
G1 F3547 X119.38 Y471.58 Z60 E6.67
G1 F3547 X119.38 Y471.58 Z60 E6.67
G1 F3547 X119.38 Y471.58 Z60 E6.67
G1 F3547 X119.38 Y471.58 Z60 E6.67
G1 F3547 X119.38 Y471.58 Z60 E6.67
G1 F3547 X119.38 Y471.58 Z60 E6.67
G1 F3547 X119.38 Y471.58 Z60 E6.67
G1 F3547 X119.38 Y471.58 Z60 E6.67
G1 F3547 X119.38 Y471.58 Z60 E6.67
G1 F3547 X119.38 Y471.58 Z60 E6.67
G1 F3547 X119.38 Y471.58 Z60 E6.67
G1 F3547 X119.38 Y471.58 Z60 E6.67
G1 F3547 X119.38 Y471.58 Z60 E6.67
G1 F3547 X119.38 Y471.58 Z60 E6.67
G1 F3547 X119.38 Y471.58 Z60 E6.67
G1 F3547 X119.38 Y471.58 Z60 E6.67
G1 F3547 X119.38 Y471.58 Z60 E6.67
G1 F3547 X119.38 Y471.58 Z60 E6.67
G1 F3547 X119.38 Y471.58 Z60 E6.67
G1 F3547 X119.38 Y471.58 Z60 E6.67
G1 F3547 X119.38 Y471.58 Z60 E6.67
G1 F3547 X119.38 Y471.58 Z60 E6.67
G1 F3547 X119.38 Y471.58 Z60 E6.67
G1 F3547 X119.38 Y471.58 Z60 E6.67
G1 F3547 X119.38 Y471.58 Z60 E6.67
G1 F3547 X119.38 Y471.58 Z60 E6.67
G1 F3547 X119.38 Y471.58 Z60 E6.67
G1 F3547 X119.38 Y471.58 Z60 E6.67
G1 F3547 X119.38 Y471.58 Z60 E6.67
G1 F3547 X119.38 Y471.58 Z60 E6.67
G1 F3547 X119.38 Y471.58 Z60 E6.67
G1 F3547 X119.38 Y471.58 Z60 E6.67
G1 F3547 X119.38 Y471.58 Z60 E6.67
G1 F3547 X119.38 Y471.58 Z60 E6.67
G1 F3547 X119.38 Y471.58 Z60 E6.67
G1 F3547 X119.38 Y471.58 Z60 E6.67
G1 F3547 X119.38 Y471.58 Z60 E6.67
G1 F3547 X119.38 Y471.58 Z60 E6.67
G1 F3547 X119.38 Y471.58 Z60 E6.67
G1 F3547 X119.38 Y471.58 Z60 E6.67
G1 F3547 X119.38 Y471.58 Z60 E6.67
G1 F3547 X119.38 Y471.58 Z60 E6.67
G1 F3547 X119.38 Y471.58 Z60 E6.67
G1 F3547 X119.38 Y471.58 Z60 E6.67
G1 F3547 X119.38 Y471.58 Z60 E6.67
G1 F3547 X119.38 Y471.58 Z60 E6.67
G1 F3547 X119.38 Y471.58 Z60 E6.67
G1 F3547 X119.38 Y471.58 Z60 E6.67
G1 F3547 X119.38 Y471.58 Z60 E6.67
G1 F3547 X119.38 Y471.58 Z60 E6.67
G1 F3547 X119.38 Y471.58 Z60 E6.67
G1 F3547 X119.38 Y471.58 Z60 E6.67
G1 F3547 X119.38 Y471.58 Z60 E6.67
G1 F3547 X119.38 Y471.58 Z60 E6.67
G1 F3547 X119.38 Y471.58 Z60 E6.67
G1 F3547 X119.38 Y471.58 Z60 E6.67
G1 F3547 X119.38 Y471.58 Z60 E6.67
G1 F3547 X119.38 Y471.58 Z60 E6.67
G1 F3547 X119.38 Y471.58 Z60 E6.67
G1 F3547 X119.38 Y471.58 Z60 E6.67
G1 F3547 X119.38 Y471.58 Z60 E6.67
G1 F3547 X119.38 Y471.58 Z60 E6.67
G1 F3547 X119.38 Y471.58 Z60 E6.67
G1 F3547 X119.38 Y471.58 Z60 E6.67
G1 F3547 X119.38 Y471.58 Z60 E6.67
G1 F3547 X119.38 Y471.58 Z60 E6.67
G1 F3547 X119.38 Y471.58 Z60 E6.67
G1 F3547 X119.38 Y471.58 Z60 E6.67
G1 F3547 X119.38 Y471.58 Z60 E6.67
G1 F3547 X119.38 Y471.58 Z60 E6.67
G1 F3547 X119.38 Y471.58 Z60 E6.67
G1 F3547 X119.38 Y471.58 Z60 E6.67
G1 F3547 X119.38 Y471.58 Z60 E6.67
G1 F3547 X119.38 Y471.58 Z60 E6.67
G1 F3547 X119.38 Y471.58 Z60 E6.67
G1 F3547 X119.38 Y471.58 Z60 E6.67
G1 F3547 X119.38 Y471.58 Z60 E6.67
G1 F3547 X119.38 Y471.58 Z60 E6.67
G1 F3547 X119.38 Y471.58 Z60 E6.67
G1 F3547 X119.38 Y471.58 Z60 E6.67
G1 F3547 X119.38 Y471.58 Z60 E6.67
G1 F3547 X119.38 Y471.58 Z60 E6.67
G1 F3547 X119.38 Y471.58 Z60 E6.67
G1 F3547 X119.38 Y471.58 Z60 E6.67
G1 F3547 X119.38 Y471.58 Z60 E6.67
G1 F3547 X119.38 Y471.58 Z60 E6.67
G1 F3547 X119.38 Y471.58 Z60 E6.67
G1 F3547 X119.38 Y471.58 Z60 E6.67
G1 F3547 X119.38 Y471.58 Z60 E6.67
G1 F3547 X119.38 Y471.58 Z60 E6.67
G1 F3547 X119.38 Y471.58 Z60 E6.67
G1 F3547 X119.38 Y471.58 Z60 E6.67
G1 F3547 X119.38 Y471.58 Z60 E6.67
G1 F3547 X119.38 Y471.58 Z60 E6.67
G1 F3547 X119.38 Y471.58 Z60 E6.67
G1 F3547 X119.38 Y471.58 Z60 E6.67
G1 F3547 X119.38 Y471.58 Z60 E6.67
G1 F3547 X119.38 Y471.58 Z60 E6.67
G1 F3547 X119.38 Y471.58 Z60 E6.67
G1 F3547 X119.38 Y471.58 Z60 E6.67
G1 F3547 X119.38 Y471.58 Z60 E6.67
G1 F3547 X119.38 Y471.58 Z60 E6.67
G1 F3547 X119.38 Y471.58 Z60 E6.67
G1 F3547 X119.38 Y471.58 Z60 E6.67
G1 F3547 X119.38 Y471.58 Z60 E6.67
G1 F3547 X119.38 Y471.58 Z60 E6.67
G1 F3547 X119.38 Y471.58 Z60 E6.67
G1 F3547 X119.38 Y471.58 Z60 E6.67
G1 F3547 X119.38 Y471.58 Z60 E6.67
G1 F3547 X119.38 Y471.58 Z60 E6.67
G1 F3547 X119.38 Y471.58 Z60 E6.67
G1 F3547 X119.38 Y471.58 Z60 E6.67
G1 F3547 X119.38 Y471.58 Z60 E6.67
G1 F3547 X119.38 Y471.58 Z60 E6.67
G1 F3547 X119.38 Y471.58 Z60 E6.67
G1 F3547 X119.38 Y471.58 Z60 E6.67
G1 F3547 X119.38 Y471.58 Z60 E6.67
G1 F3547 X119.38 Y471.58 Z60 E6.67
G1 F3547 X119.38 Y471.58 Z60 E6.67
G1 F3547 X119.38 Y471.58 Z60 E6.67
G1 F3547 X119.38 Y471.58 Z60 E6.67
G1 F3547 X119.38 Y471.58 Z60 E6.67
G1 F3547 X119.38 Y471.58 Z60 E6.67
G1 F3547 X119.38 Y471.58 Z60 E6.67
G1 F3547 X119.38 Y471.58 Z60 E6.67
G1 F3547 X119.38 Y471.58 Z60 E6.67
G1 F3547 X119.38 Y471.58 Z60 E6.67
G1 F3547 X119.38 Y471.58 Z60 E6.67
G1 F3547 X119.38 Y471.58 Z60 E6.67
G1 F3547 X119.38 Y471.58 Z60 E6.67
G1 F3547 X119.38 Y471.58 Z60 E6.67
G1 F3547 X119.38 Y471.58 Z60 E6.67
G1 F3547 X119.38 Y471.58 Z60 E6.67
G1 F3547 X119.38 Y471.58 Z60 E6.67
G1 F3547 X119.38 Y471.58 Z60 E6.67
G1 F3547 X119.38 Y471.58 Z60 E6.67
G1 F3547 X119.38 Y471.58 Z60 E6.67
G1 F3547 X119.38 Y471.58 Z60 E6.67
G1 F3547 X119.38 Y471.58 Z60 E6.67
G1 F3547 X119.38 Y471.58 Z60 E6.67
G1 F3547 X119.38 Y471.58 Z60 E6.67
G1 F3547 X119.38 Y471.58 Z60 E6.67
G1 F3547 X119.38 Y471.58 Z60 E6.67
G1 F3547 X119.38 Y471.58 Z60 E6.67
G1 F3547 X119.38 Y471.58 Z60 E6.67
G1 F3547 X119.38 Y471.58 Z60 E6.67
G1 F3547 X119.38 Y471.58 Z60 E6.67
G1 F3547 X119.38 Y471.58 Z60 E6.67
G1 F3547 X119.38 Y471.58 Z60 E6.67
G1 F3547 X119.38 Y471.58 Z60 E6.67
G1 F3547 X119.38 Y471.58 Z60 E6.67
G1 F3547 X119.38 Y471.58 Z60 E6.67
G1 F3547 X119.38 Y471.58 Z60 E6.67
G1 F3547 X119.38 Y471.58 Z60 E6.67
G1 F3547 X119.38 Y471.58 Z60 E6.67
G1 F3547 X119.38 Y471.58 Z60 E6.67
G1 F3547 X119.38 Y471.58 Z60 E6.67
G1 F3547 X119.38 Y471.58 Z60 E6.67
G1 F3547 X119.38 Y471.58 Z60 E6.67
G1 F3547 X119.38 Y471.58 Z60 E6.67
G1 F3547 X119.38 Y471.58 Z60 E6.67
G1 F3547 X119.38 Y471.58 Z60 E6.67
G1 F3547 X119.38 Y471.58 Z60 E6.67
G1 F3547 X119.38 Y471.58 Z60 E6.67
G1 F3547 X119.38 Y471.58 Z60 E6.67
G1 F3547 X119.38 Y471.58 Z60 E6.67
G1 F3547 X119.38 Y471.58 Z60 E6.67
G1 F3547 X119.38 Y471.58 Z60 E6.67
G1 F3547 X119.38 Y471.58 Z60 E6.67
G1 F3547 X119.38 Y471.58 Z60 E6.67
G1 F3547 X119.38 Y471.58 Z60 E6.67
G1 F3547 X119.38 Y471.58 Z60 E6.67
G1 F3547 X119.38 Y471.58 Z60 E6.67
G1 F3547 X119.38 Y471.58 Z60 E6.67
G1 F3547 X119.38 Y471.58 Z60 E6.67
G1 F3547 X119.38 Y471.58 Z60 E6.67
G1 F3547 X119.38 Y471.58 Z60 E6.67
G1 F3547 X119.38 Y471.58 Z60 E6.67
G1 F3547 X119.38 Y471.58 Z60 E6.67
G1 F3547 X119.38 Y471.58 Z60 E6.67
G1 F3547 X119.38 Y471.58 Z60 E6.67
G1 F3547 X119.38 Y471.58 Z60 E6.67
G1 F3547 X119.38 Y471.58 Z60 E6.67
G1 F3547 X119.38 Y471.58 Z60 E6.67
G1 F3547 X119.38 Y471.58 Z60 E6.67
G1 F3547 X119.38 Y471.58 Z60 E6.67
G1 F3547 X119.38 Y471.58 Z60 E6.67
G1 F3547 X119.38 Y471.58 Z60 E6.67
G1 F3547 X119.38 Y471.58 Z60 E6.67
G1 F3547 X119.38 Y471.58 Z60 E6.67
G1 F3547 X119.38 Y471.58 Z60 E6.67
G1 F3547 X119.38 Y471.58 Z60 E6.67
G1 F3547 X119.38 Y471.58 Z60 E6.67
G1 F3547 X119.38 Y471.58 Z60 E6.67
G1 F3547 X119.38 Y471.58 Z60 E6.67
G1 F3547 X119.38 Y471.58 Z60 E6.67
G1 F3547 X119.38 Y471.58 Z60 E6.67
G1 F3547 X119.38 Y471.58 Z60 E6.67
G1 F3547 X119.38 Y471.58 Z60 E6.67
G1 F3547 X119.38 Y471.58 Z60 E6.67
G1 F3547 X119.38 Y471.58 Z60 E6.67
G1 F3547 X119.38 Y471.58 Z60 E6.67
G1 F3547 X119.38 Y471.58 Z60 E6.67
G1 F3547 X119.38 Y471.58 Z60 E6.67
G1 F3547 X119.38 Y471.58 Z60 E6.67
G1 F3547 X119.38 Y471.58 Z60 E6.67
G1 F3547 X119.38 Y471.58 Z60 E6.67
G1 F3547 X119.38 Y471.58 Z60 E6.67
G1 F3547 X119.38 Y471.58 Z60 E6.67
G1 F3547 X119.38 Y471.58 Z60 E6.67
G1 F3547 X119.38 Y471.58 Z60 E6.67
G1 F3547 X119.38 Y471.58 Z60 E6.67
G1 F3547 X119.38 Y471.58 Z60 E6.67
G1 F3547 X119.38 Y471.58 Z60 E6.67
G1 F3547 X119.38 Y471.58 Z60 E6.67
G1 F3547 X119.38 Y471.58 Z60 E6.67
G1 F3547 X119.38 Y471.58 Z60 E6.67
G1 F3547 X119.38 Y471.58 Z60 E6.67
G1 F3547 X119.38 Y471.58 Z60 E6.67
G1 F3547 X119.38 Y471.58 Z60 E6.67
G1 F3547 X119.38 Y471.58 Z60 E6.67
G1 F3547 X119.38 Y471.58 Z60 E6.67
G1 F3547 X119.38 Y471.58 Z60 E6.67
G1 F3547 X119.38 Y471.58 Z60 E6.67
G1 F3547 X119.38 Y471.58 Z60 E6.67
G1 F3547 X119.38 Y471.58 Z60 E6.67
G1 F3547 X119.38 Y471.58 Z60 E6.67
G1 F3547 X119.38 Y471.58 Z60 E6.67
G1 F3547 X119.38 Y471.58 Z60 E6.67
G1 F3547 X119.38 Y471.58 Z60 E6.67
G1 F3547 X119.38 Y471.58 Z60 E6.67
G1 F3547 X119.38 Y471.58 Z60 E6.67
G1 F3547 X119.38 Y471.58 Z60 E6.67
G1 F3547 X119.38 Y471.58 Z60 E6.67
G1 F3547 X119.38 Y471.58 Z60 E6.67
G1 F3547 X119.38 Y471.58 Z60 E6.67
G1 F3547 X119.38 Y471.58 Z60 E6.67
G1 F3547 X119.38 Y471.58 Z60 E6.67
G1 F3547 X119.38 Y471.58 Z60 E6.67
G1 F3547 X119.38 Y471.58 Z60 E6.67
G1 F3547 X119.38 Y471.58 Z60 E6.67
G1 F3547 X119.38 Y471.58 Z60 E6.67
G1 F3547 X119.38 Y471.58 Z60 E6.67
G1 F3547 X119.38 Y471.58 Z60 E6.67
G1 F3547 X119.38 Y471.58 Z60 E6.67
G1 F3547 X119.38 Y471.58 Z60 E6.67
G1 F3547 X119.38 Y471.58 Z60 E6.67
G1 F3547 X119.38 Y471.58 Z60 E6.67
G1 F3547 X119.38 Y471.58 Z60 E6.67
G1 F3547 X119.38 Y471.58 Z60 E6.67
G1 F3547 X119.38 Y471.58 Z60 E6.67
G1 F3547 X119.38 Y471.58 Z60 E6.67
G1 F3547 X119.38 Y471.58 Z60 E6.67
G1 F3547 X119.38 Y471.58 Z60 E6.67
G1 F3547 X119.38 Y471.58 Z60 E6.67
G1 F3547 X119.38 Y471.58 Z60 E6.67
G1 F3547 X119.38 Y471.58 Z60 E6.67
G1 F3547 X119.38 Y471.58 Z60 E6.67
G1 F3547 X119.38 Y471.58 Z60 E6.67
G1 F3547 X119.38 Y471.58 Z60 E6.67
G1 F3547 X119.38 Y471.58 Z60 E6.67
G1 F3547 X119.38 Y471.58 Z60 E6.67
G1 F3547 X119.38 Y471.58 Z60 E6.67
G1 F3547 X119.38 Y471.58 Z60 E6.67
G1 F3547 X119.38 Y471.58 Z60 E6.67
G1 F3547 X119.38 Y471.58 Z60 E6.67
G1 F3547 X119.38 Y471.58 Z60 E6.67
G1 F3547 X119.38 Y471.58 Z60 E6.67
G1 F3547 X119.38 Y471.58 Z60 E6.67
G1 F3547 X119.38 Y471.58 Z60 E6.67
G1 F3547 X119.38 Y471.58 Z60 E6.67
G1 F3547 X119.38 Y471.58 Z60 E6.67
G1 F3547 X119.38 Y471.58 Z60 E6.67
G1 F3547 X119.38 Y471.58 Z60 E6.67
G1 F3547 X119.38 Y471.58 Z60 E6.67
G1 F3547 X119.38 Y471.58 Z60 E6.67
G1 F3547 X119.38 Y471.58 Z60 E6.67
G1 F3547 X119.38 Y471.58 Z60 E6.67
G1 F3547 X119.38 Y471.58 Z60 E6.67
G1 F3547 X119.38 Y471.58 Z60 E6.67
G1 F3547 X119.38 Y471.58 Z60 E6.67
G1 F3547 X119.38 Y471.58 Z60 E6.67
G1 F3547 X119.38 Y471.58 Z60 E6.67
G1 F3547 X119.38 Y471.58 Z60 E6.67
G1 F3547 X119.38 Y471.58 Z60 E6.67
G1 F3547 X119.38 Y471.58 Z60 E6.67
G1 F3547 X119.38 Y471.58 Z60 E6.67
G1 F3547 X119.38 Y471.58 Z60 E6.67
G1 F3547 X119.38 Y471.58 Z60 E6.67
G1 F3547 X119.38 Y471.58 Z60 E6.67
G1 F3547 X119.38 Y471.58 Z60 E6.67
G1 F3547 X119.38 Y471.58 Z60 E6.67
G1 F3547 X119.38 Y471.58 Z60 E6.67
G1 F3547 X119.38 Y471.58 Z60 E6.67
G1 F3547 X119.38 Y471.58 Z60 E6.67
G1 F3547 X119.38 Y471.58 Z60 E6.67
G1 F3547 X119.38 Y471.58 Z60 E6.67
G1 F3547 X119.38 Y471.58 Z60 E6.67
G1 F3547 X119.38 Y471.58 Z60 E6.67
G1 F3547 X119.38 Y471.58 Z60 E6.67
G1 F3547 X119.38 Y471.58 Z60 E6.67
G1 F3547 X119.38 Y471.58 Z60 E6.67
G1 F3547 X119.38 Y471.58 Z60 E6.67
G1 F3547 X119.38 Y471.58 Z60 E6.67
G1 F3547 X119.38 Y471.58 Z60 E6.67
G1 F3547 X119.38 Y471.58 Z60 E6.67
G1 F3547 X119.38 Y471.58 Z60 E6.67
G1 F3547 X119.38 Y471.58 Z60 E6.67
G1 F3547 X119.38 Y471.58 Z60 E6.67
G1 F3547 X119.38 Y471.58 Z60 E6.67
G1 F3547 X119.38 Y471.58 Z60 E6.67
G1 F3547 X119.38 Y471.58 Z60 E6.67
G1 F3547 X119.38 Y471.58 Z60 E6.67
G1 F3547 X119.38 Y471.58 Z60 E6.67
G1 F3547 X119.38 Y471.58 Z60 E6.67
G1 F3547 X119.38 Y471.58 Z60 E6.67
G1 F3547 X119.38 Y471.58 Z60 E6.67
G1 F3547 X119.38 Y471.58 Z60 E6.67
G1 F3547 X119.38 Y471.58 Z60 E6.67
G1 F3547 X119.38 Y471.58 Z60 E6.67
G1 F3547 X119.38 Y471.58 Z60 E6.67
G1 F3547 X119.38 Y471.58 Z60 E6.67
G1 F3547 X119.38 Y471.58 Z60 E6.67
G1 F3547 X119.38 Y471.58 Z60 E6.67
G1 F3547 X119.38 Y471.58 Z60 E6.67
G1 F3547 X119.38 Y471.58 Z60 E6.67
G1 F3547 X119.38 Y471.58 Z60 E6.67
G1 F3547 X119.38 Y471.58 Z60 E6.67
G1 F3547 X119.38 Y471.58 Z60 E6.67
G1 F3547 X119.38 Y471.58 Z60 E6.67
G1 F3547 X119.38 Y471.58 Z60 E6.67
G1 F3547 X119.38 Y471.58 Z60 E6.67
G1 F3547 X119.38 Y471.58 Z60 E6.67
G1 F3547 X119.38 Y471.58 Z60 E6.67
G1 F3547 X119.38 Y471.58 Z60 E6.67
G1 F3547 X119.38 Y471.58 Z60 E6.67
G1 F3547 X119.38 Y471.58 Z60 E6.67
G1 F3547 X119.38 Y471.58 Z60 E6.67
G1 F3547 X119.38 Y471.58 Z60 E6.67
G1 F3547 X119.38 Y471.58 Z60 E6.67
G1 F3547 X119.38 Y471.58 Z60 E6.67
G1 F3547 X119.38 Y471.58 Z60 E6.67
G1 F3547 X119.38 Y471.58 Z60 E6.67
G1 F3547 X119.38 Y471.58 Z60 E6.67
G1 F3547 X119.38 Y471.58 Z60 E6.67
G1 F3547 X119.38 Y471.58 Z60 E6.67
G1 F3547 X119.38 Y471.58 Z60 E6.67
G1 F3547 X119.38 Y471.58 Z60 E6.67
G1 F3547 X119.38 Y471.58 Z60 E6.67
G1 F3547 X119.38 Y471.58 Z60 E6.67
G1 F3547 X119.38 Y471.58 Z60 E6.67
G1 F3547 X119.38 Y471.58 Z60 E6.67
G1 F3547 X119.38 Y471.58 Z60 E6.67
G1 F3547 X119.38 Y471.58 Z60 E6.67
G1 F3547 X119.38 Y471.58 Z60 E6.67
G1 F3547 X119.38 Y471.58 Z60 E6.67
G1 F3547 X119.38 Y471.58 Z60 E6.67
G1 F3547 X119.38 Y471.58 Z60 E6.67
G1 F3547 X119.38 Y471.58 Z60 E6.67
G1 F3547 X119.38 Y471.58 Z60 E6.67
G1 F3547 X119.38 Y471.58 Z60 E6.67
G1 F3547 X119.38 Y471.58 Z60 E6.67
G1 F3547 X119.38 Y471.58 Z60 E6.67
G1 F3547 X119.38 Y471.58 Z60 E6.67
G1 F3547 X119.38 Y471.58 Z60 E6.67
G1 F3547 X119.38 Y471.58 Z60 E6.67
G1 F3547 X119.38 Y471.58 Z60 E6.67
G1 F3547 X119.38 Y471.58 Z60 E6.67
G1 F3547 X119.38 Y471.58 Z60 E6.67
G1 F3547 X119.38 Y471.58 Z60 E6.67
G1 F3547 X119.38 Y471.58 Z60 E6.67
G1 F3547 X119.38 Y471.58 Z60 E6.67
G1 F3547 X119.38 Y471.58 Z60 E6.67
G1 F3547 X119.38 Y471.58 Z60 E6.67
G1 F3547 X119.38 Y471.58 Z60 E6.67
G1 F3547 X119.38 Y471.58 Z60 E6.67
G1 F3547 X119.38 Y471.58 Z60 E6.67
G1 F3547 X119.38 Y471.58 Z60 E6.67
G1 F3547 X119.38 Y471.58 Z60 E6.67
G1 F3547 X119.38 Y471.58 Z60 E6.67
G1 F3547 X119.38 Y471.58 Z60 E6.67
G1 F3547 X119.38 Y471.58 Z60 E6.67
G1 F3547 X119.38 Y471.58 Z60 E6.67
G1 F3547 X119.38 Y471.58 Z60 E6.67
G1 F3547 X119.38 Y471.58 Z60 E6.67
G1 F3547 X119.38 Y471.58 Z60 E6.67
G1 F3547 X119.38 Y471.58 Z60 E6.67
G1 F3547 X119.38 Y471.58 Z60 E6.67
G1 F3547 X119.38 Y471.58 Z60 E6.67
G1 F3547 X119.38 Y471.58 Z60 E6.67
G1 F3547 X119.38 Y471.58 Z60 E6.67
G1 F3547 X119.38 Y471.58 Z60 E6.67
G1 F3547 X119.38 Y471.58 Z60 E6.67
G1 F3547 X119.38 Y471.58 Z60 E6.67
G1 F3547 X119.38 Y471.58 Z60 E6.67
G1 F3547 X119.38 Y471.58 Z60 E6.67
G1 F3547 X119.38 Y471.58 Z60 E6.67
G1 F3547 X119.38 Y471.58 Z60 E6.67
G1 F3547 X119.38 Y471.58 Z60 E6.67
G1 F3547 X119.38 Y471.58 Z60 E6.67
G1 F3547 X119.38 Y471.58 Z60 E6.67
G1 F3547 X119.38 Y471.58 Z60 E6.67
G1 F3547 X119.38 Y471.58 Z60 E6.67
G1 F3547 X119.38 Y471.58 Z60 E6.67
G1 F3547 X119.38 Y471.58 Z60 E6.67
G1 F3547 X119.38 Y471.58 Z60 E6.67
G1 F3547 X119.38 Y471.58 Z60 E6.67
G1 F3547 X119.38 Y471.58 Z60 E6.67
G1 F3547 X119.38 Y471.58 Z60 E6.67
G1 F3547 X119.38 Y471.58 Z60 E6.67
G1 F3547 X119.38 Y471.58 Z60 E6.67
G1 F3547 X119.38 Y471.58 Z60 E6.67
G1 F3547 X119.38 Y471.58 Z60 E6.67
G1 F3547 X119.38 Y471.58 Z60 E6.67
G1 F3547 X119.38 Y471.58 Z60 E6.67
G1 F3547 X119.38 Y471.58 Z60 E6.67
G1 F3547 X119.38 Y471.58 Z60 E6.67
G1 F3547 X119.38 Y471.58 Z60 E6.67
G1 F3547 X119.38 Y471.58 Z60 E6.67
G1 F3547 X119.38 Y471.58 Z60 E6.67
G1 F3547 X119.38 Y471.58 Z60 E6.67
G1 F3547 X119.38 Y471.58 Z60 E6.67
G1 F3547 X119.38 Y471.58 Z60 E6.67
G1 F3547 X119.38 Y471.58 Z60 E6.67
G1 F3547 X119.38 Y471.58 Z60 E6.67
G1 F3547 X119.38 Y471.58 Z60 E6.67
G1 F3547 X119.38 Y471.58 Z60 E6.67
G1 F3547 X119.38 Y471.58 Z60 E6.67
G1 F3547 X119.38 Y471.58 Z60 E6.67
G1 F3547 X119.38 Y471.58 Z60 E6.67
G1 F3547 X119.38 Y471.58 Z60 E6.67
G1 F3547 X119.38 Y471.58 Z60 E6.67
G1 F3547 X119.38 Y471.58 Z60 E6.67
G1 F3547 X119.38 Y471.58 Z60 E6.67
G1 F3547 X119.38 Y471.58 Z60 E6.67
G1 F3547 X119.38 Y471.58 Z60 E6.67
G1 F3547 X119.38 Y471.58 Z60 E6.67
G1 F3547 X119.38 Y471.58 Z60 E6.67
G1 F3547 X119.38 Y471.58 Z60 E6.67
G1 F3547 X119.38 Y471.58 Z60 E6.67
G1 F3547 X119.38 Y471.58 Z60 E6.67
G1 F3547 X119.38 Y471.58 Z60 E6.67
G1 F3547 X119.38 Y471.58 Z60 E6.67
G1 F3547 X119.38 Y471.58 Z60 E6.67
G1 F3547 X119.38 Y471.58 Z60 E6.67
G1 F3547 X119.38 Y471.58 Z60 E6.67
G1 F3547 X119.38 Y471.58 Z60 E6.67
G1 F3547 X119.38 Y471.58 Z60 E6.67
G1 F3547 X119.38 Y471.58 Z60 E6.67
G1 F3547 X119.38 Y471.58 Z60 E6.67
G1 F3547 X119.38 Y471.58 Z60 E6.67
G1 F3547 X119.38 Y471.58 Z60 E6.67
G1 F3547 X119.38 Y471.58 Z60 E6.67
G1 F3547 X119.38 Y471.58 Z60 E6.67
G1 F3547 X119.38 Y471.58 Z60 E6.67
G1 F3547 X119.38 Y471.58 Z60 E6.67
G1 F3547 X119.38 Y471.58 Z60 E6.67
G1 F3547 X119.38 Y471.58 Z60 E6.67
G1 F3547 X119.38 Y471.58 Z60 E6.67
G1 F3547 X119.38 Y471.58 Z60 E6.67
G1 F3547 X119.38 Y471.58 Z60 E6.67
G1 F3547 X119.38 Y471.58 Z60 E6.67
G1 F3547 X119.38 Y471.58 Z60 E6.67
G1 F3547 X119.38 Y471.58 Z60 E6.67
G1 F3547 X119.38 Y471.58 Z60 E6.67
G1 F3547 X119.38 Y471.58 Z60 E6.67
G1 F3547 X119.38 Y471.58 Z60 E6.67
G1 F3547 X119.38 Y471.58 Z60 E6.67
G1 F3547 X119.38 Y471.58 Z60 E6.67
G1 F3547 X119.38 Y471.58 Z60 E6.67
G1 F3547 X119.38 Y471.58 Z60 E6.67
G1 F3547 X119.38 Y471.58 Z60 E6.67
G1 F3547 X119.38 Y471.58 Z60 E6.67
G1 F3547 X119.38 Y471.58 Z60 E6.67
G1 F3547 X119.38 Y471.58 Z60 E6.67
G1 F3547 X119.38 Y471.58 Z60 E6.67
G1 F3547 X119.38 Y471.58 Z60 E6.67
G1 F3547 X119.38 Y471.58 Z60 E6.67
G1 F3547 X119.38 Y471.58 Z60 E6.67
G1 F3547 X119.38 Y471.58 Z60 E6.67
G1 F3547 X119.38 Y471.58 Z60 E6.67
G1 F3547 X119.38 Y471.58 Z60 E6.67
G1 F3547 X119.38 Y471.58 Z60 E6.67
G1 F3547 X119.38 Y471.58 Z60 E6.67
G1 F3547 X119.38 Y471.58 Z60 E6.67
G1 F3547 X119.38 Y471.58 Z60 E6.67
G1 F3547 X119.38 Y471.58 Z60 E6.67
G1 F3547 X119.38 Y471.58 Z60 E6.67
G1 F3547 X119.38 Y471.58 Z60 E6.67
G1 F3547 X119.38 Y471.58 Z60 E6.67
G1 F3547 X119.38 Y471.58 Z60 E6.67
G1 F3547 X119.38 Y471.58 Z60 E6.67
G1 F3547 X119.38 Y471.58 Z60 E6.67
G1 F3547 X119.38 Y471.58 Z60 E6.67
G1 F3547 X119.38 Y471.58 Z60 E6.67
G1 F3547 X119.38 Y471.58 Z60 E6.67
G1 F3547 X119.38 Y471.58 Z60 E6.67
G1 F3547 X119.38 Y471.58 Z60 E6.67
G1 F3547 X119.38 Y471.58 Z60 E6.67
G1 F3547 X119.38 Y471.58 Z60 E6.67
G1 F3547 X119.38 Y471.58 Z60 E6.67
G1 F3547 X119.38 Y471.58 Z60 E6.67
G1 F3547 X119.38 Y471.58 Z60 E6.67
G1 F3547 X119.38 Y471.58 Z60 E6.67
G1 F3547 X119.38 Y471.58 Z60 E6.67
G1 F3547 X119.38 Y471.58 Z60 E6.67
G1 F3547 X119.38 Y471.58 Z60 E6.67
G1 F3547 X119.38 Y471.58 Z60 E6.67
G1 F3547 X119.38 Y471.58 Z60 E6.67
G1 F3547 X119.38 Y471.58 Z60 E6.67
G1 F3547 X119.38 Y471.58 Z60 E6.67
G1 F3547 X119.38 Y471.58 Z60 E6.67
G1 F3547 X119.38 Y471.58 Z60 E6.67
G1 F3547 X119.38 Y471.58 Z60 E6.67
G1 F3547 X119.38 Y471.58 Z60 E6.67
G1 F3547 X119.38 Y471.58 Z60 E6.67
G1 F3547 X119.38 Y471.58 Z60 E6.67
G1 F3547 X119.38 Y471.58 Z60 E6.67
G1 F3547 X119.38 Y471.58 Z60 E6.67
G1 F3547 X119.38 Y471.58 Z60 E6.67
G1 F3547 X119.38 Y471.58 Z60 E6.67
G1 F3547 X119.38 Y471.58 Z60 E6.67
G1 F3547 X119.38 Y471.58 Z60 E6.67
G1 F3547 X119.38 Y471.58 Z60 E6.67
G1 F3547 X119.38 Y471.58 Z60 E6.67
G1 F3547 X119.38 Y471.58 Z60 E6.67
G1 F3547 X119.38 Y471.58 Z60 E6.67
G1 F3547 X119.38 Y471.58 Z60 E6.67
G1 F3547 X119.38 Y471.58 Z60 E6.67
G1 F3547 X119.38 Y471.58 Z60 E6.67
G1 F3547 X119.38 Y471.58 Z60 E6.67
G1 F3547 X119.38 Y471.58 Z60 E6.67
G1 F3547 X119.38 Y471.58 Z60 E6.67
G1 F3547 X119.38 Y471.58 Z60 E6.67
G1 F3547 X119.38 Y471.58 Z60 E6.67
G1 F3547 X119.38 Y471.58 Z60 E6.67
G1 F3547 X119.38 Y471.58 Z60 E6.67
G1 F3547 X119.38 Y471.58 Z60 E6.67
G1 F3547 X119.38 Y471.58 Z60 E6.67
G1 F3547 X119.38 Y471.58 Z60 E6.67
G1 F3547 X119.38 Y471.58 Z60 E6.67
G1 F3547 X119.38 Y471.58 Z60 E6.67
G1 F3547 X119.38 Y471.58 Z60 E6.67
G1 F3547 X119.38 Y471.58 Z60 E6.67
G1 F3547 X119.38 Y471.58 Z60 E6.67
G1 F3547 X119.38 Y471.58 Z60 E6.67
G1 F3547 X119.38 Y471.58 Z60 E6.67
G1 F3547 X119.38 Y471.58 Z60 E6.67
G1 F3547 X119.38 Y471.58 Z60 E6.67
G1 F3547 X119.38 Y471.58 Z60 E6.67
G1 F3547 X119.38 Y471.58 Z60 E6.67
G1 F3547 X119.38 Y471.58 Z60 E6.67
G1 F3547 X119.38 Y471.58 Z60 E6.67
G1 F3547 X119.38 Y471.58 Z60 E6.67
G1 F3547 X119.38 Y471.58 Z60 E6.67
G1 F3547 X119.38 Y471.58 Z60 E6.67
G1 F3547 X119.38 Y471.58 Z60 E6.67
G1 F3547 X119.38 Y471.58 Z60 E6.67
G1 F3547 X119.38 Y471.58 Z60 E6.67
G1 F3547 X119.38 Y471.58 Z60 E6.67
G1 F3547 X119.38 Y471.58 Z60 E6.67
G1 F3547 X119.38 Y471.58 Z60 E6.67
G1 F3547 X119.38 Y471.58 Z60 E6.67
G1 F3547 X119.38 Y471.58 Z60 E6.67
G1 F3547 X119.38 Y471.58 Z60 E6.67
G1 F3547 X119.38 Y471.58 Z60 E6.67
G1 F3547 X119.38 Y471.58 Z60 E6.67
G1 F3547 X119.38 Y471.58 Z60 E6.67
G1 F3547 X119.38 Y471.58 Z60 E6.67
G1 F3547 X119.38 Y471.58 Z60 E6.67
G1 F3547 X119.38 Y471.58 Z60 E6.67
G1 F3547 X119.38 Y471.58 Z60 E6.67
G1 F3547 X119.38 Y471.58 Z60 E6.67
G1 F3547 X119.38 Y471.58 Z60 E6.67
G1 F3547 X119.38 Y471.58 Z60 E6.67
G1 F3547 X119.38 Y471.58 Z60 E6.67
G1 F3547 X119.38 Y471.58 Z60 E6.67
G1 F3547 X119.38 Y471.58 Z60 E6.67
G1 F3547 X119.38 Y471.58 Z60 E6.67
G1 F3547 X119.38 Y471.58 Z60 E6.67
G1 F3547 X119.38 Y471.58 Z60 E6.67
G1 F3547 X119.38 Y471.58 Z60 E6.67
G1 F3547 X119.38 Y471.58 Z60 E6.67
G1 F3547 X119.38 Y471.58 Z60 E6.67
G1 F3547 X119.38 Y471.58 Z60 E6.67
G1 F3547 X119.38 Y471.58 Z60 E6.67
G1 F3547 X119.38 Y471.58 Z60 E6.67
G1 F3547 X119.38 Y471.58 Z60 E6.67
G1 F3547 X119.38 Y471.58 Z60 E6.67
G1 F3547 X119.38 Y471.58 Z60 E6.67
G1 F3547 X119.38 Y471.58 Z60 E6.67
G1 F3547 X119.38 Y471.58 Z60 E6.67
G1 F3547 X119.38 Y471.58 Z60 E6.67
G1 F3547 X119.38 Y471.58 Z60 E6.67
G1 F3547 X119.38 Y471.58 Z60 E6.67
G1 F3547 X119.38 Y471.58 Z60 E6.67
G1 F3547 X119.38 Y471.58 Z60 E6.67
G1 F3547 X119.38 Y471.58 Z60 E6.67
G1 F3547 X119.38 Y471.58 Z60 E6.67
G1 F3547 X119.38 Y471.58 Z60 E6.67
G1 F3547 X119.38 Y471.58 Z60 E6.67
G1 F3547 X119.38 Y471.58 Z60 E6.67
G1 F3547 X119.38 Y471.58 Z60 E6.67
G1 F3547 X119.38 Y471.58 Z60 E6.67
G1 F3547 X119.38 Y471.58 Z60 E6.67
G1 F3547 X119.38 Y471.58 Z60 E6.67
G1 F3547 X119.38 Y471.58 Z60 E6.67
G1 F3547 X119.38 Y471.58 Z60 E6.67
G1 F3547 X119.38 Y471.58 Z60 E6.67
G1 F3547 X119.38 Y471.58 Z60 E6.67
G1 F3547 X119.38 Y471.58 Z60 E6.67
G1 F3547 X119.38 Y471.58 Z60 E6.67
G1 F3547 X119.38 Y471.58 Z60 E6.67
G1 F3547 X119.38 Y471.58 Z60 E6.67
G1 F3547 X119.38 Y471.58 Z60 E6.67
G1 F3547 X119.38 Y471.58 Z60 E6.67
G1 F3547 X119.38 Y471.58 Z60 E6.67
G1 F3547 X119.38 Y471.58 Z60 E6.67
G1 F3547 X119.38 Y471.58 Z60 E6.67
G1 F3547 X119.38 Y471.58 Z60 E6.67
G1 F3547 X119.38 Y471.58 Z60 E6.67
G1 F3547 X119.38 Y471.58 Z60 E6.67
G1 F3547 X119.38 Y471.58 Z60 E6.67
G1 F3547 X119.38 Y471.58 Z60 E6.67
G1 F3547 X119.38 Y471.58 Z60 E6.67
G1 F3547 X119.38 Y471.58 Z60 E6.67
G1 F3547 X119.38 Y471.58 Z60 E6.67
G1 F3547 X119.38 Y471.58 Z60 E6.67
G1 F3547 X119.38 Y471.58 Z60 E6.67
G1 F3547 X119.38 Y471.58 Z60 E6.67
G1 F3547 X119.38 Y471.58 Z60 E6.67
G1 F3547 X119.38 Y471.58 Z60 E6.67
G1 F3547 X119.38 Y471.58 Z60 E6.67
G1 F3547 X119.38 Y471.58 Z60 E6.67
G1 F3547 X119.38 Y471.58 Z60 E6.67
G1 F3547 X119.38 Y471.58 Z60 E6.67
G1 F3547 X119.38 Y471.58 Z60 E6.67
G1 F3547 X119.38 Y471.58 Z60 E6.67
G1 F3547 X119.38 Y471.58 Z60 E6.67
G1 F3547 X119.38 Y471.58 Z60 E6.67
G1 F3547 X119.38 Y471.58 Z60 E6.67
G1 F3547 X119.38 Y471.58 Z60 E6.67
G1 F3547 X119.38 Y471.58 Z60 E6.67
G1 F3547 X119.38 Y471.58 Z60 E6.67
G1 F3547 X119.38 Y471.58 Z60 E6.67
G1 F3547 X119.38 Y471.58 Z60 E6.67
G1 F3547 X119.38 Y471.58 Z60 E6.67
G1 F3547 X119.38 Y471.58 Z60 E6.67
G1 F3547 X119.38 Y471.58 Z60 E6.67
G1 F3547 X119.38 Y471.58 Z60 E6.67
G1 F3547 X119.38 Y471.58 Z60 E6.67
G1 F3547 X119.38 Y471.58 Z60 E6.67
G1 F3547 X119.38 Y471.58 Z60 E6.67
G1 F3547 X119.38 Y471.58 Z60 E6.67
G1 F3547 X119.38 Y471.58 Z60 E6.67
G1 F3547 X119.38 Y471.58 Z60 E6.67
G1 F3547 X119.38 Y471.58 Z60 E6.67
G1 F3547 X119.38 Y471.58 Z60 E6.67
G1 F3547 X119.38 Y471.58 Z60 E6.67
G1 F3547 X119.38 Y471.58 Z60 E6.67
G1 F3547 X119.38 Y471.58 Z60 E6.67
G1 F3547 X119.38 Y471.58 Z60 E6.67
G1 F3547 X119.38 Y471.58 Z60 E6.67
G1 F3547 X119.38 Y471.58 Z60 E6.67
G1 F3547 X119.38 Y471.58 Z60 E6.67
G1 F3547 X119.38 Y471.58 Z60 E6.67
G1 F3547 X119.38 Y471.58 Z60 E6.67
G1 F3547 X119.38 Y471.58 Z60 E6.67
G1 F3547 X119.38 Y471.58 Z60 E6.67
G1 F3547 X119.38 Y471.58 Z60 E6.67
G1 F3547 X119.38 Y471.58 Z60 E6.67
G1 F3547 X119.38 Y471.58 Z60 E6.67
G1 F3547 X119.38 Y471.58 Z60 E6.67
G1 F3547 X119.38 Y471.58 Z60 E6.67
G1 F3547 X119.38 Y471.58 Z60 E6.67
G1 F3547 X119.38 Y471.58 Z60 E6.67
G1 F3547 X119.38 Y471.58 Z60 E6.67
G1 F3547 X119.38 Y471.58 Z60 E6.67
G1 F3547 X119.38 Y471.58 Z60 E6.67
G1 F3547 X119.38 Y471.58 Z60 E6.67
G1 F3547 X119.38 Y471.58 Z60 E6.67
G1 F3547 X119.38 Y471.58 Z60 E6.67
G1 F3547 X119.38 Y471.58 Z60 E6.67
G1 F3547 X119.38 Y471.58 Z60 E6.67
G1 F3547 X119.38 Y471.58 Z60 E6.67
G1 F3547 X119.38 Y471.58 Z60 E6.67
G1 F3547 X119.38 Y471.58 Z60 E6.67
G1 F3547 X119.38 Y471.58 Z60 E6.67
G1 F3547 X119.38 Y471.58 Z60 E6.67
G1 F3547 X119.38 Y471.58 Z60 E6.67
G1 F3547 X119.38 Y471.58 Z60 E6.67
G1 F3547 X119.38 Y471.58 Z60 E6.67
G1 F3547 X119.38 Y471.58 Z60 E6.67
G1 F3547 X119.38 Y471.58 Z60 E6.67
G1 F3547 X119.38 Y471.58 Z60 E6.67
G1 F3547 X119.38 Y471.58 Z60 E6.67
G1 F3547 X119.38 Y471.58 Z60 E6.67
G1 F3547 X119.38 Y471.58 Z60 E6.67
G1 F3547 X119.38 Y471.58 Z60 E6.67
G1 F3547 X119.38 Y471.58 Z60 E6.67
G1 F3547 X119.38 Y471.58 Z60 E6.67
G1 F3547 X119.38 Y471.58 Z60 E6.67
G1 F3547 X119.38 Y471.58 Z60 E6.67
G1 F3547 X119.38 Y471.58 Z60 E6.67
G1 F3547 X119.38 Y471.58 Z60 E6.67
G1 F3547 X119.38 Y471.58 Z60 E6.67
G1 F3547 X119.38 Y471.58 Z60 E6.67
G1 F3547 X119.38 Y471.58 Z60 E6.67
G1 F3547 X119.38 Y471.58 Z60 E6.67
G1 F3547 X119.38 Y471.58 Z60 E6.67
G1 F3547 X119.38 Y471.58 Z60 E6.67
G1 F3547 X119.38 Y471.58 Z60 E6.67
G1 F3547 X119.38 Y471.58 Z60 E6.67
G1 F3547 X119.38 Y471.58 Z60 E6.67
G1 F3547 X119.38 Y471.58 Z60 E6.67
G1 F3547 X119.38 Y471.58 Z60 E6.67
G1 F3547 X119.38 Y471.58 Z60 E6.67
G1 F3547 X119.38 Y471.58 Z60 E6.67
G1 F3547 X119.38 Y471.58 Z60 E6.67
G1 F3547 X119.38 Y471.58 Z60 E6.67
G1 F3547 X119.38 Y471.58 Z60 E6.67
G1 F3547 X119.38 Y471.58 Z60 E6.67
G1 F3547 X119.38 Y471.58 Z60 E6.67
G1 F3547 X119.38 Y471.58 Z60 E6.67
G1 F3547 X119.38 Y471.58 Z60 E6.67
G1 F3547 X119.38 Y471.58 Z60 E6.67
G1 F3547 X119.38 Y471.58 Z60 E6.67
G1 F3547 X119.38 Y471.58 Z60 E6.67
G1 F3547 X119.38 Y471.58 Z60 E6.67
G1 F3547 X119.38 Y471.58 Z60 E6.67
G1 F3547 X119.38 Y471.58 Z60 E6.67
G1 F3547 X119.38 Y471.58 Z60 E6.67
G1 F3547 X119.38 Y471.58 Z60 E6.67
G1 F3547 X119.38 Y471.58 Z60 E6.67
G1 F3547 X119.38 Y471.58 Z60 E6.67
G1 F3547 X119.38 Y471.58 Z60 E6.67
G1 F3547 X119.38 Y471.58 Z60 E6.67
G1 F3547 X119.38 Y471.58 Z60 E6.67
G1 F3547 X119.38 Y471.58 Z60 E6.67
G1 F3547 X119.38 Y471.58 Z60 E6.67
G1 F3547 X119.38 Y471.58 Z60 E6.67
G1 F3547 X119.38 Y471.58 Z60 E6.67
G1 F3547 X119.38 Y471.58 Z60 E6.67
G1 F3547 X119.38 Y471.58 Z60 E6.67
G1 F3547 X119.38 Y471.58 Z60 E6.67
G1 F3547 X119.38 Y471.58 Z60 E6.67
G1 F3547 X119.38 Y471.58 Z60 E6.67
G1 F3547 X119.38 Y471.58 Z60 E6.67
G1 F3547 X119.38 Y471.58 Z60 E6.67
G1 F3547 X119.38 Y471.58 Z60 E6.67
G1 F3547 X119.38 Y471.58 Z60 E6.67
G1 F3547 X119.38 Y471.58 Z60 E6.67
G1 F3547 X119.38 Y471.58 Z60 E6.67
G1 F3547 X119.38 Y471.58 Z60 E6.67
G1 F3547 X119.38 Y471.58 Z60 E6.67
G1 F3547 X119.38 Y471.58 Z60 E6.67
G1 F3547 X119.38 Y471.58 Z60 E6.67
G1 F3547 X119.38 Y471.58 Z60 E6.67
G1 F3547 X119.38 Y471.58 Z60 E6.67
G1 F3547 X119.38 Y471.58 Z60 E6.67
G1 F3547 X119.38 Y471.58 Z60 E6.67
G1 F3547 X119.38 Y471.58 Z60 E6.67
G1 F3547 X119.38 Y471.58 Z60 E6.67
G1 F3547 X119.38 Y471.58 Z60 E6.67
G1 F3547 X119.38 Y471.58 Z60 E6.67
G1 F3547 X119.38 Y471.58 Z60 E6.67
G1 F3547 X119.38 Y471.58 Z60 E6.67
G1 F3547 X119.38 Y471.58 Z60 E6.67
G1 F3547 X119.38 Y471.58 Z60 E6.67
G1 F3547 X119.38 Y471.58 Z60 E6.67
G1 F3547 X119.38 Y471.58 Z60 E6.67
G1 F3547 X119.38 Y471.58 Z60 E6.67
G1 F3547 X119.38 Y471.58 Z60 E6.67
G1 F3547 X119.38 Y471.58 Z60 E6.67
G1 F3547 X119.38 Y471.58 Z60 E6.67
G1 F3547 X119.38 Y471.58 Z60 E6.67
G1 F3547 X119.38 Y471.58 Z60 E6.67
G1 F3547 X119.38 Y471.58 Z60 E6.67
G1 F3547 X119.38 Y471.58 Z60 E6.67
G1 F3547 X119.38 Y471.58 Z60 E6.67
G1 F3547 X119.38 Y471.58 Z60 E6.67
G1 F3547 X119.38 Y471.58 Z60 E6.67
G1 F3547 X119.38 Y471.58 Z60 E6.67
G1 F3547 X119.38 Y471.58 Z60 E6.67
G1 F3547 X119.38 Y471.58 Z60 E6.67
G1 F3547 X119.38 Y471.58 Z60 E6.67
G1 F3547 X119.38 Y471.58 Z60 E6.67
G1 F3547 X119.38 Y471.58 Z60 E6.67
G1 F3547 X119.38 Y471.58 Z60 E6.67
G1 F3547 X119.38 Y471.58 Z60 E6.67
G1 F3547 X119.38 Y471.58 Z60 E6.67
G1 F3547 X119.38 Y471.58 Z60 E6.67
G1 F3547 X119.38 Y471.58 Z60 E6.67
G1 F3547 X119.38 Y471.58 Z60 E6.67
G1 F3547 X119.38 Y471.58 Z60 E6.67
G1 F3547 X119.38 Y471.58 Z60 E6.67
G1 F3547 X119.38 Y471.58 Z60 E6.67
G1 F3547 X119.38 Y471.58 Z60 E6.67
G1 F3547 X119.38 Y471.58 Z60 E6.67
G1 F3547 X119.38 Y471.58 Z60 E6.67
G1 F3547 X119.38 Y471.58 Z60 E6.67
G1 F3547 X119.38 Y471.58 Z60 E6.67
G1 F3547 X119.38 Y471.58 Z60 E6.67
G1 F3547 X119.38 Y471.58 Z60 E6.67
G1 F3547 X119.38 Y471.58 Z60 E6.67
G1 F3547 X119.38 Y471.58 Z60 E6.67
G1 F3547 X119.38 Y471.58 Z60 E6.67
G1 F3547 X119.38 Y471.58 Z60 E6.67
G1 F3547 X119.38 Y471.58 Z60 E6.67
G1 F3547 X119.38 Y471.58 Z60 E6.67
G1 F3547 X119.38 Y471.58 Z60 E6.67
G1 F3547 X119.38 Y471.58 Z60 E6.67
G1 F3547 X119.38 Y471.58 Z60 E6.67
G1 F3547 X119.38 Y471.58 Z60 E6.67
G1 F3547 X119.38 Y471.58 Z60 E6.67
G1 F3547 X119.38 Y471.58 Z60 E6.67
G1 F3547 X119.38 Y471.58 Z60 E6.67
G1 F3547 X119.38 Y471.58 Z60 E6.67
G1 F3547 X119.38 Y471.58 Z60 E6.67
G1 F3547 X119.38 Y471.58 Z60 E6.67
G1 F3547 X119.38 Y471.58 Z60 E6.67
G1 F3547 X119.38 Y471.58 Z60 E6.67
G1 F3547 X119.38 Y471.58 Z60 E6.67
G1 F3547 X119.38 Y471.58 Z60 E6.67
G1 F3547 X119.38 Y471.58 Z60 E6.67
G1 F3547 X119.38 Y471.58 Z60 E6.67
G1 F3547 X119.38 Y471.58 Z60 E6.67
G1 F3547 X119.38 Y471.58 Z60 E6.67
G1 F3547 X119.38 Y471.58 Z60 E6.67
G1 F3547 X119.38 Y471.58 Z60 E6.67
G1 F3547 X119.38 Y471.58 Z60 E6.67
G1 F3547 X119.38 Y471.58 Z60 E6.67
G1 F3547 X119.38 Y471.58 Z60 E6.67
G1 F3547 X119.38 Y471.58 Z60 E6.67
G1 F3547 X119.38 Y471.58 Z60 E6.67
G1 F3547 X119.38 Y471.58 Z60 E6.67
G1 F3547 X119.38 Y471.58 Z60 E6.67
G1 F3547 X119.38 Y471.58 Z60 E6.67
G1 F3547 X119.38 Y471.58 Z60 E6.67
G1 F3547 X119.38 Y471.58 Z60 E6.67
G1 F3547 X119.38 Y471.58 Z60 E6.67
G1 F3547 X119.38 Y471.58 Z60 E6.67
G1 F3547 X119.38 Y471.58 Z60 E6.67
G1 F3547 X119.38 Y471.58 Z60 E6.67
G1 F3547 X119.38 Y471.58 Z60 E6.67
G1 F3547 X119.38 Y471.58 Z60 E6.67
G1 F3547 X119.38 Y471.58 Z60 E6.67
G1 F3547 X119.38 Y471.58 Z60 E6.67
G1 F3547 X119.38 Y471.58 Z60 E6.67
G1 F3547 X119.38 Y471.58 Z60 E6.67
G1 F3547 X119.38 Y471.58 Z60 E6.67
G1 F3547 X119.38 Y471.58 Z60 E6.67
G1 F3547 X119.38 Y471.58 Z60 E6.67
G1 F3547 X119.38 Y471.58 Z60 E6.67
G1 F3547 X119.38 Y471.58 Z60 E6.67
G1 F3547 X119.38 Y471.58 Z60 E6.67
G1 F3547 X119.38 Y471.58 Z60 E6.67
G1 F3547 X119.38 Y471.58 Z60 E6.67
G1 F3547 X119.38 Y471.58 Z60 E6.67
G1 F3547 X119.38 Y471.58 Z60 E6.67
G1 F3547 X119.38 Y471.58 Z60 E6.67
G1 F3547 X119.38 Y471.58 Z60 E6.67
G1 F3547 X119.38 Y471.58 Z60 E6.67
G1 F3547 X119.38 Y471.58 Z60 E6.67
G1 F3547 X119.38 Y471.58 Z60 E6.67
G1 F3547 X119.38 Y471.58 Z60 E6.67
G1 F3547 X119.38 Y471.58 Z60 E6.67
G1 F3547 X119.38 Y471.58 Z60 E6.67
G1 F3547 X119.38 Y471.58 Z60 E6.67
G1 F3547 X119.38 Y471.58 Z60 E6.67
G1 F3547 X119.38 Y471.58 Z60 E6.67
G1 F3547 X119.38 Y471.58 Z60 E6.67
G1 F3547 X119.38 Y471.58 Z60 E6.67
G1 F3547 X119.38 Y471.58 Z60 E6.67
G1 F3547 X119.38 Y471.58 Z60 E6.67
G1 F3547 X119.38 Y471.58 Z60 E6.67
G1 F3547 X119.38 Y471.58 Z60 E6.67
G1 F3547 X119.38 Y471.58 Z60 E6.67
G1 F3547 X119.38 Y471.58 Z60 E6.67
G1 F3547 X119.38 Y471.58 Z60 E6.67
G1 F3547 X119.38 Y471.58 Z60 E6.67
G1 F3547 X119.38 Y471.58 Z60 E6.67
G1 F3547 X119.38 Y471.58 Z60 E6.67
G1 F3547 X119.38 Y471.58 Z60 E6.67
G1 F3547 X119.38 Y471.58 Z60 E6.67
G1 F3547 X119.38 Y471.58 Z60 E6.67
G1 F3547 X119.38 Y471.58 Z60 E6.67
G1 F3547 X119.38 Y471.58 Z60 E6.67
G1 F3547 X119.38 Y471.58 Z60 E6.67
G1 F3547 X119.38 Y471.58 Z60 E6.67
G1 F3547 X119.38 Y471.58 Z60 E6.67
G1 F3547 X119.38 Y471.58 Z60 E6.67
G1 F3547 X119.38 Y471.58 Z60 E6.67
G1 F3547 X119.38 Y471.58 Z60 E6.67
G1 F3547 X119.38 Y471.58 Z60 E6.67
G1 F3547 X119.38 Y471.58 Z60 E6.67
G1 F3547 X119.38 Y471.58 Z60 E6.67
G1 F3547 X119.38 Y471.58 Z60 E6.67
G1 F3547 X119.38 Y471.58 Z60 E6.67
G1 F3547 X119.38 Y471.58 Z60 E6.67
G1 F3547 X119.38 Y471.58 Z60 E6.67
G1 F3547 X119.38 Y471.58 Z60 E6.67
G1 F3547 X119.38 Y471.58 Z60 E6.67
G1 F3547 X119.38 Y471.58 Z60 E6.67
G1 F3547 X119.38 Y471.58 Z60 E6.67
G1 F3547 X119.38 Y471.58 Z60 E6.67
G1 F3547 X119.38 Y471.58 Z60 E6.67
G1 F3547 X119.38 Y471.58 Z60 E6.67
G1 F3547 X119.38 Y471.58 Z60 E6.67
G1 F3547 X119.38 Y471.58 Z60 E6.67
G1 F3547 X119.38 Y471.58 Z60 E6.67
G1 F3547 X119.38 Y471.58 Z60 E6.67
G1 F3547 X119.38 Y471.58 Z60 E6.67
G1 F3547 X119.38 Y471.58 Z60 E6.67
G1 F3547 X119.38 Y471.58 Z60 E6.67
G1 F3547 X119.38 Y471.58 Z60 E6.67
G1 F3547 X119.38 Y471.58 Z60 E6.67
G1 F3547 X119.38 Y471.58 Z60 E6.67
G1 F3547 X119.38 Y471.58 Z60 E6.67
G1 F3547 X119.38 Y471.58 Z60 E6.67
G1 F3547 X119.38 Y471.58 Z60 E6.67
G1 F3547 X119.38 Y471.58 Z60 E6.67
G1 F3547 X119.38 Y471.58 Z60 E6.67
G1 F3547 X119.38 Y471.58 Z60 E6.67
G1 F3547 X119.38 Y471.58 Z60 E6.67
G1 F3547 X119.38 Y471.58 Z60 E6.67
G1 F3547 X119.38 Y471.58 Z60 E6.67
G1 F3547 X119.38 Y471.58 Z60 E6.67
G1 F3547 X119.38 Y471.58 Z60 E6.67
G1 F3547 X119.38 Y471.58 Z60 E6.67
G1 F3547 X119.38 Y471.58 Z60 E6.67
G1 F3547 X119.38 Y471.58 Z60 E6.67
G1 F3547 X119.38 Y471.58 Z60 E6.67
G1 F3547 X119.38 Y471.58 Z60 E6.67
G1 F3547 X119.38 Y471.58 Z60 E6.67
G1 F3547 X119.38 Y471.58 Z60 E6.67
G1 F3547 X119.38 Y471.58 Z60 E6.67
G1 F3547 X119.38 Y471.58 Z60 E6.67
G1 F3547 X119.38 Y471.58 Z60 E6.67
G1 F3547 X119.38 Y471.58 Z60 E6.67
G1 F3547 X119.38 Y471.58 Z60 E6.67
G1 F3547 X119.38 Y471.58 Z60 E6.67
G1 F3547 X119.38 Y471.58 Z60 E6.67
G1 F3547 X119.38 Y471.58 Z60 E6.67
G1 F3547 X119.38 Y471.58 Z60 E6.67
G1 F3547 X119.38 Y471.58 Z60 E6.67
G1 F3547 X119.38 Y471.58 Z60 E6.67
G1 F3547 X119.38 Y471.58 Z60 E6.67
G1 F3547 X119.38 Y471.58 Z60 E6.67
G1 F3547 X119.38 Y471.58 Z60 E6.67
G1 F3547 X119.38 Y471.58 Z60 E6.67
G1 F3547 X119.38 Y471.58 Z60 E6.67
G1 F3547 X119.38 Y471.58 Z60 E6.67
G1 F3547 X119.38 Y471.58 Z60 E6.67
G1 F3547 X119.38 Y471.58 Z60 E6.67
G1 F3547 X119.38 Y471.58 Z60 E6.67
G1 F3547 X119.38 Y471.58 Z60 E6.67
G1 F3547 X119.38 Y471.58 Z60 E6.67
G1 F3547 X119.38 Y471.58 Z60 E6.67
G1 F3547 X119.38 Y471.58 Z60 E6.67
G1 F3547 X119.38 Y471.58 Z60 E6.67
G1 F3547 X119.38 Y471.58 Z60 E6.67
G1 F3547 X119.38 Y471.58 Z60 E6.67
G1 F3547 X119.38 Y471.58 Z60 E6.67
G1 F3547 X119.38 Y471.58 Z60 E6.67
G1 F3547 X119.38 Y471.58 Z60 E6.67
G1 F3547 X119.38 Y471.58 Z60 E6.67
G1 F3547 X119.38 Y471.58 Z60 E6.67
G1 F3547 X119.38 Y471.58 Z60 E6.67
G1 F3547 X119.38 Y471.58 Z60 E6.67
G1 F3547 X119.38 Y471.58 Z60 E6.67
G1 F3547 X119.38 Y471.58 Z60 E6.67
G1 F3547 X119.38 Y471.58 Z60 E6.67
G1 F3547 X119.38 Y471.58 Z60 E6.67
G1 F3547 X119.38 Y471.58 Z60 E6.67
G1 F3547 X119.38 Y471.58 Z60 E6.67
G1 F3547 X119.38 Y471.58 Z60 E6.67
G1 F3547 X119.38 Y471.58 Z60 E6.67
G1 F3547 X119.38 Y471.58 Z60 E6.67
G1 F3547 X119.38 Y471.58 Z60 E6.67
G1 F3547 X119.38 Y471.58 Z60 E6.67
G1 F3547 X119.38 Y471.58 Z60 E6.67
G1 F3547 X119.38 Y471.58 Z60 E6.67
G1 F3547 X119.38 Y471.58 Z60 E6.67
G1 F3547 X119.38 Y471.58 Z60 E6.67
G1 F3547 X119.38 Y471.58 Z60 E6.67
G1 F3547 X119.38 Y471.58 Z60 E6.67
G1 F3547 X119.38 Y471.58 Z60 E6.67
G1 F3547 X119.38 Y471.58 Z60 E6.67
G1 F3547 X119.38 Y471.58 Z60 E6.67
G1 F3547 X119.38 Y471.58 Z60 E6.67
G1 F3547 X119.38 Y471.58 Z60 E6.67
G1 F3547 X119.38 Y471.58 Z60 E6.67
G1 F3547 X119.38 Y471.58 Z60 E6.67
G1 F3547 X119.38 Y471.58 Z60 E6.67
G1 F3547 X119.38 Y471.58 Z60 E6.67
G1 F3547 X119.38 Y471.58 Z60 E6.67
G1 F3547 X119.38 Y471.58 Z60 E6.67
G1 F3547 X119.38 Y471.58 Z60 E6.67
G1 F3547 X119.38 Y471.58 Z60 E6.67
G1 F3547 X119.38 Y471.58 Z60 E6.67
G1 F3547 X119.38 Y471.58 Z60 E6.67
G1 F3547 X119.38 Y471.58 Z60 E6.67
G1 F3547 X119.38 Y471.58 Z60 E6.67
G1 F3547 X119.38 Y471.58 Z60 E6.67
G1 F3547 X119.38 Y471.58 Z60 E6.67
G1 F3547 X119.38 Y471.58 Z60 E6.67
G1 F3547 X119.38 Y471.58 Z60 E6.67
G1 F3547 X119.38 Y471.58 Z60 E6.67
G1 F3547 X119.38 Y471.58 Z60 E6.67
G1 F3547 X119.38 Y471.58 Z60 E6.67
G1 F3547 X119.38 Y471.58 Z60 E6.67
G1 F3547 X119.38 Y471.58 Z60 E6.67
G1 F3547 X119.38 Y471.58 Z60 E6.67
G1 F3547 X119.38 Y471.58 Z60 E6.67
G1 F3547 X119.38 Y471.58 Z60 E6.67
G1 F3547 X119.38 Y471.58 Z60 E6.67
G1 F3547 X119.38 Y471.58 Z60 E6.67
G1 F3547 X119.38 Y471.58 Z60 E6.67
G1 F3547 X119.38 Y471.58 Z60 E6.67
G1 F3547 X119.38 Y471.58 Z60 E6.67
G1 F3547 X119.38 Y471.58 Z60 E6.67
G1 F3547 X119.38 Y471.58 Z60 E6.67
G1 F3547 X119.38 Y471.58 Z60 E6.67
G1 F3547 X119.38 Y471.58 Z60 E6.67
G1 F3547 X119.38 Y471.58 Z60 E6.67
G1 F3547 X119.38 Y471.58 Z60 E6.67
G1 F3547 X119.38 Y471.58 Z60 E6.67
G1 F3547 X119.38 Y471.58 Z60 E6.67
G1 F3547 X119.38 Y471.58 Z60 E6.67
G1 F3547 X119.38 Y471.58 Z60 E6.67
G1 F3547 X119.38 Y471.58 Z60 E6.67
G1 F3547 X119.38 Y471.58 Z60 E6.67
G1 F3547 X119.38 Y471.58 Z60 E6.67
G1 F3547 X119.38 Y471.58 Z60 E6.67
G1 F3547 X119.38 Y471.58 Z60 E6.67
G1 F3547 X119.38 Y471.58 Z60 E6.67
G1 F3547 X119.38 Y471.58 Z60 E6.67
G1 F3547 X119.38 Y471.58 Z60 E6.67
G1 F3547 X119.38 Y471.58 Z60 E6.67
G1 F3547 X119.38 Y471.58 Z60 E6.67
G1 F3547 X119.38 Y471.58 Z60 E6.67
G1 F3547 X119.38 Y471.58 Z60 E6.67
G1 F3547 X119.38 Y471.58 Z60 E6.67
G1 F3547 X119.38 Y471.58 Z60 E6.67
G1 F3547 X119.38 Y471.58 Z60 E6.67
G1 F3547 X119.38 Y471.58 Z60 E6.67
G1 F3547 X119.38 Y471.58 Z60 E6.67
G1 F3547 X119.38 Y471.58 Z60 E6.67
G1 F3547 X119.38 Y471.58 Z60 E6.67
G1 F3547 X119.38 Y471.58 Z60 E6.67
G1 F3547 X119.38 Y471.58 Z60 E6.67
G1 F3547 X119.38 Y471.58 Z60 E6.67
G1 F3547 X119.38 Y471.58 Z60 E6.67
G1 F3547 X119.38 Y471.58 Z60 E6.67
G1 F3547 X119.38 Y471.58 Z60 E6.67
G1 F3547 X119.38 Y471.58 Z60 E6.67
G1 F3547 X119.38 Y471.58 Z60 E6.67
G1 F3547 X119.38 Y471.58 Z60 E6.67
G1 F3547 X119.38 Y471.58 Z60 E6.67
G1 F3547 X119.38 Y471.58 Z60 E6.67
G1 F3547 X119.38 Y471.58 Z60 E6.67
G1 F3547 X119.38 Y471.58 Z60 E6.67
G1 F3547 X119.38 Y471.58 Z60 E6.67
G1 F3547 X119.38 Y471.58 Z60 E6.67
G1 F3547 X119.38 Y471.58 Z60 E6.67
G1 F3547 X119.38 Y471.58 Z60 E6.67
G1 F3547 X119.38 Y471.58 Z60 E6.67
G1 F3547 X119.38 Y471.58 Z60 E6.67
G1 F3547 X119.38 Y471.58 Z60 E6.67
G1 F3547 X119.38 Y471.58 Z60 E6.67
G1 F3547 X119.38 Y471.58 Z60 E6.67
G1 F3547 X119.38 Y471.58 Z60 E6.67
G1 F3547 X119.38 Y471.58 Z60 E6.67
G1 F3547 X119.38 Y471.58 Z60 E6.67
G1 F3547 X119.38 Y471.58 Z60 E6.67
G1 F3547 X119.38 Y471.58 Z60 E6.67
G1 F3547 X119.38 Y471.58 Z60 E6.67
G1 F3547 X119.38 Y471.58 Z60 E6.67
G1 F3547 X119.38 Y471.58 Z60 E6.67
G1 F3547 X119.38 Y471.58 Z60 E6.67
G1 F3547 X119.38 Y471.58 Z60 E6.67
G1 F3547 X119.38 Y471.58 Z60 E6.67
G1 F3547 X119.38 Y471.58 Z60 E6.67
G1 F3547 X119.38 Y471.58 Z60 E6.67
G1 F3547 X119.38 Y471.58 Z60 E6.67
G1 F3547 X119.38 Y471.58 Z60 E6.67
G1 F3547 X119.38 Y471.58 Z60 E6.67
G1 F3547 X119.38 Y471.58 Z60 E6.67
G1 F3547 X119.38 Y471.58 Z60 E6.67
G1 F3547 X119.38 Y471.58 Z60 E6.67
G1 F3547 X119.38 Y471.58 Z60 E6.67
G1 F3547 X119.38 Y471.58 Z60 E6.67
G1 F3547 X119.38 Y471.58 Z60 E6.67
G1 F3547 X119.38 Y471.58 Z60 E6.67
G1 F3547 X119.38 Y471.58 Z60 E6.67
G1 F3547 X119.38 Y471.58 Z60 E6.67
G1 F3547 X119.38 Y471.58 Z60 E6.67
G1 F3547 X119.38 Y471.58 Z60 E6.67
G1 F3547 X119.38 Y471.58 Z60 E6.67
G1 F3547 X119.38 Y471.58 Z60 E6.67
G1 F3547 X119.38 Y471.58 Z60 E6.67
G1 F3547 X119.38 Y471.58 Z60 E6.67
G1 F3547 X119.38 Y471.58 Z60 E6.67
G1 F3547 X119.38 Y471.58 Z60 E6.67
G1 F3547 X119.38 Y471.58 Z60 E6.67
G1 F3547 X119.38 Y471.58 Z60 E6.67
G1 F3547 X119.38 Y471.58 Z60 E6.67
G1 F3547 X119.38 Y471.58 Z60 E6.67
G1 F3547 X119.38 Y471.58 Z60 E6.67
G1 F3547 X119.38 Y471.58 Z60 E6.67
G1 F3547 X119.38 Y471.58 Z60 E6.67
G1 F3547 X119.38 Y471.58 Z60 E6.67
G1 F3547 X119.38 Y471.58 Z60 E6.67
G1 F3547 X119.38 Y471.58 Z60 E6.67
G1 F3547 X119.38 Y471.58 Z60 E6.67
G1 F3547 X119.38 Y471.58 Z60 E6.67
G1 F3547 X119.38 Y471.58 Z60 E6.67
G1 F3547 X119.38 Y471.58 Z60 E6.67
G1 F3547 X119.38 Y471.58 Z60 E6.67
G1 F3547 X119.38 Y471.58 Z60 E6.67
G1 F3547 X119.38 Y471.58 Z60 E6.67
G1 F3547 X119.38 Y471.58 Z60 E6.67
G1 F3547 X119.38 Y471.58 Z60 E6.67
G1 F3547 X119.38 Y471.58 Z60 E6.67
G1 F3547 X119.38 Y471.58 Z60 E6.67
G1 F3547 X119.38 Y471.58 Z60 E6.67
G1 F3547 X119.38 Y471.58 Z60 E6.67
G1 F3547 X119.38 Y471.58 Z60 E6.67
G1 F3547 X119.38 Y471.58 Z60 E6.67
G1 F3547 X119.38 Y471.58 Z60 E6.67
G1 F3547 X119.38 Y471.58 Z60 E6.67
G1 F3547 X119.38 Y471.58 Z60 E6.67
G1 F3547 X119.38 Y471.58 Z60 E6.67
G1 F3547 X119.38 Y471.58 Z60 E6.67
G1 F3547 X119.38 Y471.58 Z60 E6.67
G1 F3547 X119.38 Y471.58 Z60 E6.67
G1 F3547 X119.38 Y471.58 Z60 E6.67
G1 F3547 X119.38 Y471.58 Z60 E6.67
G1 F3547 X119.38 Y471.58 Z60 E6.67
G1 F3547 X119.38 Y471.58 Z60 E6.67
G1 F3547 X119.38 Y471.58 Z60 E6.67
G1 F3547 X119.38 Y471.58 Z60 E6.67
G1 F3547 X119.38 Y471.58 Z60 E6.67
G1 F3547 X119.38 Y471.58 Z60 E6.67
G1 F3547 X119.38 Y471.58 Z60 E6.67
G1 F3547 X119.38 Y471.58 Z60 E6.67
G1 F3547 X119.38 Y471.58 Z60 E6.67
G1 F3547 X119.38 Y471.58 Z60 E6.67
G1 F3547 X119.38 Y471.58 Z60 E6.67
G1 F3547 X119.38 Y471.58 Z60 E6.67
G1 F3547 X119.38 Y471.58 Z60 E6.67
G1 F3547 X119.38 Y471.58 Z60 E6.67
G1 F3547 X119.38 Y471.58 Z60 E6.67
G1 F3547 X119.38 Y471.58 Z60 E6.67
G1 F3547 X119.38 Y471.58 Z60 E6.67
G1 F3547 X119.38 Y471.58 Z60 E6.67
G1 F3547 X119.38 Y471.58 Z60 E6.67
G1 F3547 X119.38 Y471.58 Z60 E6.67
G1 F3547 X119.38 Y471.58 Z60 E6.67
G1 F3547 X119.38 Y471.58 Z60 E6.67
G1 F3547 X119.38 Y471.58 Z60 E6.67
G1 F3547 X119.38 Y471.58 Z60 E6.67
G1 F3547 X119.38 Y471.58 Z60 E6.67
G1 F3547 X119.38 Y471.58 Z60 E6.67
G1 F3547 X119.38 Y471.58 Z60 E6.67
G1 F3547 X119.38 Y471.58 Z60 E6.67
G1 F3547 X119.38 Y471.58 Z60 E6.67
G1 F3547 X119.38 Y471.58 Z60 E6.67
G1 F3547 X119.38 Y471.58 Z60 E6.67
G1 F3547 X119.38 Y471.58 Z60 E6.67
G1 F3547 X119.38 Y471.58 Z60 E6.67
G1 F3547 X119.38 Y471.58 Z60 E6.67
G1 F3547 X119.38 Y471.58 Z60 E6.67
G1 F3547 X119.38 Y471.58 Z60 E6.67
G1 F3547 X119.38 Y471.58 Z60 E6.67
G1 F3547 X119.38 Y471.58 Z60 E6.67
G1 F3547 X119.38 Y471.58 Z60 E6.67
G1 F3547 X119.38 Y471.58 Z60 E6.67
G1 F3547 X119.38 Y471.58 Z60 E6.67
G1 F3547 X119.38 Y471.58 Z60 E6.67
G1 F3547 X119.38 Y471.58 Z60 E6.67
G1 F3547 X119.38 Y471.58 Z60 E6.67
G1 F3547 X119.38 Y471.58 Z60 E6.67
G1 F3547 X119.38 Y471.58 Z60 E6.67
G1 F3547 X119.38 Y471.58 Z60 E6.67
G1 F3547 X119.38 Y471.58 Z60 E6.67
G1 F3547 X119.38 Y471.58 Z60 E6.67
G1 F3547 X119.38 Y471.58 Z60 E6.67
G1 F3547 X119.38 Y471.58 Z60 E6.67
G1 F3547 X119.38 Y471.58 Z60 E6.67
G1 F3547 X119.38 Y471.58 Z60 E6.67
G1 F3547 X119.38 Y471.58 Z60 E6.67
G1 F3547 X119.38 Y471.58 Z60 E6.67
G1 F3547 X119.38 Y471.58 Z60 E6.67
G1 F3547 X119.38 Y471.58 Z60 E6.67
G1 F3547 X119.38 Y471.58 Z60 E6.67
G1 F3547 X119.38 Y471.58 Z60 E6.67
G1 F3547 X119.38 Y471.58 Z60 E6.67
G1 F3547 X119.38 Y471.58 Z60 E6.67
G1 F3547 X119.38 Y471.58 Z60 E6.67
G1 F3547 X119.38 Y471.58 Z60 E6.67
G1 F3547 X119.38 Y471.58 Z60 E6.67
G1 F3547 X119.38 Y471.58 Z60 E6.67
G1 F3547 X119.38 Y471.58 Z60 E6.67
G1 F3547 X119.38 Y471.58 Z60 E6.67
G1 F3547 X119.38 Y471.58 Z60 E6.67
G1 F3547 X119.38 Y471.58 Z60 E6.67
G1 F3547 X119.38 Y471.58 Z60 E6.67
G1 F3547 X119.38 Y471.58 Z60 E6.67
G1 F3547 X119.38 Y471.58 Z60 E6.67
G1 F3547 X119.38 Y471.58 Z60 E6.67
G1 F3547 X119.38 Y471.58 Z60 E6.67
G1 F3547 X119.38 Y471.58 Z60 E6.67
G1 F3547 X119.38 Y471.58 Z60 E6.67
G1 F3547 X119.38 Y471.58 Z60 E6.67
G1 F3547 X119.38 Y471.58 Z60 E6.67
G1 F3547 X119.38 Y471.58 Z60 E6.67
G1 F3547 X119.38 Y471.58 Z60 E6.67
G1 F3547 X119.38 Y471.58 Z60 E6.67
G1 F3547 X119.38 Y471.58 Z60 E6.67
G1 F3547 X119.38 Y471.58 Z60 E6.67
G1 F3547 X119.38 Y471.58 Z60 E6.67
G1 F3547 X119.38 Y471.58 Z60 E6.67
G1 F3547 X119.38 Y471.58 Z60 E6.67
G1 F3547 X119.38 Y471.58 Z60 E6.67
G1 F3547 X119.38 Y471.58 Z60 E6.67
G1 F3547 X119.38 Y471.58 Z60 E6.67
G1 F3547 X119.38 Y471.58 Z60 E6.67
G1 F3547 X119.38 Y471.58 Z60 E6.67
G1 F3547 X119.38 Y471.58 Z60 E6.67
G1 F3547 X119.38 Y471.58 Z60 E6.67
G1 F3547 X119.38 Y471.58 Z60 E6.67
G1 F3547 X119.38 Y471.58 Z60 E6.67
G1 F3547 X119.38 Y471.58 Z60 E6.67
G1 F3547 X119.38 Y471.58 Z60 E6.67
G1 F3547 X119.38 Y471.58 Z60 E6.67
G1 F3547 X119.38 Y471.58 Z60 E6.67
G1 F3547 X119.38 Y471.58 Z60 E6.67
G1 F3547 X119.38 Y471.58 Z60 E6.67
G1 F3547 X119.38 Y471.58 Z60 E6.67
G1 F3547 X119.38 Y471.58 Z60 E6.67
G1 F3547 X119.38 Y471.58 Z60 E6.67
G1 F3547 X119.38 Y471.58 Z60 E6.67
G1 F3547 X119.38 Y471.58 Z60 E6.67
G1 F3547 X119.38 Y471.58 Z60 E6.67
G1 F3547 X119.38 Y471.58 Z60 E6.67
G1 F3547 X119.38 Y471.58 Z60 E6.67
G1 F3547 X119.38 Y471.58 Z60 E6.67
G1 F3547 X119.38 Y471.58 Z60 E6.67
G1 F3547 X119.38 Y471.58 Z60 E6.67
G1 F3547 X119.38 Y471.58 Z60 E6.67
G1 F3547 X119.38 Y471.58 Z60 E6.67
G1 F3547 X119.38 Y471.58 Z60 E6.67
G1 F3547 X119.38 Y471.58 Z60 E6.67
G1 F3547 X119.38 Y471.58 Z60 E6.67
G1 F3547 X119.38 Y471.58 Z60 E6.67
G1 F3547 X119.38 Y471.58 Z60 E6.67
G1 F3547 X119.38 Y471.58 Z60 E6.67
G1 F3547 X119.38 Y471.58 Z60 E6.67
G1 F3547 X119.38 Y471.58 Z60 E6.67
G1 F3547 X119.38 Y471.58 Z60 E6.67
G1 F3547 X119.38 Y471.58 Z60 E6.67
G1 F3547 X119.38 Y471.58 Z60 E6.67
G1 F3547 X119.38 Y471.58 Z60 E6.67
G1 F3547 X119.38 Y471.58 Z60 E6.67
G1 F3547 X119.38 Y471.58 Z60 E6.67
G1 F3547 X119.38 Y471.58 Z60 E6.67
G1 F3547 X119.38 Y471.58 Z60 E6.67
G1 F3547 X119.38 Y471.58 Z60 E6.67
G1 F3547 X119.38 Y471.58 Z60 E6.67
G1 F3547 X119.38 Y471.58 Z60 E6.67
G1 F3547 X119.38 Y471.58 Z60 E6.67
G1 F3547 X119.38 Y471.58 Z60 E6.67
G1 F3547 X119.38 Y471.58 Z60 E6.67
G1 F3547 X119.38 Y471.58 Z60 E6.67
G1 F3547 X119.38 Y471.58 Z60 E6.67
G1 F3547 X119.38 Y471.58 Z60 E6.67
G1 F3547 X119.38 Y471.58 Z60 E6.67
G1 F3547 X119.38 Y471.58 Z60 E6.67
G1 F3547 X119.38 Y471.58 Z60 E6.67
G1 F3547 X119.38 Y471.58 Z60 E6.67
G1 F3547 X119.38 Y471.58 Z60 E6.67
G1 F3547 X119.38 Y471.58 Z60 E6.67
G1 F3547 X119.38 Y471.58 Z60 E6.67
G1 F3547 X119.38 Y471.58 Z60 E6.67
G1 F3547 X119.38 Y471.58 Z60 E6.67
G1 F3547 X119.38 Y471.58 Z60 E6.67
G1 F3547 X119.38 Y471.58 Z60 E6.67
G1 F3547 X119.38 Y471.58 Z60 E6.67
G1 F3547 X119.38 Y471.58 Z60 E6.67
G1 F3547 X119.38 Y471.58 Z60 E6.67
G1 F3547 X119.38 Y471.58 Z60 E6.67
G1 F3547 X119.38 Y471.58 Z60 E6.67
G1 F3547 X119.38 Y471.58 Z60 E6.67
G1 F3547 X119.38 Y471.58 Z60 E6.67
G1 F3547 X119.38 Y471.58 Z60 E6.67
G1 F3547 X119.38 Y471.58 Z60 E6.67
G1 F3547 X119.38 Y471.58 Z60 E6.67
G1 F3547 X119.38 Y471.58 Z60 E6.67
G1 F3547 X119.38 Y471.58 Z60 E6.67
G1 F3547 X119.38 Y471.58 Z60 E6.67
G1 F3547 X119.38 Y471.58 Z60 E6.67
G1 F3547 X119.38 Y471.58 Z60 E6.67
G1 F3547 X119.38 Y471.58 Z60 E6.67
G1 F3547 X119.38 Y471.58 Z60 E6.67
G1 F3547 X119.38 Y471.58 Z60 E6.67
G1 F3547 X119.38 Y471.58 Z60 E6.67
G1 F3547 X119.38 Y471.58 Z60 E6.67
G1 F3547 X119.38 Y471.58 Z60 E6.67
G1 F3547 X119.38 Y471.58 Z60 E6.67
G1 F3547 X119.38 Y471.58 Z60 E6.67
G1 F3547 X119.38 Y471.58 Z60 E6.67
G1 F3547 X119.38 Y471.58 Z60 E6.67
G1 F3547 X119.38 Y471.58 Z60 E6.67
G1 F3547 X119.38 Y471.58 Z60 E6.67
G1 F3547 X119.38 Y471.58 Z60 E6.67
G1 F3547 X119.38 Y471.58 Z60 E6.67
G1 F3547 X119.38 Y471.58 Z60 E6.67
G1 F3547 X119.38 Y471.58 Z60 E6.67
G1 F3547 X119.38 Y471.58 Z60 E6.67
G1 F3547 X119.38 Y471.58 Z60 E6.67
G1 F3547 X119.38 Y471.58 Z60 E6.67
G1 F3547 X119.38 Y471.58 Z60 E6.67
G1 F3547 X119.38 Y471.58 Z60 E6.67
G1 F3547 X119.38 Y471.58 Z60 E6.67
G1 F3547 X119.38 Y471.58 Z60 E6.67
G1 F3547 X119.38 Y471.58 Z60 E6.67
G1 F3547 X119.38 Y471.58 Z60 E6.67
G1 F3547 X119.38 Y471.58 Z60 E6.67
G1 F3547 X119.38 Y471.58 Z60 E6.67
G1 F3547 X119.38 Y471.58 Z60 E6.67
G1 F3547 X119.38 Y471.58 Z60 E6.67
G1 F3547 X119.38 Y471.58 Z60 E6.67
G1 F3547 X119.38 Y471.58 Z60 E6.67
G1 F3547 X119.38 Y471.58 Z60 E6.67
G1 F3547 X119.38 Y471.58 Z60 E6.67
G1 F3547 X119.38 Y471.58 Z60 E6.67
G1 F3547 X119.38 Y471.58 Z60 E6.67
G1 F3547 X119.38 Y471.58 Z60 E6.67
G1 F3547 X119.38 Y471.58 Z60 E6.67
G1 F3547 X119.38 Y471.58 Z60 E6.67
G1 F3547 X119.38 Y471.58 Z60 E6.67
G1 F3547 X119.38 Y471.58 Z60 E6.67
G1 F3547 X119.38 Y471.58 Z60 E6.67
G1 F3547 X119.38 Y471.58 Z60 E6.67
G1 F3547 X119.38 Y471.58 Z60 E6.67
G1 F3547 X119.38 Y471.58 Z60 E6.67
G1 F3547 X119.38 Y471.58 Z60 E6.67
G1 F3547 X119.38 Y471.58 Z60 E6.67
G1 F3547 X119.38 Y471.58 Z60 E6.67
G1 F3547 X119.38 Y471.58 Z60 E6.67
G1 F3547 X119.38 Y471.58 Z60 E6.67
G1 F3547 X119.38 Y471.58 Z60 E6.67
G1 F3547 X119.38 Y471.58 Z60 E6.67
G1 F3547 X119.38 Y471.58 Z60 E6.67
G1 F3547 X119.38 Y471.58 Z60 E6.67
G1 F3547 X119.38 Y471.58 Z60 E6.67
G1 F3547 X119.38 Y471.58 Z60 E6.67
G1 F3547 X119.38 Y471.58 Z60 E6.67
G1 F3547 X119.38 Y471.58 Z60 E6.67
G1 F3547 X119.38 Y471.58 Z60 E6.67
G1 F3547 X119.38 Y471.58 Z60 E6.67
G1 F3547 X119.38 Y471.58 Z60 E6.67
G1 F3547 X119.38 Y471.58 Z60 E6.67
G1 F3547 X119.38 Y471.58 Z60 E6.67
G1 F3547 X119.38 Y471.58 Z60 E6.67
G1 F3547 X119.38 Y471.58 Z60 E6.67
G1 F3547 X119.38 Y471.58 Z60 E6.67
G1 F3547 X119.38 Y471.58 Z60 E6.67
G1 F3547 X119.38 Y471.58 Z60 E6.67
G1 F3547 X119.38 Y471.58 Z60 E6.67
G1 F3547 X119.38 Y471.58 Z60 E6.67
G1 F3547 X119.38 Y471.58 Z60 E6.67
G1 F3547 X119.38 Y471.58 Z60 E6.67
G1 F3547 X119.38 Y471.58 Z60 E6.67
G1 F3547 X119.38 Y471.58 Z60 E6.67
G1 F3547 X119.38 Y471.58 Z60 E6.67
G1 F3547 X119.38 Y471.58 Z60 E6.67
G1 F3547 X119.38 Y471.58 Z60 E6.67
G1 F3547 X119.38 Y471.58 Z60 E6.67
G1 F3547 X119.38 Y471.58 Z60 E6.67
G1 F3547 X119.38 Y471.58 Z60 E6.67
G1 F3547 X119.38 Y471.58 Z60 E6.67
G1 F3547 X119.38 Y471.58 Z60 E6.67
G1 F3547 X119.38 Y471.58 Z60 E6.67
G1 F3547 X119.38 Y471.58 Z60 E6.67
G1 F3547 X119.38 Y471.58 Z60 E6.67
G1 F3547 X119.38 Y471.58 Z60 E6.67
G1 F3547 X119.38 Y471.58 Z60 E6.67
G1 F3547 X119.38 Y471.58 Z60 E6.67
G1 F3547 X119.38 Y471.58 Z60 E6.67
G1 F3547 X119.38 Y471.58 Z60 E6.67
G1 F3547 X119.38 Y471.58 Z60 E6.67
G1 F3547 X119.38 Y471.58 Z60 E6.67
G1 F3547 X119.38 Y471.58 Z60 E6.67
G1 F3547 X119.38 Y471.58 Z60 E6.67
G1 F3547 X119.38 Y471.58 Z60 E6.67
G1 F3547 X119.38 Y471.58 Z60 E6.67
G1 F3547 X119.38 Y471.58 Z60 E6.67
G1 F3547 X119.38 Y471.58 Z60 E6.67
G1 F3547 X119.38 Y471.58 Z60 E6.67
G1 F3547 X119.38 Y471.58 Z60 E6.67
G1 F3547 X119.38 Y471.58 Z60 E6.67
G1 F3547 X119.38 Y471.58 Z60 E6.67
G1 F3547 X119.38 Y471.58 Z60 E6.67
G1 F3547 X119.38 Y471.58 Z60 E6.67
G1 F3547 X119.38 Y471.58 Z60 E6.67
G1 F3547 X119.38 Y471.58 Z60 E6.67
G1 F3547 X119.38 Y471.58 Z60 E6.67
G1 F3547 X119.38 Y471.58 Z60 E6.67
G1 F3547 X119.38 Y471.58 Z60 E6.67
G1 F3547 X119.38 Y471.58 Z60 E6.67
G1 F3547 X119.38 Y471.58 Z60 E6.67
G1 F3547 X119.38 Y471.58 Z60 E6.67
G1 F3547 X119.38 Y471.58 Z60 E6.67
G1 F3547 X119.38 Y471.58 Z60 E6.67
G1 F3547 X119.38 Y471.58 Z60 E6.67
G1 F3547 X119.38 Y471.58 Z60 E6.67
G1 F3547 X119.38 Y471.58 Z60 E6.67
G1 F3547 X119.38 Y471.58 Z60 E6.67
G1 F3547 X119.38 Y471.58 Z60 E6.67
G1 F3547 X119.38 Y471.58 Z60 E6.67
G1 F3547 X119.38 Y471.58 Z60 E6.67
G1 F3547 X119.38 Y471.58 Z60 E6.67
G1 F3547 X119.38 Y471.58 Z60 E6.67
G1 F3547 X119.38 Y471.58 Z60 E6.67
G1 F3547 X119.38 Y471.58 Z60 E6.67
G1 F3547 X119.38 Y471.58 Z60 E6.67
G1 F3547 X119.38 Y471.58 Z60 E6.67
G1 F3547 X119.38 Y471.58 Z60 E6.67
G1 F3547 X119.38 Y471.58 Z60 E6.67
G1 F3547 X119.38 Y471.58 Z60 E6.67
G1 F3547 X119.38 Y471.58 Z60 E6.67
G1 F3547 X119.38 Y471.58 Z60 E6.67
G1 F3547 X119.38 Y471.58 Z60 E6.67
G1 F3547 X119.38 Y471.58 Z60 E6.67
G1 F3547 X119.38 Y471.58 Z60 E6.67
G1 F3547 X119.38 Y471.58 Z60 E6.67
G1 F3547 X119.38 Y471.58 Z60 E6.67
G1 F3547 X119.38 Y471.58 Z60 E6.67
G1 F3547 X119.38 Y471.58 Z60 E6.67
G1 F3547 X119.38 Y471.58 Z60 E6.67
G1 F3547 X119.38 Y471.58 Z60 E6.67
G1 F3547 X119.38 Y471.58 Z60 E6.67
G1 F3547 X119.38 Y471.58 Z60 E6.67
G1 F3547 X119.38 Y471.58 Z60 E6.67
G1 F3547 X119.38 Y471.58 Z60 E6.67
G1 F3547 X119.38 Y471.58 Z60 E6.67
G1 F3547 X119.38 Y471.58 Z60 E6.67
G1 F3547 X119.38 Y471.58 Z60 E6.67
G1 F3547 X119.38 Y471.58 Z60 E6.67
G1 F3547 X119.38 Y471.58 Z60 E6.67
G1 F3547 X119.38 Y471.58 Z60 E6.67
G1 F3547 X119.38 Y471.58 Z60 E6.67
G1 F3547 X119.38 Y471.58 Z60 E6.67
G1 F3547 X119.38 Y471.58 Z60 E6.67
G1 F3547 X119.38 Y471.58 Z60 E6.67
G1 F3547 X119.38 Y471.58 Z60 E6.67
G1 F3547 X119.38 Y471.58 Z60 E6.67
G1 F3547 X119.38 Y471.58 Z60 E6.67
G1 F3547 X119.38 Y471.58 Z60 E6.67
G1 F3547 X119.38 Y471.58 Z60 E6.67
G1 F3547 X119.38 Y471.58 Z60 E6.67
G1 F3547 X119.38 Y471.58 Z60 E6.67
G1 F3547 X119.38 Y471.58 Z60 E6.67
G1 F3547 X119.38 Y471.58 Z60 E6.67
G1 F3547 X119.38 Y471.58 Z60 E6.67
G1 F3547 X119.38 Y471.58 Z60 E6.67
G1 F3547 X119.38 Y471.58 Z60 E6.67
G1 F3547 X119.38 Y471.58 Z60 E6.67
G1 F3547 X119.38 Y471.58 Z60 E6.67
G1 F3547 X119.38 Y471.58 Z60 E6.67
G1 F3547 X119.38 Y471.58 Z60 E6.67
G1 F3547 X119.38 Y471.58 Z60 E6.67
G1 F3547 X119.38 Y471.58 Z60 E6.67
G1 F3547 X119.38 Y471.58 Z60 E6.67
G1 F3547 X119.38 Y471.58 Z60 E6.67
G1 F3547 X119.38 Y471.58 Z60 E6.67
G1 F3547 X119.38 Y471.58 Z60 E6.67
G1 F3547 X119.38 Y471.58 Z60 E6.67
G1 F3547 X119.38 Y471.58 Z60 E6.67
G1 F3547 X119.38 Y471.58 Z60 E6.67
G1 F3547 X119.38 Y471.58 Z60 E6.67
G1 F3547 X119.38 Y471.58 Z60 E6.67
G1 F3547 X119.38 Y471.58 Z60 E6.67
G1 F3547 X119.38 Y471.58 Z60 E6.67
G1 F3547 X119.38 Y471.58 Z60 E6.67
G1 F3547 X119.38 Y471.58 Z60 E6.67
G1 F3547 X119.38 Y471.58 Z60 E6.67
G1 F3547 X119.38 Y471.58 Z60 E6.67
G1 F3547 X119.38 Y471.58 Z60 E6.67
G1 F3547 X119.38 Y471.58 Z60 E6.67
G1 F3547 X119.38 Y471.58 Z60 E6.67
G1 F3547 X119.38 Y471.58 Z60 E6.67
G1 F3547 X119.38 Y471.58 Z60 E6.67
G1 F3547 X119.38 Y471.58 Z60 E6.67
G1 F3547 X119.38 Y471.58 Z60 E6.67
G1 F3547 X119.38 Y471.58 Z60 E6.67
G1 F3547 X119.38 Y471.58 Z60 E6.67
G1 F3547 X119.38 Y471.58 Z60 E6.67
G1 F3547 X119.38 Y471.58 Z60 E6.67
G1 F3547 X119.38 Y471.58 Z60 E6.67
G1 F3547 X119.38 Y471.58 Z60 E6.67
G1 F3547 X119.38 Y471.58 Z60 E6.67
G1 F3547 X119.38 Y471.58 Z60 E6.67
G1 F3547 X119.38 Y471.58 Z60 E6.67
G1 F3547 X119.38 Y471.58 Z60 E6.67
G1 F3547 X119.38 Y471.58 Z60 E6.67
G1 F3547 X119.38 Y471.58 Z60 E6.67
G1 F3547 X119.38 Y471.58 Z60 E6.67
G1 F3547 X119.38 Y471.58 Z60 E6.67
G1 F3547 X119.38 Y471.58 Z60 E6.67
G1 F3547 X119.38 Y471.58 Z60 E6.67
G1 F3547 X119.38 Y471.58 Z60 E6.67
G1 F3547 X119.38 Y471.58 Z60 E6.67
G1 F3547 X119.38 Y471.58 Z60 E6.67
G1 F3547 X119.38 Y471.58 Z60 E6.67
G1 F3547 X119.38 Y471.58 Z60 E6.67
G1 F3547 X119.38 Y471.58 Z60 E6.67
G1 F3547 X119.38 Y471.58 Z60 E6.67
G1 F3547 X119.38 Y471.58 Z60 E6.67
G1 F3547 X119.38 Y471.58 Z60 E6.67
G1 F3547 X119.38 Y471.58 Z60 E6.67
G1 F3547 X119.38 Y471.58 Z60 E6.67
G1 F3547 X119.38 Y471.58 Z60 E6.67
G1 F3547 X119.38 Y471.58 Z60 E6.67
G1 F3547 X119.38 Y471.58 Z60 E6.67
G1 F3547 X119.38 Y471.58 Z60 E6.67
G1 F3547 X119.38 Y471.58 Z60 E6.67
G1 F3547 X119.38 Y471.58 Z60 E6.67
G1 F3547 X119.38 Y471.58 Z60 E6.67
G1 F3547 X119.38 Y471.58 Z60 E6.67
G1 F3547 X119.38 Y471.58 Z60 E6.67
G1 F3547 X119.38 Y471.58 Z60 E6.67
G1 F3547 X119.38 Y471.58 Z60 E6.67
G1 F3547 X119.38 Y471.58 Z60 E6.67
G1 F3547 X119.38 Y471.58 Z60 E6.67
G1 F3547 X119.38 Y471.58 Z60 E6.67
G1 F3547 X119.38 Y471.58 Z60 E6.67
G1 F3547 X119.38 Y471.58 Z60 E6.67
G1 F3547 X119.38 Y471.58 Z60 E6.67
G1 F3547 X119.38 Y471.58 Z60 E6.67
G1 F3547 X119.38 Y471.58 Z60 E6.67
G1 F3547 X119.38 Y471.58 Z60 E6.67
G1 F3547 X119.38 Y471.58 Z60 E6.67
G1 F3547 X119.38 Y471.58 Z60 E6.67
G1 F3547 X119.38 Y471.58 Z60 E6.67
G1 F3547 X119.38 Y471.58 Z60 E6.67
G1 F3547 X119.38 Y471.58 Z60 E6.67
G1 F3547 X119.38 Y471.58 Z60 E6.67
G1 F3547 X119.38 Y471.58 Z60 E6.67
G1 F3547 X119.38 Y471.58 Z60 E6.67
G1 F3547 X119.38 Y471.58 Z60 E6.67
G1 F3547 X119.38 Y471.58 Z60 E6.67
G1 F3547 X119.38 Y471.58 Z60 E6.67
G1 F3547 X119.38 Y471.58 Z60 E6.67
G1 F3547 X119.38 Y471.58 Z60 E6.67
G1 F3547 X119.38 Y471.58 Z60 E6.67
G1 F3547 X119.38 Y471.58 Z60 E6.67
G1 F3547 X119.38 Y471.58 Z60 E6.67
G1 F3547 X119.38 Y471.58 Z60 E6.67
G1 F3547 X119.38 Y471.58 Z60 E6.67
G1 F3547 X119.38 Y471.58 Z60 E6.67
G1 F3547 X119.38 Y471.58 Z60 E6.67
G1 F3547 X119.38 Y471.58 Z60 E6.67
G1 F3547 X119.38 Y471.58 Z60 E6.67
G1 F3547 X119.38 Y471.58 Z60 E6.67
G1 F3547 X119.38 Y471.58 Z60 E6.67
G1 F3547 X119.38 Y471.58 Z60 E6.67
G1 F3547 X119.38 Y471.58 Z60 E6.67
G1 F3547 X119.38 Y471.58 Z60 E6.67
G1 F3547 X119.38 Y471.58 Z60 E6.67
G1 F3547 X119.38 Y471.58 Z60 E6.67
G1 F3547 X119.38 Y471.58 Z60 E6.67
G1 F3547 X119.38 Y471.58 Z60 E6.67
G1 F3547 X119.38 Y471.58 Z60 E6.67
G1 F3547 X119.38 Y471.58 Z60 E6.67
G1 F3547 X119.38 Y471.58 Z60 E6.67
G1 F3547 X119.38 Y471.58 Z60 E6.67
G1 F3547 X119.38 Y471.58 Z60 E6.67
G1 F3547 X119.38 Y471.58 Z60 E6.67
G1 F3547 X119.38 Y471.58 Z60 E6.67
G1 F3547 X119.38 Y471.58 Z60 E6.67
G1 F3547 X119.38 Y471.58 Z60 E6.67
G1 F3547 X119.38 Y471.58 Z60 E6.67
G1 F3547 X119.38 Y471.58 Z60 E6.67
G1 F3547 X119.38 Y471.58 Z60 E6.67
G1 F3547 X119.38 Y471.58 Z60 E6.67
G1 F3547 X119.38 Y471.58 Z60 E6.67
G1 F3547 X119.38 Y471.58 Z60 E6.67
G1 F3547 X119.38 Y471.58 Z60 E6.67
G1 F3547 X119.38 Y471.58 Z60 E6.67
G1 F3547 X119.38 Y471.58 Z60 E6.67
G1 F3547 X119.38 Y471.58 Z60 E6.67
G1 F3547 X119.38 Y471.58 Z60 E6.67
G1 F3547 X119.38 Y471.58 Z60 E6.67
G1 F3547 X119.38 Y471.58 Z60 E6.67
G1 F3547 X119.38 Y471.58 Z60 E6.67
G1 F3547 X119.38 Y471.58 Z60 E6.67
G1 F3547 X119.38 Y471.58 Z60 E6.67
G1 F3547 X119.38 Y471.58 Z60 E6.67
G1 F3547 X119.38 Y471.58 Z60 E6.67
G1 F3547 X119.38 Y471.58 Z60 E6.67
G1 F3547 X119.38 Y471.58 Z60 E6.67
G1 F3547 X119.38 Y471.58 Z60 E6.67
G1 F3547 X119.38 Y471.58 Z60 E6.67
G1 F3547 X119.38 Y471.58 Z60 E6.67
G1 F3547 X119.38 Y471.58 Z60 E6.67
G1 F3547 X119.38 Y471.58 Z60 E6.67
G1 F3547 X119.38 Y471.58 Z60 E6.67
G1 F3547 X119.38 Y471.58 Z60 E6.67
G1 F3547 X119.38 Y471.58 Z60 E6.67
G1 F3547 X119.38 Y471.58 Z60 E6.67
G1 F3547 X119.38 Y471.58 Z60 E6.67
G1 F3547 X119.38 Y471.58 Z60 E6.67
G1 F3547 X119.38 Y471.58 Z60 E6.67
G1 F3547 X119.38 Y471.58 Z60 E6.67
G1 F3547 X119.38 Y471.58 Z60 E6.67
G1 F3547 X119.38 Y471.58 Z60 E6.67
G1 F3547 X119.38 Y471.58 Z60 E6.67
G1 F3547 X119.38 Y471.58 Z60 E6.67
G1 F3547 X119.38 Y471.58 Z60 E6.67
G1 F3547 X119.38 Y471.58 Z60 E6.67
G1 F3547 X119.38 Y471.58 Z60 E6.67
G1 F3547 X119.38 Y471.58 Z60 E6.67
G1 F3547 X119.38 Y471.58 Z60 E6.67
G1 F3547 X119.38 Y471.58 Z60 E6.67
G1 F3547 X119.38 Y471.58 Z60 E6.67
G1 F3547 X119.38 Y471.58 Z60 E6.67
G1 F3547 X119.38 Y471.58 Z60 E6.67
G1 F3547 X119.38 Y471.58 Z60 E6.67
G1 F3547 X119.38 Y471.58 Z60 E6.67
G1 F3547 X119.38 Y471.58 Z60 E6.67
G1 F3547 X119.38 Y471.58 Z60 E6.67
G1 F3547 X119.38 Y471.58 Z60 E6.67
G1 F3547 X119.38 Y471.58 Z60 E6.67
G1 F3547 X119.38 Y471.58 Z60 E6.67
G1 F3547 X119.38 Y471.58 Z60 E6.67
G1 F3547 X119.38 Y471.58 Z60 E6.67
G1 F3547 X119.38 Y471.58 Z60 E6.67
G1 F3547 X119.38 Y471.58 Z60 E6.67
G1 F3547 X119.38 Y471.58 Z60 E6.67
G1 F3547 X119.38 Y471.58 Z60 E6.67
G1 F3547 X119.38 Y471.58 Z60 E6.67
G1 F3547 X119.38 Y471.58 Z60 E6.67
G1 F3547 X119.38 Y471.58 Z60 E6.67
G1 F3547 X119.38 Y471.58 Z60 E6.67
G1 F3547 X119.38 Y471.58 Z60 E6.67
G1 F3547 X119.38 Y471.58 Z60 E6.67
G1 F3547 X119.38 Y471.58 Z60 E6.67
G1 F3547 X119.38 Y471.58 Z60 E6.67
G1 F3547 X119.38 Y471.58 Z60 E6.67
G1 F3547 X119.38 Y471.58 Z60 E6.67
G1 F3547 X119.38 Y471.58 Z60 E6.67
G1 F3547 X119.38 Y471.58 Z60 E6.67
G1 F3547 X119.38 Y471.58 Z60 E6.67
G1 F3547 X119.38 Y471.58 Z60 E6.67
G1 F3547 X119.38 Y471.58 Z60 E6.67
G1 F3547 X119.38 Y471.58 Z60 E6.67
G1 F3547 X119.38 Y471.58 Z60 E6.67
G1 F3547 X119.38 Y471.58 Z60 E6.67
G1 F3547 X119.38 Y471.58 Z60 E6.67
G1 F3547 X119.38 Y471.58 Z60 E6.67
G1 F3547 X119.38 Y471.58 Z60 E6.67
G1 F3547 X119.38 Y471.58 Z60 E6.67
G1 F3547 X119.38 Y471.58 Z60 E6.67
G1 F3547 X119.38 Y471.58 Z60 E6.67
G1 F3547 X119.38 Y471.58 Z60 E6.67
G1 F3547 X119.38 Y471.58 Z60 E6.67
G1 F3547 X119.38 Y471.58 Z60 E6.67
G1 F3547 X119.38 Y471.58 Z60 E6.67
G1 F3547 X119.38 Y471.58 Z60 E6.67
G1 F3547 X119.38 Y471.58 Z60 E6.67
G1 F3547 X119.38 Y471.58 Z60 E6.67
G1 F3547 X119.38 Y471.58 Z60 E6.67
G1 F3547 X119.38 Y471.58 Z60 E6.67
G1 F3547 X119.38 Y471.58 Z60 E6.67
G1 F3547 X119.38 Y471.58 Z60 E6.67
G1 F3547 X119.38 Y471.58 Z60 E6.67
G1 F3547 X119.38 Y471.58 Z60 E6.67
G1 F3547 X119.38 Y471.58 Z60 E6.67
G1 F3547 X119.38 Y471.58 Z60 E6.67
G1 F3547 X119.38 Y471.58 Z60 E6.67
G1 F3547 X119.38 Y471.58 Z60 E6.67
G1 F3547 X119.38 Y471.58 Z60 E6.67
G1 F3547 X119.38 Y471.58 Z60 E6.67
G1 F3547 X119.38 Y471.58 Z60 E6.67
G1 F3547 X119.38 Y471.58 Z60 E6.67
G1 F3547 X119.38 Y471.58 Z60 E6.67
G1 F3547 X119.38 Y471.58 Z60 E6.67
G1 F3547 X119.38 Y471.58 Z60 E6.67
G1 F3547 X119.38 Y471.58 Z60 E6.67
G1 F3547 X119.38 Y471.58 Z60 E6.67
G1 F3547 X119.38 Y471.58 Z60 E6.67
G1 F3547 X119.38 Y471.58 Z60 E6.67
G1 F3547 X119.38 Y471.58 Z60 E6.67
G1 F3547 X119.38 Y471.58 Z60 E6.67
G1 F3547 X119.38 Y471.58 Z60 E6.67
G1 F3547 X119.38 Y471.58 Z60 E6.67
G1 F3547 X119.38 Y471.58 Z60 E6.67
G1 F3547 X119.38 Y471.58 Z60 E6.67
G1 F3547 X119.38 Y471.58 Z60 E6.67
G1 F3547 X119.38 Y471.58 Z60 E6.67
G1 F3547 X119.38 Y471.58 Z60 E6.67
G1 F3547 X119.38 Y471.58 Z60 E6.67
G1 F3547 X119.38 Y471.58 Z60 E6.67
G1 F3547 X119.38 Y471.58 Z60 E6.67
G1 F3547 X119.38 Y471.58 Z60 E6.67
G1 F3547 X119.38 Y471.58 Z60 E6.67
G1 F3547 X119.38 Y471.58 Z60 E6.67
G1 F3547 X119.38 Y471.58 Z60 E6.67
G1 F3547 X119.38 Y471.58 Z60 E6.67
G1 F3547 X119.38 Y471.58 Z60 E6.67
G1 F3547 X119.38 Y471.58 Z60 E6.67
G1 F3547 X119.38 Y471.58 Z60 E6.67
G1 F3547 X119.38 Y471.58 Z60 E6.67
G1 F3547 X119.38 Y471.58 Z60 E6.67
G1 F3547 X119.38 Y471.58 Z60 E6.67
G1 F3547 X119.38 Y471.58 Z60 E6.67
G1 F3547 X119.38 Y471.58 Z60 E6.67
G1 F3547 X119.38 Y471.58 Z60 E6.67
G1 F3547 X119.38 Y471.58 Z60 E6.67
G1 F3547 X119.38 Y471.58 Z60 E6.67
G1 F3547 X119.38 Y471.58 Z60 E6.67
G1 F3547 X119.38 Y471.58 Z60 E6.67
G1 F3547 X119.38 Y471.58 Z60 E6.67
G1 F3547 X119.38 Y471.58 Z60 E6.67
G1 F3547 X119.38 Y471.58 Z60 E6.67
G1 F3547 X119.38 Y471.58 Z60 E6.67
G1 F3547 X119.38 Y471.58 Z60 E6.67
G1 F3547 X119.38 Y471.58 Z60 E6.67
G1 F3547 X119.38 Y471.58 Z60 E6.67
G1 F3547 X119.38 Y471.58 Z60 E6.67
G1 F3547 X119.38 Y471.58 Z60 E6.67
G1 F3547 X119.38 Y471.58 Z60 E6.67
G1 F3547 X119.38 Y471.58 Z60 E6.67
G1 F3547 X119.38 Y471.58 Z60 E6.67
G1 F3547 X119.38 Y471.58 Z60 E6.67
G1 F3547 X119.38 Y471.58 Z60 E6.67
G1 F3547 X119.38 Y471.58 Z60 E6.67
G1 F3547 X119.38 Y471.58 Z60 E6.67
G1 F3547 X119.38 Y471.58 Z60 E6.67
G1 F3547 X119.38 Y471.58 Z60 E6.67
G1 F3547 X119.38 Y471.58 Z60 E6.67
G1 F3547 X119.38 Y471.58 Z60 E6.67
G1 F3547 X119.38 Y471.58 Z60 E6.67
G1 F3547 X119.38 Y471.58 Z60 E6.67
G1 F3547 X119.38 Y471.58 Z60 E6.67
G1 F3547 X119.38 Y471.58 Z60 E6.67
G1 F3547 X119.38 Y471.58 Z60 E6.67
G1 F3547 X119.38 Y471.58 Z60 E6.67
G1 F3547 X119.38 Y471.58 Z60 E6.67
G1 F3547 X119.38 Y471.58 Z60 E6.67
G1 F3547 X119.38 Y471.58 Z60 E6.67
G1 F3547 X119.38 Y471.58 Z60 E6.67
G1 F3547 X119.38 Y471.58 Z60 E6.67
G1 F3547 X119.38 Y471.58 Z60 E6.67
G1 F3547 X119.38 Y471.58 Z60 E6.67
G1 F3547 X119.38 Y471.58 Z60 E6.67
G1 F3547 X119.38 Y471.58 Z60 E6.67
G1 F3547 X119.38 Y471.58 Z60 E6.67
G1 F3547 X119.38 Y471.58 Z60 E6.67
G1 F3547 X119.38 Y471.58 Z60 E6.67
G1 F3547 X119.38 Y471.58 Z60 E6.67
G1 F3547 X119.38 Y471.58 Z60 E6.67
G1 F3547 X119.38 Y471.58 Z60 E6.67
G1 F3547 X119.38 Y471.58 Z60 E6.67
G1 F3547 X119.38 Y471.58 Z60 E6.67
G1 F3547 X119.38 Y471.58 Z60 E6.67
G1 F3547 X119.38 Y471.58 Z60 E6.67
G1 F3547 X119.38 Y471.58 Z60 E6.67
G1 F3547 X119.38 Y471.58 Z60 E6.67
G1 F3547 X119.38 Y471.58 Z60 E6.67
G1 F3547 X119.38 Y471.58 Z60 E6.67
G1 F3547 X119.38 Y471.58 Z60 E6.67
G1 F3547 X119.38 Y471.58 Z60 E6.67
G1 F3547 X119.38 Y471.58 Z60 E6.67
G1 F3547 X119.38 Y471.58 Z60 E6.67
G1 F3547 X119.38 Y471.58 Z60 E6.67
G1 F3547 X119.38 Y471.58 Z60 E6.67
G1 F3547 X119.38 Y471.58 Z60 E6.67
G1 F3547 X119.38 Y471.58 Z60 E6.67
G1 F3547 X119.38 Y471.58 Z60 E6.67
G1 F3547 X119.38 Y471.58 Z60 E6.67
G1 F3547 X119.38 Y471.58 Z60 E6.67
G1 F3547 X119.38 Y471.58 Z60 E6.67
G1 F3547 X119.38 Y471.58 Z60 E6.67
G1 F3547 X119.38 Y471.58 Z60 E6.67
G1 F3547 X119.38 Y471.58 Z60 E6.67
G1 F3547 X119.38 Y471.58 Z60 E6.67
G1 F3547 X119.38 Y471.58 Z60 E6.67
G1 F3547 X119.38 Y471.58 Z60 E6.67
G1 F3547 X119.38 Y471.58 Z60 E6.67
G1 F3547 X119.38 Y471.58 Z60 E6.67
G1 F3547 X119.38 Y471.58 Z60 E6.67
G1 F3547 X119.38 Y471.58 Z60 E6.67
G1 F3547 X119.38 Y471.58 Z60 E6.67
G1 F3547 X119.38 Y471.58 Z60 E6.67
G1 F3547 X119.38 Y471.58 Z60 E6.67
G1 F3547 X119.38 Y471.58 Z60 E6.67
G1 F3547 X119.38 Y471.58 Z60 E6.67
G1 F3547 X119.38 Y471.58 Z60 E6.67
G1 F3547 X119.38 Y471.58 Z60 E6.67
G1 F3547 X119.38 Y471.58 Z60 E6.67
G1 F3547 X119.38 Y471.58 Z60 E6.67
G1 F3547 X119.38 Y471.58 Z60 E6.67
G1 F3547 X119.38 Y471.58 Z60 E6.67
G1 F3547 X119.38 Y471.58 Z60 E6.67
G1 F3547 X119.38 Y471.58 Z60 E6.67
G1 F3547 X119.38 Y471.58 Z60 E6.67
G1 F3547 X119.38 Y471.58 Z60 E6.67
G1 F3547 X119.38 Y471.58 Z60 E6.67
G1 F3547 X119.38 Y471.58 Z60 E6.67
G1 F3547 X119.38 Y471.58 Z60 E6.67
G1 F3547 X119.38 Y471.58 Z60 E6.67
G1 F3547 X119.38 Y471.58 Z60 E6.67
G1 F3547 X119.38 Y471.58 Z60 E6.67
G1 F3547 X119.38 Y471.58 Z60 E6.67
G1 F3547 X119.38 Y471.58 Z60 E6.67
G1 F3547 X119.38 Y471.58 Z60 E6.67
G1 F3547 X119.38 Y471.58 Z60 E6.67
G1 F3547 X119.38 Y471.58 Z60 E6.67
G1 F3547 X119.38 Y471.58 Z60 E6.67
G1 F3547 X119.38 Y471.58 Z60 E6.67
G1 F3547 X119.38 Y471.58 Z60 E6.67
G1 F3547 X119.38 Y471.58 Z60 E6.67
G1 F3547 X119.38 Y471.58 Z60 E6.67
G1 F3547 X119.38 Y471.58 Z60 E6.67
G1 F3547 X119.38 Y471.58 Z60 E6.67
G1 F3547 X119.38 Y471.58 Z60 E6.67
G1 F3547 X119.38 Y471.58 Z60 E6.67
G1 F3547 X119.38 Y471.58 Z60 E6.67
G1 F3547 X119.38 Y471.58 Z60 E6.67
G1 F3547 X119.38 Y471.58 Z60 E6.67
G1 F3547 X119.38 Y471.58 Z60 E6.67
G1 F3547 X119.38 Y471.58 Z60 E6.67
G1 F3547 X119.38 Y471.58 Z60 E6.67
G1 F3547 X119.38 Y471.58 Z60 E6.67
G1 F3547 X119.38 Y471.58 Z60 E6.67
G1 F3547 X119.38 Y471.58 Z60 E6.67
G1 F3547 X119.38 Y471.58 Z60 E6.67
G1 F3547 X119.38 Y471.58 Z60 E6.67
G1 F3547 X119.38 Y471.58 Z60 E6.67
G1 F3547 X119.38 Y471.58 Z60 E6.67
G1 F3547 X119.38 Y471.58 Z60 E6.67
G1 F3547 X119.38 Y471.58 Z60 E6.67
G1 F3547 X119.38 Y471.58 Z60 E6.67
G1 F3547 X119.38 Y471.58 Z60 E6.67
G1 F3547 X119.38 Y471.58 Z60 E6.67
G1 F3547 X119.38 Y471.58 Z60 E6.67
G1 F3547 X119.38 Y471.58 Z60 E6.67
G1 F3547 X119.38 Y471.58 Z60 E6.67
G1 F3547 X119.38 Y471.58 Z60 E6.67
G1 F3547 X119.38 Y471.58 Z60 E6.67
G1 F3547 X119.38 Y471.58 Z60 E6.67
G1 F3547 X119.38 Y471.58 Z60 E6.67
G1 F3547 X119.38 Y471.58 Z60 E6.67
G1 F3547 X119.38 Y471.58 Z60 E6.67
G1 F3547 X119.38 Y471.58 Z60 E6.67
G1 F3547 X119.38 Y471.58 Z60 E6.67
G1 F3547 X119.38 Y471.58 Z60 E6.67
G1 F3547 X119.38 Y471.58 Z60 E6.67
G1 F3547 X119.38 Y471.58 Z60 E6.67
G1 F3547 X119.38 Y471.58 Z60 E6.67
G1 F3547 X119.38 Y471.58 Z60 E6.67
G1 F3547 X119.38 Y471.58 Z60 E6.67
G1 F3547 X119.38 Y471.58 Z60 E6.67
G1 F3547 X119.38 Y471.58 Z60 E6.67
G1 F3547 X119.38 Y471.58 Z60 E6.67
G1 F3547 X119.38 Y471.58 Z60 E6.67
G1 F3547 X119.38 Y471.58 Z60 E6.67
G1 F3547 X119.38 Y471.58 Z60 E6.67
G1 F3547 X119.38 Y471.58 Z60 E6.67
G1 F3547 X119.38 Y471.58 Z60 E6.67
G1 F3547 X119.38 Y471.58 Z60 E6.67
G1 F3547 X119.38 Y471.58 Z60 E6.67
G1 F3547 X119.38 Y471.58 Z60 E6.67
G1 F3547 X119.38 Y471.58 Z60 E6.67
G1 F3547 X119.38 Y471.58 Z60 E6.67
G1 F3547 X119.38 Y471.58 Z60 E6.67
G1 F3547 X119.38 Y471.58 Z60 E6.67
G1 F3547 X119.38 Y471.58 Z60 E6.67
G1 F3547 X119.38 Y471.58 Z60 E6.67
G1 F3547 X119.38 Y471.58 Z60 E6.67
G1 F3547 X119.38 Y471.58 Z60 E6.67
G1 F3547 X119.38 Y471.58 Z60 E6.67
G1 F3547 X119.38 Y471.58 Z60 E6.67
G1 F3547 X119.38 Y471.58 Z60 E6.67
G1 F3547 X119.38 Y471.58 Z60 E6.67
G1 F3547 X119.38 Y471.58 Z60 E6.67
G1 F3547 X119.38 Y471.58 Z60 E6.67
G1 F3547 X119.38 Y471.58 Z60 E6.67
G1 F3547 X119.38 Y471.58 Z60 E6.67
G1 F3547 X119.38 Y471.58 Z60 E6.67
G1 F3547 X119.38 Y471.58 Z60 E6.67
G1 F3547 X119.38 Y471.58 Z60 E6.67
G1 F3547 X119.38 Y471.58 Z60 E6.67
G1 F3547 X119.38 Y471.58 Z60 E6.67
G1 F3547 X119.38 Y471.58 Z60 E6.67
G1 F3547 X119.38 Y471.58 Z60 E6.67
G1 F3547 X119.38 Y471.58 Z60 E6.67
G1 F3547 X119.38 Y471.58 Z60 E6.67
G1 F3547 X119.38 Y471.58 Z60 E6.67
G1 F3547 X119.38 Y471.58 Z60 E6.67
G1 F3547 X119.38 Y471.58 Z60 E6.67
G1 F3547 X119.38 Y471.58 Z60 E6.67
G1 F3547 X119.38 Y471.58 Z60 E6.67
G1 F3547 X119.38 Y471.58 Z60 E6.67
G1 F3547 X119.38 Y471.58 Z60 E6.67
G1 F3547 X119.38 Y471.58 Z60 E6.67
G1 F3547 X119.38 Y471.58 Z60 E6.67
G1 F3547 X119.38 Y471.58 Z60 E6.67
G1 F3547 X119.38 Y471.58 Z60 E6.67
G1 F3547 X119.38 Y471.58 Z60 E6.67
G1 F3547 X119.38 Y471.58 Z60 E6.67
G1 F3547 X119.38 Y471.58 Z60 E6.67
G1 F3547 X119.38 Y471.58 Z60 E6.67
G1 F3547 X119.38 Y471.58 Z60 E6.67
G1 F3547 X119.38 Y471.58 Z60 E6.67
G1 F3547 X119.38 Y471.58 Z60 E6.67
G1 F3547 X119.38 Y471.58 Z60 E6.67
G1 F3547 X119.38 Y471.58 Z60 E6.67
G1 F3547 X119.38 Y471.58 Z60 E6.67
G1 F3547 X119.38 Y471.58 Z60 E6.67
G1 F3547 X119.38 Y471.58 Z60 E6.67
G1 F3547 X119.38 Y471.58 Z60 E6.67
G1 F3547 X119.38 Y471.58 Z60 E6.67
G1 F3547 X119.38 Y471.58 Z60 E6.67
G1 F3547 X119.38 Y471.58 Z60 E6.67
G1 F3547 X119.38 Y471.58 Z60 E6.67
G1 F3547 X119.38 Y471.58 Z60 E6.67
G1 F3547 X119.38 Y471.58 Z60 E6.67
G1 F3547 X119.38 Y471.58 Z60 E6.67
G1 F3547 X119.38 Y471.58 Z60 E6.67
G1 F3547 X119.38 Y471.58 Z60 E6.67
G1 F3547 X119.38 Y471.58 Z60 E6.67
G1 F3547 X119.38 Y471.58 Z60 E6.67
G1 F3547 X119.38 Y471.58 Z60 E6.67
G1 F3547 X119.38 Y471.58 Z60 E6.67
G1 F3547 X119.38 Y471.58 Z60 E6.67
G1 F3547 X119.38 Y471.58 Z60 E6.67
G1 F3547 X119.38 Y471.58 Z60 E6.67
G1 F3547 X119.38 Y471.58 Z60 E6.67
G1 F3547 X119.38 Y471.58 Z60 E6.67
G1 F3547 X119.38 Y471.58 Z60 E6.67
G1 F3547 X119.38 Y471.58 Z60 E6.67
G1 F3547 X119.38 Y471.58 Z60 E6.67
G1 F3547 X119.38 Y471.58 Z60 E6.67
G1 F3547 X119.38 Y471.58 Z60 E6.67
G1 F3547 X119.38 Y471.58 Z60 E6.67
G1 F3547 X119.38 Y471.58 Z60 E6.67
G1 F3547 X119.38 Y471.58 Z60 E6.67
G1 F3547 X119.38 Y471.58 Z60 E6.67
G1 F3547 X119.38 Y471.58 Z60 E6.67
G1 F3547 X119.38 Y471.58 Z60 E6.67
G1 F3547 X119.38 Y471.58 Z60 E6.67
G1 F3547 X119.38 Y471.58 Z60 E6.67
G1 F3547 X119.38 Y471.58 Z60 E6.67
G1 F3547 X119.38 Y471.58 Z60 E6.67
G1 F3547 X119.38 Y471.58 Z60 E6.67
G1 F3547 X119.38 Y471.58 Z60 E6.67
G1 F3547 X119.38 Y471.58 Z60 E6.67
G1 F3547 X119.38 Y471.58 Z60 E6.67
G1 F3547 X119.38 Y471.58 Z60 E6.67
G1 F3547 X119.38 Y471.58 Z60 E6.67
G1 F3547 X119.38 Y471.58 Z60 E6.67
G1 F3547 X119.38 Y471.58 Z60 E6.67
G1 F3547 X119.38 Y471.58 Z60 E6.67
G1 F3547 X119.38 Y471.58 Z60 E6.67
G1 F3547 X119.38 Y471.58 Z60 E6.67
G1 F3547 X119.38 Y471.58 Z60 E6.67
G1 F3547 X119.38 Y471.58 Z60 E6.67
G1 F3547 X119.38 Y471.58 Z60 E6.67
G1 F3547 X119.38 Y471.58 Z60 E6.67
G1 F3547 X119.38 Y471.58 Z60 E6.67
G1 F3547 X119.38 Y471.58 Z60 E6.67
G1 F3547 X119.38 Y471.58 Z60 E6.67
G1 F3547 X119.38 Y471.58 Z60 E6.67
G1 F3547 X119.38 Y471.58 Z60 E6.67
G1 F3547 X119.38 Y471.58 Z60 E6.67
G1 F3547 X119.38 Y471.58 Z60 E6.67
G1 F3547 X119.38 Y471.58 Z60 E6.67
G1 F3547 X119.38 Y471.58 Z60 E6.67
G1 F3547 X119.38 Y471.58 Z60 E6.67
G1 F3547 X119.38 Y471.58 Z60 E6.67
G1 F3547 X119.38 Y471.58 Z60 E6.67
G1 F3547 X119.38 Y471.58 Z60 E6.67
G1 F3547 X119.38 Y471.58 Z60 E6.67
G1 F3547 X119.38 Y471.58 Z60 E6.67
G1 F3547 X119.38 Y471.58 Z60 E6.67
G1 F3547 X119.38 Y471.58 Z60 E6.67
G1 F3547 X119.38 Y471.58 Z60 E6.67
G1 F3547 X119.38 Y471.58 Z60 E6.67
G1 F3547 X119.38 Y471.58 Z60 E6.67
G1 F3547 X119.38 Y471.58 Z60 E6.67
G1 F3547 X119.38 Y471.58 Z60 E6.67
G1 F3547 X119.38 Y471.58 Z60 E6.67
G1 F3547 X119.38 Y471.58 Z60 E6.67
G1 F3547 X119.38 Y471.58 Z60 E6.67
G1 F3547 X119.38 Y471.58 Z60 E6.67
G1 F3547 X119.38 Y471.58 Z60 E6.67
G1 F3547 X119.38 Y471.58 Z60 E6.67
G1 F3547 X119.38 Y471.58 Z60 E6.67
G1 F3547 X119.38 Y471.58 Z60 E6.67
G1 F3547 X119.38 Y471.58 Z60 E6.67
G1 F3547 X119.38 Y471.58 Z60 E6.67
G1 F3547 X119.38 Y471.58 Z60 E6.67
G1 F3547 X119.38 Y471.58 Z60 E6.67
G1 F3547 X119.38 Y471.58 Z60 E6.67
G1 F3547 X119.38 Y471.58 Z60 E6.67
G1 F3547 X119.38 Y471.58 Z60 E6.67
G1 F3547 X119.38 Y471.58 Z60 E6.67
G1 F3547 X119.38 Y471.58 Z60 E6.67
G1 F3547 X119.38 Y471.58 Z60 E6.67
G1 F3547 X119.38 Y471.58 Z60 E6.67
G1 F3547 X119.38 Y471.58 Z60 E6.67
G1 F3547 X119.38 Y471.58 Z60 E6.67
G1 F3547 X119.38 Y471.58 Z60 E6.67
G1 F3547 X119.38 Y471.58 Z60 E6.67
G1 F3547 X119.38 Y471.58 Z60 E6.67
G1 F3547 X119.38 Y471.58 Z60 E6.67
G1 F3547 X119.38 Y471.58 Z60 E6.67
G1 F3547 X119.38 Y471.58 Z60 E6.67
G1 F3547 X119.38 Y471.58 Z60 E6.67
G1 F3547 X119.38 Y471.58 Z60 E6.67
G1 F3547 X119.38 Y471.58 Z60 E6.67
G1 F3547 X119.38 Y471.58 Z60 E6.67
G1 F3547 X119.38 Y471.58 Z60 E6.67
G1 F3547 X119.38 Y471.58 Z60 E6.67
G1 F3547 X119.38 Y471.58 Z60 E6.67
G1 F3547 X119.38 Y471.58 Z60 E6.67
G1 F3547 X119.38 Y471.58 Z60 E6.67
G1 F3547 X119.38 Y471.58 Z60 E6.67
G1 F3547 X119.38 Y471.58 Z60 E6.67
G1 F3547 X119.38 Y471.58 Z60 E6.67
G1 F3547 X119.38 Y471.58 Z60 E6.67
G1 F3547 X119.38 Y471.58 Z60 E6.67
G1 F3547 X119.38 Y471.58 Z60 E6.67
G1 F3547 X119.38 Y471.58 Z60 E6.67
G1 F3547 X119.38 Y471.58 Z60 E6.67
G1 F3547 X119.38 Y471.58 Z60 E6.67
G1 F3547 X119.38 Y471.58 Z60 E6.67
G1 F3547 X119.38 Y471.58 Z60 E6.67
G1 F3547 X119.38 Y471.58 Z60 E6.67
G1 F3547 X119.38 Y471.58 Z60 E6.67
G1 F3547 X119.38 Y471.58 Z60 E6.67
G1 F3547 X119.38 Y471.58 Z60 E6.67
G1 F3547 X119.38 Y471.58 Z60 E6.67
G1 F3547 X119.38 Y471.58 Z60 E6.67
G1 F3547 X119.38 Y471.58 Z60 E6.67
G1 F3547 X119.38 Y471.58 Z60 E6.67
G1 F3547 X119.38 Y471.58 Z60 E6.67
G1 F3547 X119.38 Y471.58 Z60 E6.67
G1 F3547 X119.38 Y471.58 Z60 E6.67
G1 F3547 X119.38 Y471.58 Z60 E6.67
G1 F3547 X119.38 Y471.58 Z60 E6.67
G1 F3547 X119.38 Y471.58 Z60 E6.67
G1 F3547 X119.38 Y471.58 Z60 E6.67
G1 F3547 X119.38 Y471.58 Z60 E6.67
G1 F3547 X119.38 Y471.58 Z60 E6.67
G1 F3547 X119.38 Y471.58 Z60 E6.67
G1 F3547 X119.38 Y471.58 Z60 E6.67
G1 F3547 X119.38 Y471.58 Z60 E6.67
G1 F3547 X119.38 Y471.58 Z60 E6.67
G1 F3547 X119.38 Y471.58 Z60 E6.67
G1 F3547 X119.38 Y471.58 Z60 E6.67
G1 F3547 X119.38 Y471.58 Z60 E6.67
G1 F3547 X119.38 Y471.58 Z60 E6.67
G1 F3547 X119.38 Y471.58 Z60 E6.67
G1 F3547 X119.38 Y471.58 Z60 E6.67
G1 F3547 X119.38 Y471.58 Z60 E6.67
G1 F3547 X119.38 Y471.58 Z60 E6.67
G1 F3547 X119.38 Y471.58 Z60 E6.67
G1 F3547 X119.38 Y471.58 Z60 E6.67
G1 F3547 X119.38 Y471.58 Z60 E6.67
G1 F3547 X119.38 Y471.58 Z60 E6.67
G1 F3547 X119.38 Y471.58 Z60 E6.67
G1 F3547 X119.38 Y471.58 Z60 E6.67
G1 F3547 X119.38 Y471.58 Z60 E6.67
G1 F3547 X119.38 Y471.58 Z60 E6.67
G1 F3547 X119.38 Y471.58 Z60 E6.67
G1 F3547 X119.38 Y471.58 Z60 E6.67
G1 F3547 X119.38 Y471.58 Z60 E6.67
G1 F3547 X119.38 Y471.58 Z60 E6.67
G1 F3547 X119.38 Y471.58 Z60 E6.67
G1 F3547 X119.38 Y471.58 Z60 E6.67
G1 F3547 X119.38 Y471.58 Z60 E6.67
G1 F3547 X119.38 Y471.58 Z60 E6.67
G1 F3547 X119.38 Y471.58 Z60 E6.67
G1 F3547 X119.38 Y471.58 Z60 E6.67
G1 F3547 X119.38 Y471.58 Z60 E6.67
G1 F3547 X119.38 Y471.58 Z60 E6.67
G1 F3547 X119.38 Y471.58 Z60 E6.67
G1 F3547 X119.38 Y471.58 Z60 E6.67
G1 F3547 X119.38 Y471.58 Z60 E6.67
G1 F3547 X119.38 Y471.58 Z60 E6.67
G1 F3547 X119.38 Y471.58 Z60 E6.67
G1 F3547 X119.38 Y471.58 Z60 E6.67
G1 F3547 X119.38 Y471.58 Z60 E6.67
G1 F3547 X119.38 Y471.58 Z60 E6.67
G1 F3547 X119.38 Y471.58 Z60 E6.67
G1 F3547 X119.38 Y471.58 Z60 E6.67
G1 F3547 X119.38 Y471.58 Z60 E6.67
G1 F3547 X119.38 Y471.58 Z60 E6.67
G1 F3547 X119.38 Y471.58 Z60 E6.67
G1 F3547 X119.38 Y471.58 Z60 E6.67
G1 F3547 X119.38 Y471.58 Z60 E6.67
G1 F3547 X119.38 Y471.58 Z60 E6.67
G1 F3547 X119.38 Y471.58 Z60 E6.67
G1 F3547 X119.38 Y471.58 Z60 E6.67
G1 F3547 X119.38 Y471.58 Z60 E6.67
G1 F3547 X119.38 Y471.58 Z60 E6.67
G1 F3547 X119.38 Y471.58 Z60 E6.67
G1 F3547 X119.38 Y471.58 Z60 E6.67
G1 F3547 X119.38 Y471.58 Z60 E6.67
G1 F3547 X119.38 Y471.58 Z60 E6.67
G1 F3547 X119.38 Y471.58 Z60 E6.67
G1 F3547 X119.38 Y471.58 Z60 E6.67
G1 F3547 X119.38 Y471.58 Z60 E6.67
G1 F3547 X119.38 Y471.58 Z60 E6.67
G1 F3547 X119.38 Y471.58 Z60 E6.67
G1 F3547 X119.38 Y471.58 Z60 E6.67
G1 F3547 X119.38 Y471.58 Z60 E6.67
G1 F3547 X119.38 Y471.58 Z60 E6.67
G1 F3547 X119.38 Y471.58 Z60 E6.67
G1 F3547 X119.38 Y471.58 Z60 E6.67
G1 F3547 X119.38 Y471.58 Z60 E6.67
G1 F3547 X119.38 Y471.58 Z60 E6.67
G1 F3547 X119.38 Y471.58 Z60 E6.67
G1 F3547 X119.38 Y471.58 Z60 E6.67
G1 F3547 X119.38 Y471.58 Z60 E6.67
G1 F3547 X119.38 Y471.58 Z60 E6.67
G1 F3547 X119.38 Y471.58 Z60 E6.67
G1 F3547 X119.38 Y471.58 Z60 E6.67
G1 F3547 X119.38 Y471.58 Z60 E6.67
G1 F3547 X119.38 Y471.58 Z60 E6.67
G1 F3547 X119.38 Y471.58 Z60 E6.67
G1 F3547 X119.38 Y471.58 Z60 E6.67
G1 F3547 X119.38 Y471.58 Z60 E6.67
G1 F3547 X119.38 Y471.58 Z60 E6.67
G1 F3547 X119.38 Y471.58 Z60 E6.67
G1 F3547 X119.38 Y471.58 Z60 E6.67
G1 F3547 X119.38 Y471.58 Z60 E6.67
G1 F3547 X119.38 Y471.58 Z60 E6.67
G1 F3547 X119.38 Y471.58 Z60 E6.67
G1 F3547 X119.38 Y471.58 Z60 E6.67
G1 F3547 X119.38 Y471.58 Z60 E6.67
G1 F3547 X119.38 Y471.58 Z60 E6.67
G1 F3547 X119.38 Y471.58 Z60 E6.67
G1 F3547 X119.38 Y471.58 Z60 E6.67
G1 F3547 X119.38 Y471.58 Z60 E6.67
G1 F3547 X119.38 Y471.58 Z60 E6.67
G1 F3547 X119.38 Y471.58 Z60 E6.67
G1 F3547 X119.38 Y471.58 Z60 E6.67
G1 F3547 X119.38 Y471.58 Z60 E6.67
G1 F3547 X119.38 Y471.58 Z60 E6.67
G1 F3547 X119.38 Y471.58 Z60 E6.67
G1 F3547 X119.38 Y471.58 Z60 E6.67
G1 F3547 X119.38 Y471.58 Z60 E6.67
G1 F3547 X119.38 Y471.58 Z60 E6.67
G1 F3547 X119.38 Y471.58 Z60 E6.67
G1 F3547 X119.38 Y471.58 Z60 E6.67
G1 F3547 X119.38 Y471.58 Z60 E6.67
G1 F3547 X119.38 Y471.58 Z60 E6.67
G1 F3547 X119.38 Y471.58 Z60 E6.67
G1 F3547 X119.38 Y471.58 Z60 E6.67
G1 F3547 X119.38 Y471.58 Z60 E6.67
G1 F3547 X119.38 Y471.58 Z60 E6.67
G1 F3547 X119.38 Y471.58 Z60 E6.67
G1 F3547 X119.38 Y471.58 Z60 E6.67
G1 F3547 X119.38 Y471.58 Z60 E6.67
G1 F3547 X119.38 Y471.58 Z60 E6.67
G1 F3547 X119.38 Y471.58 Z60 E6.67
G1 F3547 X119.38 Y471.58 Z60 E6.67
G1 F3547 X119.38 Y471.58 Z60 E6.67
G1 F3547 X119.38 Y471.58 Z60 E6.67
G1 F3547 X119.38 Y471.58 Z60 E6.67
G1 F3547 X119.38 Y471.58 Z60 E6.67
G1 F3547 X119.38 Y471.58 Z60 E6.67
G1 F3547 X119.38 Y471.58 Z60 E6.67
G1 F3547 X119.38 Y471.58 Z60 E6.67
G1 F3547 X119.38 Y471.58 Z60 E6.67
G1 F3547 X119.38 Y471.58 Z60 E6.67
G1 F3547 X119.38 Y471.58 Z60 E6.67
G1 F3547 X119.38 Y471.58 Z60 E6.67
G1 F3547 X119.38 Y471.58 Z60 E6.67
G1 F3547 X119.38 Y471.58 Z60 E6.67
G1 F3547 X119.38 Y471.58 Z60 E6.67
G1 F3547 X119.38 Y471.58 Z60 E6.67
G1 F3547 X119.38 Y471.58 Z60 E6.67
G1 F3547 X119.38 Y471.58 Z60 E6.67
G1 F3547 X119.38 Y471.58 Z60 E6.67
G1 F3547 X119.38 Y471.58 Z60 E6.67
G1 F3547 X119.38 Y471.58 Z60 E6.67
G1 F3547 X119.38 Y471.58 Z60 E6.67
G1 F3547 X119.38 Y471.58 Z60 E6.67
G1 F3547 X119.38 Y471.58 Z60 E6.67
G1 F3547 X119.38 Y471.58 Z60 E6.67
G1 F3547 X119.38 Y471.58 Z60 E6.67
G1 F3547 X119.38 Y471.58 Z60 E6.67
G1 F3547 X119.38 Y471.58 Z60 E6.67
G1 F3547 X119.38 Y471.58 Z60 E6.67
G1 F3547 X119.38 Y471.58 Z60 E6.67
G1 F3547 X119.38 Y471.58 Z60 E6.67
G1 F3547 X119.38 Y471.58 Z60 E6.67
G1 F3547 X119.38 Y471.58 Z60 E6.67
G1 F3547 X119.38 Y471.58 Z60 E6.67
G1 F3547 X119.38 Y471.58 Z60 E6.67
G1 F3547 X119.38 Y471.58 Z60 E6.67
G1 F3547 X119.38 Y471.58 Z60 E6.67
G1 F3547 X119.38 Y471.58 Z60 E6.67
G1 F3547 X119.38 Y471.58 Z60 E6.67
G1 F3547 X119.38 Y471.58 Z60 E6.67
G1 F3547 X119.38 Y471.58 Z60 E6.67
G1 F3547 X119.38 Y471.58 Z60 E6.67
G1 F3547 X119.38 Y471.58 Z60 E6.67
G1 F3547 X119.38 Y471.58 Z60 E6.67
G1 F3547 X119.38 Y471.58 Z60 E6.67
G1 F3547 X119.38 Y471.58 Z60 E6.67
G1 F3547 X119.38 Y471.58 Z60 E6.67
G1 F3547 X119.38 Y471.58 Z60 E6.67
G1 F3547 X119.38 Y471.58 Z60 E6.67
G1 F3547 X119.38 Y471.58 Z60 E6.67
G1 F3547 X119.38 Y471.58 Z60 E6.67
G1 F3547 X119.38 Y471.58 Z60 E6.67
G1 F3547 X119.38 Y471.58 Z60 E6.67
G1 F3547 X119.38 Y471.58 Z60 E6.67
G1 F3547 X119.38 Y471.58 Z60 E6.67
G1 F3547 X119.38 Y471.58 Z60 E6.67
G1 F3547 X119.38 Y471.58 Z60 E6.67
G1 F3547 X119.38 Y471.58 Z60 E6.67
G1 F3547 X119.38 Y471.58 Z60 E6.67
G1 F3547 X119.38 Y471.58 Z60 E6.67
G1 F3547 X119.38 Y471.58 Z60 E6.67
G1 F3547 X119.38 Y471.58 Z60 E6.67
G1 F3547 X119.38 Y471.58 Z60 E6.67
G1 F3547 X119.38 Y471.58 Z60 E6.67
G1 F3547 X119.38 Y471.58 Z60 E6.67
G1 F3547 X119.38 Y471.58 Z60 E6.67
G1 F3547 X119.38 Y471.58 Z60 E6.67
G1 F3547 X119.38 Y471.58 Z60 E6.67
G1 F3547 X119.38 Y471.58 Z60 E6.67
G1 F3547 X119.38 Y471.58 Z60 E6.67
G1 F3547 X119.38 Y471.58 Z60 E6.67
G1 F3547 X119.38 Y471.58 Z60 E6.67
G1 F3547 X119.38 Y471.58 Z60 E6.67
G1 F3547 X119.38 Y471.58 Z60 E6.67
G1 F3547 X119.38 Y471.58 Z60 E6.67
G1 F3547 X119.38 Y471.58 Z60 E6.67
G1 F3547 X119.38 Y471.58 Z60 E6.67
G1 F3547 X119.38 Y471.58 Z60 E6.67
G1 F3547 X119.38 Y471.58 Z60 E6.67
G1 F3547 X119.38 Y471.58 Z60 E6.67
G1 F3547 X119.38 Y471.58 Z60 E6.67
G1 F3547 X119.38 Y471.58 Z60 E6.67
G1 F3547 X119.38 Y471.58 Z60 E6.67
G1 F3547 X119.38 Y471.58 Z60 E6.67
G1 F3547 X119.38 Y471.58 Z60 E6.67
G1 F3547 X119.38 Y471.58 Z60 E6.67
G1 F3547 X119.38 Y471.58 Z60 E6.67
G1 F3547 X119.38 Y471.58 Z60 E6.67
G1 F3547 X119.38 Y471.58 Z60 E6.67
G1 F3547 X119.38 Y471.58 Z60 E6.67
G1 F3547 X119.38 Y471.58 Z60 E6.67
G1 F3547 X119.38 Y471.58 Z60 E6.67
G1 F3547 X119.38 Y471.58 Z60 E6.67
G1 F3547 X119.38 Y471.58 Z60 E6.67
G1 F3547 X119.38 Y471.58 Z60 E6.67
G1 F3547 X119.38 Y471.58 Z60 E6.67
G1 F3547 X119.38 Y471.58 Z60 E6.67
G1 F3547 X119.38 Y471.58 Z60 E6.67
G1 F3547 X119.38 Y471.58 Z60 E6.67
G1 F3547 X119.38 Y471.58 Z60 E6.67
G1 F3547 X119.38 Y471.58 Z60 E6.67
G1 F3547 X119.38 Y471.58 Z60 E6.67
G1 F3547 X119.38 Y471.58 Z60 E6.67
G1 F3547 X119.38 Y471.58 Z60 E6.67
G1 F3547 X119.38 Y471.58 Z60 E6.67
G1 F3547 X119.38 Y471.58 Z60 E6.67
G1 F3547 X119.38 Y471.58 Z60 E6.67
G1 F3547 X119.38 Y471.58 Z60 E6.67
G1 F3547 X119.38 Y471.58 Z60 E6.67
G1 F3547 X119.38 Y471.58 Z60 E6.67
G1 F3547 X119.38 Y471.58 Z60 E6.67
G1 F3547 X119.38 Y471.58 Z60 E6.67
G1 F3547 X119.38 Y471.58 Z60 E6.67
G1 F3547 X119.38 Y471.58 Z60 E6.67
G1 F3547 X119.38 Y471.58 Z60 E6.67
G1 F3547 X119.38 Y471.58 Z60 E6.67
G1 F3547 X119.38 Y471.58 Z60 E6.67
G1 F3547 X119.38 Y471.58 Z60 E6.67
G1 F3547 X119.38 Y471.58 Z60 E6.67
G1 F3547 X119.38 Y471.58 Z60 E6.67
G1 F3547 X119.38 Y471.58 Z60 E6.67
G1 F3547 X119.38 Y471.58 Z60 E6.67
G1 F3547 X119.38 Y471.58 Z60 E6.67
G1 F3547 X119.38 Y471.58 Z60 E6.67
G1 F3547 X119.38 Y471.58 Z60 E6.67
G1 F3547 X119.38 Y471.58 Z60 E6.67
G1 F3547 X119.38 Y471.58 Z60 E6.67
G1 F3547 X119.38 Y471.58 Z60 E6.67
G1 F3547 X119.38 Y471.58 Z60 E6.67
G1 F3547 X119.38 Y471.58 Z60 E6.67
G1 F3547 X119.38 Y471.58 Z60 E6.67
G1 F3547 X119.38 Y471.58 Z60 E6.67
G1 F3547 X119.38 Y471.58 Z60 E6.67
G1 F3547 X119.38 Y471.58 Z60 E6.67
G1 F3547 X119.38 Y471.58 Z60 E6.67
G1 F3547 X119.38 Y471.58 Z60 E6.67
G1 F3547 X119.38 Y471.58 Z60 E6.67
G1 F3547 X119.38 Y471.58 Z60 E6.67
G1 F3547 X119.38 Y471.58 Z60 E6.67
G1 F3547 X119.38 Y471.58 Z60 E6.67
G1 F3547 X119.38 Y471.58 Z60 E6.67
G1 F3547 X119.38 Y471.58 Z60 E6.67
G1 F3547 X119.38 Y471.58 Z60 E6.67
G1 F3547 X119.38 Y471.58 Z60 E6.67
G1 F3547 X119.38 Y471.58 Z60 E6.67
G1 F3547 X119.38 Y471.58 Z60 E6.67
G1 F3547 X119.38 Y471.58 Z60 E6.67
G1 F3547 X119.38 Y471.58 Z60 E6.67
G1 F3547 X119.38 Y471.58 Z60 E6.67
G1 F3547 X119.38 Y471.58 Z60 E6.67
G1 F3547 X119.38 Y471.58 Z60 E6.67
G1 F3547 X119.38 Y471.58 Z60 E6.67
G1 F3547 X119.38 Y471.58 Z60 E6.67
G1 F3547 X119.38 Y471.58 Z60 E6.67
G1 F3547 X119.38 Y471.58 Z60 E6.67
G1 F3547 X119.38 Y471.58 Z60 E6.67
G1 F3547 X119.38 Y471.58 Z60 E6.67
G1 F3547 X119.38 Y471.58 Z60 E6.67
G1 F3547 X119.38 Y471.58 Z60 E6.67
G1 F3547 X119.38 Y471.58 Z60 E6.67
G1 F3547 X119.38 Y471.58 Z60 E6.67
G1 F3547 X119.38 Y471.58 Z60 E6.67
G1 F3547 X119.38 Y471.58 Z60 E6.67
G1 F3547 X119.38 Y471.58 Z60 E6.67
G1 F3547 X119.38 Y471.58 Z60 E6.67
G1 F3547 X119.38 Y471.58 Z60 E6.67
G1 F3547 X119.38 Y471.58 Z60 E6.67
G1 F3547 X119.38 Y471.58 Z60 E6.67
G1 F3547 X119.38 Y471.58 Z60 E6.67
G1 F3547 X119.38 Y471.58 Z60 E6.67
G1 F3547 X119.38 Y471.58 Z60 E6.67
G1 F3547 X119.38 Y471.58 Z60 E6.67
G1 F3547 X119.38 Y471.58 Z60 E6.67
G1 F3547 X119.38 Y471.58 Z60 E6.67
G1 F3547 X119.38 Y471.58 Z60 E6.67
G1 F3547 X119.38 Y471.58 Z60 E6.67
G1 F3547 X119.38 Y471.58 Z60 E6.67
G1 F3547 X119.38 Y471.58 Z60 E6.67
G1 F3547 X119.38 Y471.58 Z60 E6.67
G1 F3547 X119.38 Y471.58 Z60 E6.67
G1 F3547 X119.38 Y471.58 Z60 E6.67
G1 F3547 X119.38 Y471.58 Z60 E6.67
G1 F3547 X119.38 Y471.58 Z60 E6.67
G1 F3547 X119.38 Y471.58 Z60 E6.67
G1 F3547 X119.38 Y471.58 Z60 E6.67
G1 F3547 X119.38 Y471.58 Z60 E6.67
G1 F3547 X119.38 Y471.58 Z60 E6.67
G1 F3547 X119.38 Y471.58 Z60 E6.67
G1 F3547 X119.38 Y471.58 Z60 E6.67
G1 F3547 X119.38 Y471.58 Z60 E6.67
G1 F3547 X119.38 Y471.58 Z60 E6.67
G1 F3547 X119.38 Y471.58 Z60 E6.67
G1 F3547 X119.38 Y471.58 Z60 E6.67
G1 F3547 X119.38 Y471.58 Z60 E6.67
G1 F3547 X119.38 Y471.58 Z60 E6.67
G1 F3547 X119.38 Y471.58 Z60 E6.67
G1 F3547 X119.38 Y471.58 Z60 E6.67
G1 F3547 X119.38 Y471.58 Z60 E6.67
G1 F3547 X119.38 Y471.58 Z60 E6.67
G1 F3547 X119.38 Y471.58 Z60 E6.67
G1 F3547 X119.38 Y471.58 Z60 E6.67
G1 F3547 X119.38 Y471.58 Z60 E6.67
G1 F3547 X119.38 Y471.58 Z60 E6.67
G1 F3547 X119.38 Y471.58 Z60 E6.67
G1 F3547 X119.38 Y471.58 Z60 E6.67
G1 F3547 X119.38 Y471.58 Z60 E6.67
G1 F3547 X119.38 Y471.58 Z60 E6.67
G1 F3547 X119.38 Y471.58 Z60 E6.67
G1 F3547 X119.38 Y471.58 Z60 E6.67
G1 F3547 X119.38 Y471.58 Z60 E6.67
G1 F3547 X119.38 Y471.58 Z60 E6.67
G1 F3547 X119.38 Y471.58 Z60 E6.67
G1 F3547 X119.38 Y471.58 Z60 E6.67
G1 F3547 X119.38 Y471.58 Z60 E6.67
G1 F3547 X119.38 Y471.58 Z60 E6.67
G1 F3547 X119.38 Y471.58 Z60 E6.67
G1 F3547 X119.38 Y471.58 Z60 E6.67
G1 F3547 X119.38 Y471.58 Z60 E6.67
G1 F3547 X119.38 Y471.58 Z60 E6.67
G1 F3547 X119.38 Y471.58 Z60 E6.67
G1 F3547 X119.38 Y471.58 Z60 E6.67
G1 F3547 X119.38 Y471.58 Z60 E6.67
G1 F3547 X119.38 Y471.58 Z60 E6.67
G1 F3547 X119.38 Y471.58 Z60 E6.67
G1 F3547 X119.38 Y471.58 Z60 E6.67
G1 F3547 X119.38 Y471.58 Z60 E6.67
G1 F3547 X119.38 Y471.58 Z60 E6.67
G1 F3547 X119.38 Y471.58 Z60 E6.67
G1 F3547 X119.38 Y471.58 Z60 E6.67
G1 F3547 X119.38 Y471.58 Z60 E6.67
G1 F3547 X119.38 Y471.58 Z60 E6.67
G1 F3547 X119.38 Y471.58 Z60 E6.67
G1 F3547 X119.38 Y471.58 Z60 E6.67
G1 F3547 X119.38 Y471.58 Z60 E6.67
G1 F3547 X119.38 Y471.58 Z60 E6.67
G1 F3547 X119.38 Y471.58 Z60 E6.67
G1 F3547 X119.38 Y471.58 Z60 E6.67
G1 F3547 X119.38 Y471.58 Z60 E6.67
G1 F3547 X119.38 Y471.58 Z60 E6.67
G1 F3547 X119.38 Y471.58 Z60 E6.67
G1 F3547 X119.38 Y471.58 Z60 E6.67
G1 F3547 X119.38 Y471.58 Z60 E6.67
G1 F3547 X119.38 Y471.58 Z60 E6.67
G1 F3547 X119.38 Y471.58 Z60 E6.67
G1 F3547 X119.38 Y471.58 Z60 E6.67
G1 F3547 X119.38 Y471.58 Z60 E6.67
G1 F3547 X119.38 Y471.58 Z60 E6.67
G1 F3547 X119.38 Y471.58 Z60 E6.67
G1 F3547 X119.38 Y471.58 Z60 E6.67
G1 F3547 X119.38 Y471.58 Z60 E6.67
G1 F3547 X119.38 Y471.58 Z60 E6.67
G1 F3547 X119.38 Y471.58 Z60 E6.67
G1 F3547 X119.38 Y471.58 Z60 E6.67
G1 F3547 X119.38 Y471.58 Z60 E6.67
G1 F3547 X119.38 Y471.58 Z60 E6.67
G1 F3547 X119.38 Y471.58 Z60 E6.67
G1 F3547 X119.38 Y471.58 Z60 E6.67
G1 F3547 X119.38 Y471.58 Z60 E6.67
G1 F3547 X119.38 Y471.58 Z60 E6.67
G1 F3547 X119.38 Y471.58 Z60 E6.67
G1 F3547 X119.38 Y471.58 Z60 E6.67
G1 F3547 X119.38 Y471.58 Z60 E6.67
G1 F3547 X119.38 Y471.58 Z60 E6.67
G1 F3547 X119.38 Y471.58 Z60 E6.67
G1 F3547 X119.38 Y471.58 Z60 E6.67
G1 F3547 X119.38 Y471.58 Z60 E6.67
G1 F3547 X119.38 Y471.58 Z60 E6.67
G1 F3547 X119.38 Y471.58 Z60 E6.67
G1 F3547 X119.38 Y471.58 Z60 E6.67
G1 F3547 X119.38 Y471.58 Z60 E6.67
G1 F3547 X119.38 Y471.58 Z60 E6.67
G1 F3547 X119.38 Y471.58 Z60 E6.67
G1 F3547 X119.38 Y471.58 Z60 E6.67
G1 F3547 X119.38 Y471.58 Z60 E6.67
G1 F3547 X119.38 Y471.58 Z60 E6.67
G1 F3547 X119.38 Y471.58 Z60 E6.67
G1 F3547 X119.38 Y471.58 Z60 E6.67
G1 F3547 X119.38 Y471.58 Z60 E6.67
G1 F3547 X119.38 Y471.58 Z60 E6.67
G1 F3547 X119.38 Y471.58 Z60 E6.67
G1 F3547 X119.38 Y471.58 Z60 E6.67
G1 F3547 X119.38 Y471.58 Z60 E6.67
G1 F3547 X119.38 Y471.58 Z60 E6.67
G1 F3547 X119.38 Y471.58 Z60 E6.67
G1 F3547 X119.38 Y471.58 Z60 E6.67
G1 F3547 X119.38 Y471.58 Z60 E6.67
G1 F3547 X119.38 Y471.58 Z60 E6.67
G1 F3547 X119.38 Y471.58 Z60 E6.67
G1 F3547 X119.38 Y471.58 Z60 E6.67
G1 F3547 X119.38 Y471.58 Z60 E6.67
G1 F3547 X119.38 Y471.58 Z60 E6.67
G1 F3547 X119.38 Y471.58 Z60 E6.67
G1 F3547 X119.38 Y471.58 Z60 E6.67
G1 F3547 X119.38 Y471.58 Z60 E6.67
G1 F3547 X119.38 Y471.58 Z60 E6.67
G1 F3547 X119.38 Y471.58 Z60 E6.67
G1 F3547 X119.38 Y471.58 Z60 E6.67
G1 F3547 X119.38 Y471.58 Z60 E6.67
G1 F3547 X119.38 Y471.58 Z60 E6.67
G1 F3547 X119.38 Y471.58 Z60 E6.67
G1 F3547 X119.38 Y471.58 Z60 E6.67
G1 F3547 X119.38 Y471.58 Z60 E6.67
G1 F3547 X119.38 Y471.58 Z60 E6.67
G1 F3547 X119.38 Y471.58 Z60 E6.67
G1 F3547 X119.38 Y471.58 Z60 E6.67
G1 F3547 X119.38 Y471.58 Z60 E6.67
G1 F3547 X119.38 Y471.58 Z60 E6.67
G1 F3547 X119.38 Y471.58 Z60 E6.67
G1 F3547 X119.38 Y471.58 Z60 E6.67
G1 F3547 X119.38 Y471.58 Z60 E6.67
G1 F3547 X119.38 Y471.58 Z60 E6.67
G1 F3547 X119.38 Y471.58 Z60 E6.67
G1 F3547 X119.38 Y471.58 Z60 E6.67
G1 F3547 X119.38 Y471.58 Z60 E6.67
G1 F3547 X119.38 Y471.58 Z60 E6.67
G1 F3547 X119.38 Y471.58 Z60 E6.67
G1 F3547 X119.38 Y471.58 Z60 E6.67
G1 F3547 X119.38 Y471.58 Z60 E6.67
G1 F3547 X119.38 Y471.58 Z60 E6.67
G1 F3547 X119.38 Y471.58 Z60 E6.67
G1 F3547 X119.38 Y471.58 Z60 E6.67
G1 F3547 X119.38 Y471.58 Z60 E6.67
G1 F3547 X119.38 Y471.58 Z60 E6.67
G1 F3547 X119.38 Y471.58 Z60 E6.67
G1 F3547 X119.38 Y471.58 Z60 E6.67
G1 F3547 X119.38 Y471.58 Z60 E6.67
G1 F3547 X119.38 Y471.58 Z60 E6.67
G1 F3547 X119.38 Y471.58 Z60 E6.67
G1 F3547 X119.38 Y471.58 Z60 E6.67
G1 F3547 X119.38 Y471.58 Z60 E6.67
G1 F3547 X119.38 Y471.58 Z60 E6.67
G1 F3547 X119.38 Y471.58 Z60 E6.67
G1 F3547 X119.38 Y471.58 Z60 E6.67
G1 F3547 X119.38 Y471.58 Z60 E6.67
G1 F3547 X119.38 Y471.58 Z60 E6.67
G1 F3547 X119.38 Y471.58 Z60 E6.67
G1 F3547 X119.38 Y471.58 Z60 E6.67
G1 F3547 X119.38 Y471.58 Z60 E6.67
G1 F3547 X119.38 Y471.58 Z60 E6.67
G1 F3547 X119.38 Y471.58 Z60 E6.67
G1 F3547 X119.38 Y471.58 Z60 E6.67
G1 F3547 X119.38 Y471.58 Z60 E6.67
G1 F3547 X119.38 Y471.58 Z60 E6.67
G1 F3547 X119.38 Y471.58 Z60 E6.67
G1 F3547 X119.38 Y471.58 Z60 E6.67
G1 F3547 X119.38 Y471.58 Z60 E6.67
G1 F3547 X119.38 Y471.58 Z60 E6.67
G1 F3547 X119.38 Y471.58 Z60 E6.67
G1 F3547 X119.38 Y471.58 Z60 E6.67
G1 F3547 X119.38 Y471.58 Z60 E6.67
G1 F3547 X119.38 Y471.58 Z60 E6.67
G1 F3547 X119.38 Y471.58 Z60 E6.67
G1 F3547 X119.38 Y471.58 Z60 E6.67
G1 F3547 X119.38 Y471.58 Z60 E6.67
G1 F3547 X119.38 Y471.58 Z60 E6.67
G1 F3547 X119.38 Y471.58 Z60 E6.67
G1 F3547 X119.38 Y471.58 Z60 E6.67
G1 F3547 X119.38 Y471.58 Z60 E6.67
G1 F3547 X119.38 Y471.58 Z60 E6.67
G1 F3547 X119.38 Y471.58 Z60 E6.67
G1 F3547 X119.38 Y471.58 Z60 E6.67
G1 F3547 X119.38 Y471.58 Z60 E6.67
G1 F3547 X119.38 Y471.58 Z60 E6.67
G1 F3547 X119.38 Y471.58 Z60 E6.67
G1 F3547 X119.38 Y471.58 Z60 E6.67
G1 F3547 X119.38 Y471.58 Z60 E6.67
G1 F3547 X119.38 Y471.58 Z60 E6.67
G1 F3547 X119.38 Y471.58 Z60 E6.67
G1 F3547 X119.38 Y471.58 Z60 E6.67
G1 F3547 X119.38 Y471.58 Z60 E6.67
G1 F3547 X119.38 Y471.58 Z60 E6.67
G1 F3547 X119.38 Y471.58 Z60 E6.67
G1 F3547 X119.38 Y471.58 Z60 E6.67
G1 F3547 X119.38 Y471.58 Z60 E6.67
G1 F3547 X119.38 Y471.58 Z60 E6.67
G1 F3547 X119.38 Y471.58 Z60 E6.67
G1 F3547 X119.38 Y471.58 Z60 E6.67
G1 F3547 X119.38 Y471.58 Z60 E6.67
G1 F3547 X119.38 Y471.58 Z60 E6.67
G1 F3547 X119.38 Y471.58 Z60 E6.67
G1 F3547 X119.38 Y471.58 Z60 E6.67
G1 F3547 X119.38 Y471.58 Z60 E6.67
G1 F3547 X119.38 Y471.58 Z60 E6.67
G1 F3547 X119.38 Y471.58 Z60 E6.67
G1 F3547 X119.38 Y471.58 Z60 E6.67
G1 F3547 X119.38 Y471.58 Z60 E6.67
G1 F3547 X119.38 Y471.58 Z60 E6.67
G1 F3547 X119.38 Y471.58 Z60 E6.67
G1 F3547 X119.38 Y471.58 Z60 E6.67
G1 F3547 X119.38 Y471.58 Z60 E6.67
G1 F3547 X119.38 Y471.58 Z60 E6.67
G1 F3547 X119.38 Y471.58 Z60 E6.67
G1 F3547 X119.38 Y471.58 Z60 E6.67
G1 F3547 X119.38 Y471.58 Z60 E6.67
G1 F3547 X119.38 Y471.58 Z60 E6.67
G1 F3547 X119.38 Y471.58 Z60 E6.67
G1 F3547 X119.38 Y471.58 Z60 E6.67
G1 F3547 X119.38 Y471.58 Z60 E6.67
G1 F3547 X119.38 Y471.58 Z60 E6.67
G1 F3547 X119.38 Y471.58 Z60 E6.67
G1 F3547 X119.38 Y471.58 Z60 E6.67
G1 F3547 X119.38 Y471.58 Z60 E6.67
G1 F3547 X119.38 Y471.58 Z60 E6.67
G1 F3547 X119.38 Y471.58 Z60 E6.67
G1 F3547 X119.38 Y471.58 Z60 E6.67
G1 F3547 X119.38 Y471.58 Z60 E6.67
G1 F3547 X119.38 Y471.58 Z60 E6.67
G1 F3547 X119.38 Y471.58 Z60 E6.67
G1 F3547 X119.38 Y471.58 Z60 E6.67
G1 F3547 X119.38 Y471.58 Z60 E6.67
G1 F3547 X119.38 Y471.58 Z60 E6.67
G1 F3547 X119.38 Y471.58 Z60 E6.67
G1 F3547 X119.38 Y471.58 Z60 E6.67
G1 F3547 X119.38 Y471.58 Z60 E6.67
G1 F3547 X119.38 Y471.58 Z60 E6.67
G1 F3547 X119.38 Y471.58 Z60 E6.67
G1 F3547 X119.38 Y471.58 Z60 E6.67
G1 F3547 X119.38 Y471.58 Z60 E6.67
G1 F3547 X119.38 Y471.58 Z60 E6.67
G1 F3547 X119.38 Y471.58 Z60 E6.67
G1 F3547 X119.38 Y471.58 Z60 E6.67
G1 F3547 X119.38 Y471.58 Z60 E6.67
G1 F3547 X119.38 Y471.58 Z60 E6.67
G1 F3547 X119.38 Y471.58 Z60 E6.67
G1 F3547 X119.38 Y471.58 Z60 E6.67
G1 F3547 X119.38 Y471.58 Z60 E6.67
G1 F3547 X119.38 Y471.58 Z60 E6.67
G1 F3547 X119.38 Y471.58 Z60 E6.67
G1 F3547 X119.38 Y471.58 Z60 E6.67
G1 F3547 X119.38 Y471.58 Z60 E6.67
G1 F3547 X119.38 Y471.58 Z60 E6.67
G1 F3547 X119.38 Y471.58 Z60 E6.67
G1 F3547 X119.38 Y471.58 Z60 E6.67
G1 F3547 X119.38 Y471.58 Z60 E6.67
G1 F3547 X119.38 Y471.58 Z60 E6.67
G1 F3547 X119.38 Y471.58 Z60 E6.67
G1 F3547 X119.38 Y471.58 Z60 E6.67
G1 F3547 X119.38 Y471.58 Z60 E6.67
G1 F3547 X119.38 Y471.58 Z60 E6.67
G1 F3547 X119.38 Y471.58 Z60 E6.67
G1 F3547 X119.38 Y471.58 Z60 E6.67
G1 F3547 X119.38 Y471.58 Z60 E6.67
G1 F3547 X119.38 Y471.58 Z60 E6.67
G1 F3547 X119.38 Y471.58 Z60 E6.67
G1 F3547 X119.38 Y471.58 Z60 E6.67
G1 F3547 X119.38 Y471.58 Z60 E6.67
G1 F3547 X119.38 Y471.58 Z60 E6.67
G1 F3547 X119.38 Y471.58 Z60 E6.67
G1 F3547 X119.38 Y471.58 Z60 E6.67
G1 F3547 X119.38 Y471.58 Z60 E6.67
G1 F3547 X119.38 Y471.58 Z60 E6.67
G1 F3547 X119.38 Y471.58 Z60 E6.67
G1 F3547 X119.38 Y471.58 Z60 E6.67
G1 F3547 X119.38 Y471.58 Z60 E6.67
G1 F3547 X119.38 Y471.58 Z60 E6.67
G1 F3547 X119.38 Y471.58 Z60 E6.67
G1 F3547 X119.38 Y471.58 Z60 E6.67
G1 F3547 X119.38 Y471.58 Z60 E6.67
G1 F3547 X119.38 Y471.58 Z60 E6.67
G1 F3547 X119.38 Y471.58 Z60 E6.67
G1 F3547 X119.38 Y471.58 Z60 E6.67
G1 F3547 X119.38 Y471.58 Z60 E6.67
G1 F3547 X119.38 Y471.58 Z60 E6.67
G1 F3547 X119.38 Y471.58 Z60 E6.67
G1 F3547 X119.38 Y471.58 Z60 E6.67
G1 F3547 X119.38 Y471.58 Z60 E6.67
G1 F3547 X119.38 Y471.58 Z60 E6.67
G1 F3547 X119.38 Y471.58 Z60 E6.67
G1 F3547 X119.38 Y471.58 Z60 E6.67
G1 F3547 X119.38 Y471.58 Z60 E6.67
G1 F3547 X119.38 Y471.58 Z60 E6.67
G1 F3547 X119.38 Y471.58 Z60 E6.67
G1 F3547 X119.38 Y471.58 Z60 E6.67
G1 F3547 X119.38 Y471.58 Z60 E6.67
G1 F3547 X119.38 Y471.58 Z60 E6.67
G1 F3547 X119.38 Y471.58 Z60 E6.67
G1 F3547 X119.38 Y471.58 Z60 E6.67
G1 F3547 X119.38 Y471.58 Z60 E6.67
G1 F3547 X119.38 Y471.58 Z60 E6.67
G1 F3547 X119.38 Y471.58 Z60 E6.67
G1 F3547 X119.38 Y471.58 Z60 E6.67
G1 F3547 X119.38 Y471.58 Z60 E6.67
G1 F3547 X119.38 Y471.58 Z60 E6.67
G1 F3547 X119.38 Y471.58 Z60 E6.67
G1 F3547 X119.38 Y471.58 Z60 E6.67
G1 F3547 X119.38 Y471.58 Z60 E6.67
G1 F3547 X119.38 Y471.58 Z60 E6.67
G1 F3547 X119.38 Y471.58 Z60 E6.67
G1 F3547 X119.38 Y471.58 Z60 E6.67
G1 F3547 X119.38 Y471.58 Z60 E6.67
G1 F3547 X119.38 Y471.58 Z60 E6.67
G1 F3547 X119.38 Y471.58 Z60 E6.67
G1 F3547 X119.38 Y471.58 Z60 E6.67
G1 F3547 X119.38 Y471.58 Z60 E6.67
G1 F3547 X119.38 Y471.58 Z60 E6.67
G1 F3547 X119.38 Y471.58 Z60 E6.67
G1 F3547 X119.38 Y471.58 Z60 E6.67
G1 F3547 X119.38 Y471.58 Z60 E6.67
G1 F3547 X119.38 Y471.58 Z60 E6.67
G1 F3547 X119.38 Y471.58 Z60 E6.67
G1 F3547 X119.38 Y471.58 Z60 E6.67
G1 F3547 X119.38 Y471.58 Z60 E6.67
G1 F3547 X119.38 Y471.58 Z60 E6.67
G1 F3547 X119.38 Y471.58 Z60 E6.67
G1 F3547 X119.38 Y471.58 Z60 E6.67
G1 F3547 X119.38 Y471.58 Z60 E6.67
G1 F3547 X119.38 Y471.58 Z60 E6.67
G1 F3547 X119.38 Y471.58 Z60 E6.67
G1 F3547 X119.38 Y471.58 Z60 E6.67
G1 F3547 X119.38 Y471.58 Z60 E6.67
G1 F3547 X119.38 Y471.58 Z60 E6.67
G1 F3547 X119.38 Y471.58 Z60 E6.67
G1 F3547 X119.38 Y471.58 Z60 E6.67
G1 F3547 X119.38 Y471.58 Z60 E6.67
G1 F3547 X119.38 Y471.58 Z60 E6.67
G1 F3547 X119.38 Y471.58 Z60 E6.67
G1 F3547 X119.38 Y471.58 Z60 E6.67
G1 F3547 X119.38 Y471.58 Z60 E6.67
G1 F3547 X119.38 Y471.58 Z60 E6.67
G1 F3547 X119.38 Y471.58 Z60 E6.67
G1 F3547 X119.38 Y471.58 Z60 E6.67
G1 F3547 X119.38 Y471.58 Z60 E6.67
G1 F3547 X119.38 Y471.58 Z60 E6.67
G1 F3547 X119.38 Y471.58 Z60 E6.67
G1 F3547 X119.38 Y471.58 Z60 E6.67
G1 F3547 X119.38 Y471.58 Z60 E6.67
G1 F3547 X119.38 Y471.58 Z60 E6.67
G1 F3547 X119.38 Y471.58 Z60 E6.67
G1 F3547 X119.38 Y471.58 Z60 E6.67
G1 F3547 X119.38 Y471.58 Z60 E6.67
G1 F3547 X119.38 Y471.58 Z60 E6.67
G1 F3547 X119.38 Y471.58 Z60 E6.67
G1 F3547 X119.38 Y471.58 Z60 E6.67
G1 F3547 X119.38 Y471.58 Z60 E6.67
G1 F3547 X119.38 Y471.58 Z60 E6.67
G1 F3547 X119.38 Y471.58 Z60 E6.67
G1 F3547 X119.38 Y471.58 Z60 E6.67
G1 F3547 X119.38 Y471.58 Z60 E6.67
G1 F3547 X119.38 Y471.58 Z60 E6.67
G1 F3547 X119.38 Y471.58 Z60 E6.67
G1 F3547 X119.38 Y471.58 Z60 E6.67
G1 F3547 X119.38 Y471.58 Z60 E6.67
G1 F3547 X119.38 Y471.58 Z60 E6.67
G1 F3547 X119.38 Y471.58 Z60 E6.67
G1 F3547 X119.38 Y471.58 Z60 E6.67
G1 F3547 X119.38 Y471.58 Z60 E6.67
G1 F3547 X119.38 Y471.58 Z60 E6.67
G1 F3547 X119.38 Y471.58 Z60 E6.67
G1 F3547 X119.38 Y471.58 Z60 E6.67
G1 F3547 X119.38 Y471.58 Z60 E6.67
G1 F3547 X119.38 Y471.58 Z60 E6.67
G1 F3547 X119.38 Y471.58 Z60 E6.67
G1 F3547 X119.38 Y471.58 Z60 E6.67
G1 F3547 X119.38 Y471.58 Z60 E6.67
G1 F3547 X119.38 Y471.58 Z60 E6.67
G1 F3547 X119.38 Y471.58 Z60 E6.67
G1 F3547 X119.38 Y471.58 Z60 E6.67
G1 F3547 X119.38 Y471.58 Z60 E6.67
G1 F3547 X119.38 Y471.58 Z60 E6.67
G1 F3547 X119.38 Y471.58 Z60 E6.67
G1 F3547 X119.38 Y471.58 Z60 E6.67
G1 F3547 X119.38 Y471.58 Z60 E6.67
G1 F3547 X119.38 Y471.58 Z60 E6.67
G1 F3547 X119.38 Y471.58 Z60 E6.67
G1 F3547 X119.38 Y471.58 Z60 E6.67
G1 F3547 X119.38 Y471.58 Z60 E6.67
G1 F3547 X119.38 Y471.58 Z60 E6.67
G1 F3547 X119.38 Y471.58 Z60 E6.67
G1 F3547 X119.38 Y471.58 Z60 E6.67
G1 F3547 X119.38 Y471.58 Z60 E6.67
G1 F3547 X119.38 Y471.58 Z60 E6.67
G1 F3547 X119.38 Y471.58 Z60 E6.67
G1 F3547 X119.38 Y471.58 Z60 E6.67
G1 F3547 X119.38 Y471.58 Z60 E6.67
G1 F3547 X119.38 Y471.58 Z60 E6.67
G1 F3547 X119.38 Y471.58 Z60 E6.67
G1 F3547 X119.38 Y471.58 Z60 E6.67
G1 F3547 X119.38 Y471.58 Z60 E6.67
G1 F3547 X119.38 Y471.58 Z60 E6.67
G1 F3547 X119.38 Y471.58 Z60 E6.67
G1 F3547 X119.38 Y471.58 Z60 E6.67
G1 F3547 X119.38 Y471.58 Z60 E6.67
G1 F3547 X119.38 Y471.58 Z60 E6.67
G1 F3547 X119.38 Y471.58 Z60 E6.67
G1 F3547 X119.38 Y471.58 Z60 E6.67
G1 F3547 X119.38 Y471.58 Z60 E6.67
G1 F3547 X119.38 Y471.58 Z60 E6.67
G1 F3547 X119.38 Y471.58 Z60 E6.67
G1 F3547 X119.38 Y471.58 Z60 E6.67
G1 F3547 X119.38 Y471.58 Z60 E6.67
G1 F3547 X119.38 Y471.58 Z60 E6.67
G1 F3547 X119.38 Y471.58 Z60 E6.67
G1 F3547 X119.38 Y471.58 Z60 E6.67
G1 F3547 X119.38 Y471.58 Z60 E6.67
G1 F3547 X119.38 Y471.58 Z60 E6.67
G1 F3547 X119.38 Y471.58 Z60 E6.67
G1 F3547 X119.38 Y471.58 Z60 E6.67
G1 F3547 X119.38 Y471.58 Z60 E6.67
G1 F3547 X119.38 Y471.58 Z60 E6.67
G1 F3547 X119.38 Y471.58 Z60 E6.67
G1 F3547 X119.38 Y471.58 Z60 E6.67
G1 F3547 X119.38 Y471.58 Z60 E6.67
G1 F3547 X119.38 Y471.58 Z60 E6.67
G1 F3547 X119.38 Y471.58 Z60 E6.67
G1 F3547 X119.38 Y471.58 Z60 E6.67
G1 F3547 X119.38 Y471.58 Z60 E6.67
G1 F3547 X119.38 Y471.58 Z60 E6.67
G1 F3547 X119.38 Y471.58 Z60 E6.67
G1 F3547 X119.38 Y471.58 Z60 E6.67
G1 F3547 X119.38 Y471.58 Z60 E6.67
G1 F3547 X119.38 Y471.58 Z60 E6.67
G1 F3547 X119.38 Y471.58 Z60 E6.67
G1 F3547 X119.38 Y471.58 Z60 E6.67
G1 F3547 X119.38 Y471.58 Z60 E6.67
G1 F3547 X119.38 Y471.58 Z60 E6.67
G1 F3547 X119.38 Y471.58 Z60 E6.67
G1 F3547 X119.38 Y471.58 Z60 E6.67
G1 F3547 X119.38 Y471.58 Z60 E6.67
G1 F3547 X119.38 Y471.58 Z60 E6.67
G1 F3547 X119.38 Y471.58 Z60 E6.67
G1 F3547 X119.38 Y471.58 Z60 E6.67
G1 F3547 X119.38 Y471.58 Z60 E6.67
G1 F3547 X119.38 Y471.58 Z60 E6.67
G1 F3547 X119.38 Y471.58 Z60 E6.67
G1 F3547 X119.38 Y471.58 Z60 E6.67
G1 F3547 X119.38 Y471.58 Z60 E6.67
G1 F3547 X119.38 Y471.58 Z60 E6.67
G1 F3547 X119.38 Y471.58 Z60 E6.67
G1 F3547 X119.38 Y471.58 Z60 E6.67
G1 F3547 X119.38 Y471.58 Z60 E6.67
G1 F3547 X119.38 Y471.58 Z60 E6.67
G1 F3547 X119.38 Y471.58 Z60 E6.67
G1 F3547 X119.38 Y471.58 Z60 E6.67
G1 F3547 X119.38 Y471.58 Z60 E6.67
G1 F3547 X119.38 Y471.58 Z60 E6.67
G1 F3547 X119.38 Y471.58 Z60 E6.67
G1 F3547 X119.38 Y471.58 Z60 E6.67
G1 F3547 X119.38 Y471.58 Z60 E6.67
G1 F3547 X119.38 Y471.58 Z60 E6.67
G1 F3547 X119.38 Y471.58 Z60 E6.67
G1 F3547 X119.38 Y471.58 Z60 E6.67
G1 F3547 X119.38 Y471.58 Z60 E6.67
G1 F3547 X119.38 Y471.58 Z60 E6.67
G1 F3547 X119.38 Y471.58 Z60 E6.67
G1 F3547 X119.38 Y471.58 Z60 E6.67
G1 F3547 X119.38 Y471.58 Z60 E6.67
G1 F3547 X119.38 Y471.58 Z60 E6.67
G1 F3547 X119.38 Y471.58 Z60 E6.67
G1 F3547 X119.38 Y471.58 Z60 E6.67
G1 F3547 X119.38 Y471.58 Z60 E6.67
G1 F3547 X119.38 Y471.58 Z60 E6.67
G1 F3547 X119.38 Y471.58 Z60 E6.67
G1 F3547 X119.38 Y471.58 Z60 E6.67
G1 F3547 X119.38 Y471.58 Z60 E6.67
G1 F3547 X119.38 Y471.58 Z60 E6.67
G1 F3547 X119.38 Y471.58 Z60 E6.67
G1 F3547 X119.38 Y471.58 Z60 E6.67
G1 F3547 X119.38 Y471.58 Z60 E6.67
G1 F3547 X119.38 Y471.58 Z60 E6.67
G1 F3547 X119.38 Y471.58 Z60 E6.67
G1 F3547 X119.38 Y471.58 Z60 E6.67
G1 F3547 X119.38 Y471.58 Z60 E6.67
G1 F3547 X119.38 Y471.58 Z60 E6.67
G1 F3547 X119.38 Y471.58 Z60 E6.67
G1 F3547 X119.38 Y471.58 Z60 E6.67
G1 F3547 X119.38 Y471.58 Z60 E6.67
G1 F3547 X119.38 Y471.58 Z60 E6.67
G1 F3547 X119.38 Y471.58 Z60 E6.67
G1 F3547 X119.38 Y471.58 Z60 E6.67
G1 F3547 X119.38 Y471.58 Z60 E6.67
G1 F3547 X119.38 Y471.58 Z60 E6.67
G1 F3547 X119.38 Y471.58 Z60 E6.67
G1 F3547 X119.38 Y471.58 Z60 E6.67
G1 F3547 X119.38 Y471.58 Z60 E6.67
G1 F3547 X119.38 Y471.58 Z60 E6.67
G1 F3547 X119.38 Y471.58 Z60 E6.67
G1 F3547 X119.38 Y471.58 Z60 E6.67
G1 F3547 X119.38 Y471.58 Z60 E6.67
G1 F3547 X119.38 Y471.58 Z60 E6.67
G1 F3547 X119.38 Y471.58 Z60 E6.67
G1 F3547 X119.38 Y471.58 Z60 E6.67
G1 F3547 X119.38 Y471.58 Z60 E6.67
G1 F3547 X119.38 Y471.58 Z60 E6.67
G1 F3547 X119.38 Y471.58 Z60 E6.67
G1 F3547 X119.38 Y471.58 Z60 E6.67
G1 F3547 X119.38 Y471.58 Z60 E6.67
G1 F3547 X119.38 Y471.58 Z60 E6.67
G1 F3547 X119.38 Y471.58 Z60 E6.67
G1 F3547 X119.38 Y471.58 Z60 E6.67
G1 F3547 X119.38 Y471.58 Z60 E6.67
G1 F3547 X119.38 Y471.58 Z60 E6.67
G1 F3547 X119.38 Y471.58 Z60 E6.67
G1 F3547 X119.38 Y471.58 Z60 E6.67
G1 F3547 X119.38 Y471.58 Z60 E6.67
G1 F3547 X119.38 Y471.58 Z60 E6.67
G1 F3547 X119.38 Y471.58 Z60 E6.67
G1 F3547 X119.38 Y471.58 Z60 E6.67
G1 F3547 X119.38 Y471.58 Z60 E6.67
G1 F3547 X119.38 Y471.58 Z60 E6.67
G1 F3547 X119.38 Y471.58 Z60 E6.67
G1 F3547 X119.38 Y471.58 Z60 E6.67
G1 F3547 X119.38 Y471.58 Z60 E6.67
G1 F3547 X119.38 Y471.58 Z60 E6.67
G1 F3547 X119.38 Y471.58 Z60 E6.67
G1 F3547 X119.38 Y471.58 Z60 E6.67
G1 F3547 X119.38 Y471.58 Z60 E6.67
G1 F3547 X119.38 Y471.58 Z60 E6.67
G1 F3547 X119.38 Y471.58 Z60 E6.67
G1 F3547 X119.38 Y471.58 Z60 E6.67
G1 F3547 X119.38 Y471.58 Z60 E6.67
G1 F3547 X119.38 Y471.58 Z60 E6.67
G1 F3547 X119.38 Y471.58 Z60 E6.67
G1 F3547 X119.38 Y471.58 Z60 E6.67
G1 F3547 X119.38 Y471.58 Z60 E6.67
G1 F3547 X119.38 Y471.58 Z60 E6.67
G1 F3547 X119.38 Y471.58 Z60 E6.67
G1 F3547 X119.38 Y471.58 Z60 E6.67
G1 F3547 X119.38 Y471.58 Z60 E6.67
G1 F3547 X119.38 Y471.58 Z60 E6.67
G1 F3547 X119.38 Y471.58 Z60 E6.67
G1 F3547 X119.38 Y471.58 Z60 E6.67
G1 F3547 X119.38 Y471.58 Z60 E6.67
G1 F3547 X119.38 Y471.58 Z60 E6.67
G1 F3547 X119.38 Y471.58 Z60 E6.67
G1 F3547 X119.38 Y471.58 Z60 E6.67
G1 F3547 X119.38 Y471.58 Z60 E6.67
G1 F3547 X119.38 Y471.58 Z60 E6.67
G1 F3547 X119.38 Y471.58 Z60 E6.67
G1 F3547 X119.38 Y471.58 Z60 E6.67
G1 F3547 X119.38 Y471.58 Z60 E6.67
G1 F3547 X119.38 Y471.58 Z60 E6.67
G1 F3547 X119.38 Y471.58 Z60 E6.67
G1 F3547 X119.38 Y471.58 Z60 E6.67
G1 F3547 X119.38 Y471.58 Z60 E6.67
G1 F3547 X119.38 Y471.58 Z60 E6.67
G1 F3547 X119.38 Y471.58 Z60 E6.67
G1 F3547 X119.38 Y471.58 Z60 E6.67
G1 F3547 X119.38 Y471.58 Z60 E6.67
G1 F3547 X119.38 Y471.58 Z60 E6.67
G1 F3547 X119.38 Y471.58 Z60 E6.67
G1 F3547 X119.38 Y471.58 Z60 E6.67
G1 F3547 X119.38 Y471.58 Z60 E6.67
G1 F3547 X119.38 Y471.58 Z60 E6.67
G1 F3547 X119.38 Y471.58 Z60 E6.67
G1 F3547 X119.38 Y471.58 Z60 E6.67
G1 F3547 X119.38 Y471.58 Z60 E6.67
G1 F3547 X119.38 Y471.58 Z60 E6.67
G1 F3547 X119.38 Y471.58 Z60 E6.67
G1 F3547 X119.38 Y471.58 Z60 E6.67
G1 F3547 X119.38 Y471.58 Z60 E6.67
G1 F3547 X119.38 Y471.58 Z60 E6.67
G1 F3547 X119.38 Y471.58 Z60 E6.67
G1 F3547 X119.38 Y471.58 Z60 E6.67
G1 F3547 X119.38 Y471.58 Z60 E6.67
G1 F3547 X119.38 Y471.58 Z60 E6.67
G1 F3547 X119.38 Y471.58 Z60 E6.67
G1 F3547 X119.38 Y471.58 Z60 E6.67
G1 F3547 X119.38 Y471.58 Z60 E6.67
G1 F3547 X119.38 Y471.58 Z60 E6.67
G1 F3547 X119.38 Y471.58 Z60 E6.67
G1 F3547 X119.38 Y471.58 Z60 E6.67
G1 F3547 X119.38 Y471.58 Z60 E6.67
G1 F3547 X119.38 Y471.58 Z60 E6.67
G1 F3547 X119.38 Y471.58 Z60 E6.67
G1 F3547 X119.38 Y471.58 Z60 E6.67
G1 F3547 X119.38 Y471.58 Z60 E6.67
G1 F3547 X119.38 Y471.58 Z60 E6.67
G1 F3547 X119.38 Y471.58 Z60 E6.67
G1 F3547 X119.38 Y471.58 Z60 E6.67
G1 F3547 X119.38 Y471.58 Z60 E6.67
G1 F3547 X119.38 Y471.58 Z60 E6.67
G1 F3547 X119.38 Y471.58 Z60 E6.67
G1 F3547 X119.38 Y471.58 Z60 E6.67
G1 F3547 X119.38 Y471.58 Z60 E6.67
G1 F3547 X119.38 Y471.58 Z60 E6.67
G1 F3547 X119.38 Y471.58 Z60 E6.67
G1 F3547 X119.38 Y471.58 Z60 E6.67
G1 F3547 X119.38 Y471.58 Z60 E6.67
G1 F3547 X119.38 Y471.58 Z60 E6.67
G1 F3547 X119.38 Y471.58 Z60 E6.67
G1 F3547 X119.38 Y471.58 Z60 E6.67
G1 F3547 X119.38 Y471.58 Z60 E6.67
G1 F3547 X119.38 Y471.58 Z60 E6.67
G1 F3547 X119.38 Y471.58 Z60 E6.67
G1 F3547 X119.38 Y471.58 Z60 E6.67
G1 F3547 X119.38 Y471.58 Z60 E6.67
G1 F3547 X119.38 Y471.58 Z60 E6.67
G1 F3547 X119.38 Y471.58 Z60 E6.67
G1 F3547 X119.38 Y471.58 Z60 E6.67
G1 F3547 X119.38 Y471.58 Z60 E6.67
G1 F3547 X119.38 Y471.58 Z60 E6.67
G1 F3547 X119.38 Y471.58 Z60 E6.67
G1 F3547 X119.38 Y471.58 Z60 E6.67
G1 F3547 X119.38 Y471.58 Z60 E6.67
G1 F3547 X119.38 Y471.58 Z60 E6.67
G1 F3547 X119.38 Y471.58 Z60 E6.67
G1 F3547 X119.38 Y471.58 Z60 E6.67
G1 F3547 X119.38 Y471.58 Z60 E6.67
G1 F3547 X119.38 Y471.58 Z60 E6.67
G1 F3547 X119.38 Y471.58 Z60 E6.67
G1 F3547 X119.38 Y471.58 Z60 E6.67
G1 F3547 X119.38 Y471.58 Z60 E6.67
G1 F3547 X119.38 Y471.58 Z60 E6.67
G1 F3547 X119.38 Y471.58 Z60 E6.67
G1 F3547 X119.38 Y471.58 Z60 E6.67
G1 F3547 X119.38 Y471.58 Z60 E6.67
G1 F3547 X119.38 Y471.58 Z60 E6.67
G1 F3547 X119.38 Y471.58 Z60 E6.67
G1 F3547 X119.38 Y471.58 Z60 E6.67
G1 F3547 X119.38 Y471.58 Z60 E6.67
G1 F3547 X119.38 Y471.58 Z60 E6.67
G1 F3547 X119.38 Y471.58 Z60 E6.67
G1 F3547 X119.38 Y471.58 Z60 E6.67
G1 F3547 X119.38 Y471.58 Z60 E6.67
G1 F3547 X119.38 Y471.58 Z60 E6.67
G1 F3547 X119.38 Y471.58 Z60 E6.67
G1 F3547 X119.38 Y471.58 Z60 E6.67
G1 F3547 X119.38 Y471.58 Z60 E6.67
G1 F3547 X119.38 Y471.58 Z60 E6.67
G1 F3547 X119.38 Y471.58 Z60 E6.67
G1 F3547 X119.38 Y471.58 Z60 E6.67
G1 F3547 X119.38 Y471.58 Z60 E6.67
G1 F3547 X119.38 Y471.58 Z60 E6.67
G1 F3547 X119.38 Y471.58 Z60 E6.67
G1 F3547 X119.38 Y471.58 Z60 E6.67
G1 F3547 X119.38 Y471.58 Z60 E6.67
G1 F3547 X119.38 Y471.58 Z60 E6.67
G1 F3547 X119.38 Y471.58 Z60 E6.67
G1 F3547 X119.38 Y471.58 Z60 E6.67
G1 F3547 X119.38 Y471.58 Z60 E6.67
G1 F3547 X119.38 Y471.58 Z60 E6.67
G1 F3547 X119.38 Y471.58 Z60 E6.67
G1 F3547 X119.38 Y471.58 Z60 E6.67
G1 F3547 X119.38 Y471.58 Z60 E6.67
G1 F3547 X119.38 Y471.58 Z60 E6.67
G1 F3547 X119.38 Y471.58 Z60 E6.67
G1 F3547 X119.38 Y471.58 Z60 E6.67
G1 F3547 X119.38 Y471.58 Z60 E6.67
G1 F3547 X119.38 Y471.58 Z60 E6.67
G1 F3547 X119.38 Y471.58 Z60 E6.67
G1 F3547 X119.38 Y471.58 Z60 E6.67
G1 F3547 X119.38 Y471.58 Z60 E6.67
G1 F3547 X119.38 Y471.58 Z60 E6.67
G1 F3547 X119.38 Y471.58 Z60 E6.67
G1 F3547 X119.38 Y471.58 Z60 E6.67
G1 F3547 X119.38 Y471.58 Z60 E6.67
G1 F3547 X119.38 Y471.58 Z60 E6.67
G1 F3547 X119.38 Y471.58 Z60 E6.67
G1 F3547 X119.38 Y471.58 Z60 E6.67
G1 F3547 X119.38 Y471.58 Z60 E6.67
G1 F3547 X119.38 Y471.58 Z60 E6.67
G1 F3547 X119.38 Y471.58 Z60 E6.67
G1 F3547 X119.38 Y471.58 Z60 E6.67
G1 F3547 X119.38 Y471.58 Z60 E6.67
G1 F3547 X119.38 Y471.58 Z60 E6.67
G1 F3547 X119.38 Y471.58 Z60 E6.67
G1 F3547 X119.38 Y471.58 Z60 E6.67
G1 F3547 X119.38 Y471.58 Z60 E6.67
G1 F3547 X119.38 Y471.58 Z60 E6.67
G1 F3547 X119.38 Y471.58 Z60 E6.67
G1 F3547 X119.38 Y471.58 Z60 E6.67
G1 F3547 X119.38 Y471.58 Z60 E6.67
G1 F3547 X119.38 Y471.58 Z60 E6.67
G1 F3547 X119.38 Y471.58 Z60 E6.67
G1 F3547 X119.38 Y471.58 Z60 E6.67
G1 F3547 X119.38 Y471.58 Z60 E6.67
G1 F3547 X119.38 Y471.58 Z60 E6.67
G1 F3547 X119.38 Y471.58 Z60 E6.67
G1 F3547 X119.38 Y471.58 Z60 E6.67
G1 F3547 X119.38 Y471.58 Z60 E6.67
G1 F3547 X119.38 Y471.58 Z60 E6.67
G1 F3547 X119.38 Y471.58 Z60 E6.67
G1 F3547 X119.38 Y471.58 Z60 E6.67
G1 F3547 X119.38 Y471.58 Z60 E6.67
G1 F3547 X119.38 Y471.58 Z60 E6.67
G1 F3547 X119.38 Y471.58 Z60 E6.67
G1 F3547 X119.38 Y471.58 Z60 E6.67
G1 F3547 X119.38 Y471.58 Z60 E6.67
G1 F3547 X119.38 Y471.58 Z60 E6.67
G1 F3547 X119.38 Y471.58 Z60 E6.67
G1 F3547 X119.38 Y471.58 Z60 E6.67
G1 F3547 X119.38 Y471.58 Z60 E6.67
G1 F3547 X119.38 Y471.58 Z60 E6.67
G1 F3547 X119.38 Y471.58 Z60 E6.67
G1 F3547 X119.38 Y471.58 Z60 E6.67
G1 F3547 X119.38 Y471.58 Z60 E6.67
G1 F3547 X119.38 Y471.58 Z60 E6.67
G1 F3547 X119.38 Y471.58 Z60 E6.67
G1 F3547 X119.38 Y471.58 Z60 E6.67
G1 F3547 X119.38 Y471.58 Z60 E6.67
G1 F3547 X119.38 Y471.58 Z60 E6.67
G1 F3547 X119.38 Y471.58 Z60 E6.67
G1 F3547 X119.38 Y471.58 Z60 E6.67
G1 F3547 X119.38 Y471.58 Z60 E6.67
G1 F3547 X119.38 Y471.58 Z60 E6.67
G1 F3547 X119.38 Y471.58 Z60 E6.67
G1 F3547 X119.38 Y471.58 Z60 E6.67
G1 F3547 X119.38 Y471.58 Z60 E6.67
G1 F3547 X119.38 Y471.58 Z60 E6.67
G1 F3547 X119.38 Y471.58 Z60 E6.67
G1 F3547 X119.38 Y471.58 Z60 E6.67
G1 F3547 X119.38 Y471.58 Z60 E6.67
G1 F3547 X119.38 Y471.58 Z60 E6.67
G1 F3547 X119.38 Y471.58 Z60 E6.67
G1 F3547 X119.38 Y471.58 Z60 E6.67
G1 F3547 X119.38 Y471.58 Z60 E6.67
G1 F3547 X119.38 Y471.58 Z60 E6.67
G1 F3547 X119.38 Y471.58 Z60 E6.67
G1 F3547 X119.38 Y471.58 Z60 E6.67
G1 F3547 X119.38 Y471.58 Z60 E6.67
G1 F3547 X119.38 Y471.58 Z60 E6.67
G1 F3547 X119.38 Y471.58 Z60 E6.67
G1 F3547 X119.38 Y471.58 Z60 E6.67
G1 F3547 X119.38 Y471.58 Z60 E6.67
G1 F3547 X119.38 Y471.58 Z60 E6.67
G1 F3547 X119.38 Y471.58 Z60 E6.67
G1 F3547 X119.38 Y471.58 Z60 E6.67
G1 F3547 X119.38 Y471.58 Z60 E6.67
G1 F3547 X119.38 Y471.58 Z60 E6.67
G1 F3547 X119.38 Y471.58 Z60 E6.67
G1 F3547 X119.38 Y471.58 Z60 E6.67
G1 F3547 X119.38 Y471.58 Z60 E6.67
G1 F3547 X119.38 Y471.58 Z60 E6.67
G1 F3547 X119.38 Y471.58 Z60 E6.67
G1 F3547 X119.38 Y471.58 Z60 E6.67
G1 F3547 X119.38 Y471.58 Z60 E6.67
G1 F3547 X119.38 Y471.58 Z60 E6.67
G1 F3547 X119.38 Y471.58 Z60 E6.67
G1 F3547 X119.38 Y471.58 Z60 E6.67
G1 F3547 X119.38 Y471.58 Z60 E6.67
G1 F3547 X119.38 Y471.58 Z60 E6.67
G1 F3547 X119.38 Y471.58 Z60 E6.67
G1 F3547 X119.38 Y471.58 Z60 E6.67
G1 F3547 X119.38 Y471.58 Z60 E6.67
G1 F3547 X119.38 Y471.58 Z60 E6.67
G1 F3547 X119.38 Y471.58 Z60 E6.67
G1 F3547 X119.38 Y471.58 Z60 E6.67
G1 F3547 X119.38 Y471.58 Z60 E6.67
G1 F3547 X119.38 Y471.58 Z60 E6.67
G1 F3547 X119.38 Y471.58 Z60 E6.67
G1 F3547 X119.38 Y471.58 Z60 E6.67
G1 F3547 X119.38 Y471.58 Z60 E6.67
G1 F3547 X119.38 Y471.58 Z60 E6.67
G1 F3547 X119.38 Y471.58 Z60 E6.67
G1 F3547 X119.38 Y471.58 Z60 E6.67
G1 F3547 X119.38 Y471.58 Z60 E6.67
G1 F3547 X119.38 Y471.58 Z60 E6.67
G1 F3547 X119.38 Y471.58 Z60 E6.67
G1 F3547 X119.38 Y471.58 Z60 E6.67
G1 F3547 X119.38 Y471.58 Z60 E6.67
G1 F3547 X119.38 Y471.58 Z60 E6.67
G1 F3547 X119.38 Y471.58 Z60 E6.67
G1 F3547 X119.38 Y471.58 Z60 E6.67
G1 F3547 X119.38 Y471.58 Z60 E6.67
G1 F3547 X119.38 Y471.58 Z60 E6.67
G1 F3547 X119.38 Y471.58 Z60 E6.67
G1 F3547 X119.38 Y471.58 Z60 E6.67
G1 F3547 X119.38 Y471.58 Z60 E6.67
G1 F3547 X119.38 Y471.58 Z60 E6.67
G1 F3547 X119.38 Y471.58 Z60 E6.67
G1 F3547 X119.38 Y471.58 Z60 E6.67
G1 F3547 X119.38 Y471.58 Z60 E6.67
G1 F3547 X119.38 Y471.58 Z60 E6.67
G1 F3547 X119.38 Y471.58 Z60 E6.67
G1 F3547 X119.38 Y471.58 Z60 E6.67
G1 F3547 X119.38 Y471.58 Z60 E6.67
G1 F3547 X119.38 Y471.58 Z60 E6.67
G1 F3547 X119.38 Y471.58 Z60 E6.67
G1 F3547 X119.38 Y471.58 Z60 E6.67
G1 F3547 X119.38 Y471.58 Z60 E6.67
G1 F3547 X119.38 Y471.58 Z60 E6.67
G1 F3547 X119.38 Y471.58 Z60 E6.67
G1 F3547 X119.38 Y471.58 Z60 E6.67
G1 F3547 X119.38 Y471.58 Z60 E6.67
G1 F3547 X119.38 Y471.58 Z60 E6.67
G1 F3547 X119.38 Y471.58 Z60 E6.67
G1 F3547 X119.38 Y471.58 Z60 E6.67
G1 F3547 X119.38 Y471.58 Z60 E6.67
G1 F3547 X119.38 Y471.58 Z60 E6.67
G1 F3547 X119.38 Y471.58 Z60 E6.67
G1 F3547 X119.38 Y471.58 Z60 E6.67
G1 F3547 X119.38 Y471.58 Z60 E6.67
G1 F3547 X119.38 Y471.58 Z60 E6.67
G1 F3547 X119.38 Y471.58 Z60 E6.67
G1 F3547 X119.38 Y471.58 Z60 E6.67
G1 F3547 X119.38 Y471.58 Z60 E6.67
G1 F3547 X119.38 Y471.58 Z60 E6.67
G1 F3547 X119.38 Y471.58 Z60 E6.67
G1 F3547 X119.38 Y471.58 Z60 E6.67
G1 F3547 X119.38 Y471.58 Z60 E6.67
G1 F3547 X119.38 Y471.58 Z60 E6.67
G1 F3547 X119.38 Y471.58 Z60 E6.67
G1 F3547 X119.38 Y471.58 Z60 E6.67
G1 F3547 X119.38 Y471.58 Z60 E6.67
G1 F3547 X119.38 Y471.58 Z60 E6.67
G1 F3547 X119.38 Y471.58 Z60 E6.67
G1 F3547 X119.38 Y471.58 Z60 E6.67
G1 F3547 X119.38 Y471.58 Z60 E6.67
G1 F3547 X119.38 Y471.58 Z60 E6.67
G1 F3547 X119.38 Y471.58 Z60 E6.67
G1 F3547 X119.38 Y471.58 Z60 E6.67
G1 F3547 X119.38 Y471.58 Z60 E6.67
G1 F3547 X119.38 Y471.58 Z60 E6.67
G1 F3547 X119.38 Y471.58 Z60 E6.67
G1 F3547 X119.38 Y471.58 Z60 E6.67
G1 F3547 X119.38 Y471.58 Z60 E6.67
G1 F3547 X119.38 Y471.58 Z60 E6.67
G1 F3547 X119.38 Y471.58 Z60 E6.67
G1 F3547 X119.38 Y471.58 Z60 E6.67
G1 F3547 X119.38 Y471.58 Z60 E6.67
G1 F3547 X119.38 Y471.58 Z60 E6.67
G1 F3547 X119.38 Y471.58 Z60 E6.67
G1 F3547 X119.38 Y471.58 Z60 E6.67
G1 F3547 X119.38 Y471.58 Z60 E6.67
G1 F3547 X119.38 Y471.58 Z60 E6.67
G1 F3547 X119.38 Y471.58 Z60 E6.67
G1 F3547 X119.38 Y471.58 Z60 E6.67
G1 F3547 X119.38 Y471.58 Z60 E6.67
G1 F3547 X119.38 Y471.58 Z60 E6.67
G1 F3547 X119.38 Y471.58 Z60 E6.67
G1 F3547 X119.38 Y471.58 Z60 E6.67
G1 F3547 X119.38 Y471.58 Z60 E6.67
G1 F3547 X119.38 Y471.58 Z60 E6.67
G1 F3547 X119.38 Y471.58 Z60 E6.67
G1 F3547 X119.38 Y471.58 Z60 E6.67
G1 F3547 X119.38 Y471.58 Z60 E6.67
G1 F3547 X119.38 Y471.58 Z60 E6.67
G1 F3547 X119.38 Y471.58 Z60 E6.67
G1 F3547 X119.38 Y471.58 Z60 E6.67
G1 F3547 X119.38 Y471.58 Z60 E6.67
G1 F3547 X119.38 Y471.58 Z60 E6.67
G1 F3547 X119.38 Y471.58 Z60 E6.67
G1 F3547 X119.38 Y471.58 Z60 E6.67
G1 F3547 X119.38 Y471.58 Z60 E6.67
G1 F3547 X119.38 Y471.58 Z60 E6.67
G1 F3547 X119.38 Y471.58 Z60 E6.67
G1 F3547 X119.38 Y471.58 Z60 E6.67
G1 F3547 X119.38 Y471.58 Z60 E6.67
G1 F3547 X119.38 Y471.58 Z60 E6.67
G1 F3547 X119.38 Y471.58 Z60 E6.67
G1 F3547 X119.38 Y471.58 Z60 E6.67
G1 F3547 X119.38 Y471.58 Z60 E6.67
G1 F3547 X119.38 Y471.58 Z60 E6.67
G1 F3547 X119.38 Y471.58 Z60 E6.67
G1 F3547 X119.38 Y471.58 Z60 E6.67
G1 F3547 X119.38 Y471.58 Z60 E6.67
G1 F3547 X119.38 Y471.58 Z60 E6.67
G1 F3547 X119.38 Y471.58 Z60 E6.67
G1 F3547 X119.38 Y471.58 Z60 E6.67
G1 F3547 X119.38 Y471.58 Z60 E6.67
G1 F3547 X119.38 Y471.58 Z60 E6.67
G1 F3547 X119.38 Y471.58 Z60 E6.67
G1 F3547 X119.38 Y471.58 Z60 E6.67
G1 F3547 X119.38 Y471.58 Z60 E6.67
G1 F3547 X119.38 Y471.58 Z60 E6.67
G1 F3547 X119.38 Y471.58 Z60 E6.67
G1 F3547 X119.38 Y471.58 Z60 E6.67
G1 F3547 X119.38 Y471.58 Z60 E6.67
G1 F3547 X119.38 Y471.58 Z60 E6.67
G1 F3547 X119.38 Y471.58 Z60 E6.67
G1 F3547 X119.38 Y471.58 Z60 E6.67
G1 F3547 X119.38 Y471.58 Z60 E6.67
G1 F3547 X119.38 Y471.58 Z60 E6.67
G1 F3547 X119.38 Y471.58 Z60 E6.67
G1 F3547 X119.38 Y471.58 Z60 E6.67
G1 F3547 X119.38 Y471.58 Z60 E6.67
G1 F3547 X119.38 Y471.58 Z60 E6.67
G1 F3547 X119.38 Y471.58 Z60 E6.67
G1 F3547 X119.38 Y471.58 Z60 E6.67
G1 F3547 X119.38 Y471.58 Z60 E6.67
G1 F3547 X119.38 Y471.58 Z60 E6.67
G1 F3547 X119.38 Y471.58 Z60 E6.67
G1 F3547 X119.38 Y471.58 Z60 E6.67
G1 F3547 X119.38 Y471.58 Z60 E6.67
G1 F3547 X119.38 Y471.58 Z60 E6.67
G1 F3547 X119.38 Y471.58 Z60 E6.67
G1 F3547 X119.38 Y471.58 Z60 E6.67
G1 F3547 X119.38 Y471.58 Z60 E6.67
G1 F3547 X119.38 Y471.58 Z60 E6.67
G1 F3547 X119.38 Y471.58 Z60 E6.67
G1 F3547 X119.38 Y471.58 Z60 E6.67
G1 F3547 X119.38 Y471.58 Z60 E6.67
G1 F3547 X119.38 Y471.58 Z60 E6.67
G1 F3547 X119.38 Y471.58 Z60 E6.67
G1 F3547 X119.38 Y471.58 Z60 E6.67
G1 F3547 X119.38 Y471.58 Z60 E6.67
G1 F3547 X119.38 Y471.58 Z60 E6.67
G1 F3547 X119.38 Y471.58 Z60 E6.67
G1 F3547 X119.38 Y471.58 Z60 E6.67
G1 F3547 X119.38 Y471.58 Z60 E6.67
G1 F3547 X119.38 Y471.58 Z60 E6.67
G1 F3547 X119.38 Y471.58 Z60 E6.67
G1 F3547 X119.38 Y471.58 Z60 E6.67
G1 F3547 X119.38 Y471.58 Z60 E6.67
G1 F3547 X119.38 Y471.58 Z60 E6.67
G1 F3547 X119.38 Y471.58 Z60 E6.67
G1 F3547 X119.38 Y471.58 Z60 E6.67
G1 F3547 X119.38 Y471.58 Z60 E6.67
G1 F3547 X119.38 Y471.58 Z60 E6.67
G1 F3547 X119.38 Y471.58 Z60 E6.67
G1 F3547 X119.38 Y471.58 Z60 E6.67
G1 F3547 X119.38 Y471.58 Z60 E6.67
G1 F3547 X119.38 Y471.58 Z60 E6.67
G1 F3547 X119.38 Y471.58 Z60 E6.67
G1 F3547 X119.38 Y471.58 Z60 E6.67
G1 F3547 X119.38 Y471.58 Z60 E6.67
G1 F3547 X119.38 Y471.58 Z60 E6.67
G1 F3547 X119.38 Y471.58 Z60 E6.67
G1 F3547 X119.38 Y471.58 Z60 E6.67
G1 F3547 X119.38 Y471.58 Z60 E6.67
G1 F3547 X119.38 Y471.58 Z60 E6.67
G1 F3547 X119.38 Y471.58 Z60 E6.67
G1 F3547 X119.38 Y471.58 Z60 E6.67
G1 F3547 X119.38 Y471.58 Z60 E6.67
G1 F3547 X119.38 Y471.58 Z60 E6.67
G1 F3547 X119.38 Y471.58 Z60 E6.67
G1 F3547 X119.38 Y471.58 Z60 E6.67
G1 F3547 X119.38 Y471.58 Z60 E6.67
G1 F3547 X119.38 Y471.58 Z60 E6.67
G1 F3547 X119.38 Y471.58 Z60 E6.67
G1 F3547 X119.38 Y471.58 Z60 E6.67
G1 F3547 X119.38 Y471.58 Z60 E6.67
G1 F3547 X119.38 Y471.58 Z60 E6.67
G1 F3547 X119.38 Y471.58 Z60 E6.67
G1 F3547 X119.38 Y471.58 Z60 E6.67
G1 F3547 X119.38 Y471.58 Z60 E6.67
G1 F3547 X119.38 Y471.58 Z60 E6.67
G1 F3547 X119.38 Y471.58 Z60 E6.67
G1 F3547 X119.38 Y471.58 Z60 E6.67
G1 F3547 X119.38 Y471.58 Z60 E6.67
G1 F3547 X119.38 Y471.58 Z60 E6.67
G1 F3547 X119.38 Y471.58 Z60 E6.67
G1 F3547 X119.38 Y471.58 Z60 E6.67
G1 F3547 X119.38 Y471.58 Z60 E6.67
G1 F3547 X119.38 Y471.58 Z60 E6.67
G1 F3547 X119.38 Y471.58 Z60 E6.67
G1 F3547 X119.38 Y471.58 Z60 E6.67
G1 F3547 X119.38 Y471.58 Z60 E6.67
G1 F3547 X119.38 Y471.58 Z60 E6.67
G1 F3547 X119.38 Y471.58 Z60 E6.67
G1 F3547 X119.38 Y471.58 Z60 E6.67
G1 F3547 X119.38 Y471.58 Z60 E6.67
G1 F3547 X119.38 Y471.58 Z60 E6.67
G1 F3547 X119.38 Y471.58 Z60 E6.67
G1 F3547 X119.38 Y471.58 Z60 E6.67
G1 F3547 X119.38 Y471.58 Z60 E6.67
G1 F3547 X119.38 Y471.58 Z60 E6.67
G1 F3547 X119.38 Y471.58 Z60 E6.67
G1 F3547 X119.38 Y471.58 Z60 E6.67
G1 F3547 X119.38 Y471.58 Z60 E6.67
G1 F3547 X119.38 Y471.58 Z60 E6.67
G1 F3547 X119.38 Y471.58 Z60 E6.67
G1 F3547 X119.38 Y471.58 Z60 E6.67
G1 F3547 X119.38 Y471.58 Z60 E6.67
G1 F3547 X119.38 Y471.58 Z60 E6.67
G1 F3547 X119.38 Y471.58 Z60 E6.67
G1 F3547 X119.38 Y471.58 Z60 E6.67
G1 F3547 X119.38 Y471.58 Z60 E6.67
G1 F3547 X119.38 Y471.58 Z60 E6.67
G1 F3547 X119.38 Y471.58 Z60 E6.67
G1 F3547 X119.38 Y471.58 Z60 E6.67
G1 F3547 X119.38 Y471.58 Z60 E6.67
G1 F3547 X119.38 Y471.58 Z60 E6.67
G1 F3547 X119.38 Y471.58 Z60 E6.67
G1 F3547 X119.38 Y471.58 Z60 E6.67
G1 F3547 X119.38 Y471.58 Z60 E6.67
G1 F3547 X119.38 Y471.58 Z60 E6.67
G1 F3547 X119.38 Y471.58 Z60 E6.67
G1 F3547 X119.38 Y471.58 Z60 E6.67
G1 F3547 X119.38 Y471.58 Z60 E6.67
G1 F3547 X119.38 Y471.58 Z60 E6.67
G1 F3547 X119.38 Y471.58 Z60 E6.67
G1 F3547 X119.38 Y471.58 Z60 E6.67
G1 F3547 X119.38 Y471.58 Z60 E6.67
G1 F3547 X119.38 Y471.58 Z60 E6.67
G1 F3547 X119.38 Y471.58 Z60 E6.67
G1 F3547 X119.38 Y471.58 Z60 E6.67
G1 F3547 X119.38 Y471.58 Z60 E6.67
G1 F3547 X119.38 Y471.58 Z60 E6.67
G1 F3547 X119.38 Y471.58 Z60 E6.67
G1 F3547 X119.38 Y471.58 Z60 E6.67
G1 F3547 X119.38 Y471.58 Z60 E6.67
G1 F3547 X119.38 Y471.58 Z60 E6.67
G1 F3547 X119.38 Y471.58 Z60 E6.67
G1 F3547 X119.38 Y471.58 Z60 E6.67
G1 F3547 X119.38 Y471.58 Z60 E6.67
G1 F3547 X119.38 Y471.58 Z60 E6.67
G1 F3547 X119.38 Y471.58 Z60 E6.67
G1 F3547 X119.38 Y471.58 Z60 E6.67
G1 F3547 X119.38 Y471.58 Z60 E6.67
G1 F3547 X119.38 Y471.58 Z60 E6.67
G1 F3547 X119.38 Y471.58 Z60 E6.67
G1 F3547 X119.38 Y471.58 Z60 E6.67
G1 F3547 X119.38 Y471.58 Z60 E6.67
G1 F3547 X119.38 Y471.58 Z60 E6.67
G1 F3547 X119.38 Y471.58 Z60 E6.67
G1 F3547 X119.38 Y471.58 Z60 E6.67
G1 F3547 X119.38 Y471.58 Z60 E6.67
G1 F3547 X119.38 Y471.58 Z60 E6.67
G1 F3547 X119.38 Y471.58 Z60 E6.67
G1 F3547 X119.38 Y471.58 Z60 E6.67
G1 F3547 X119.38 Y471.58 Z60 E6.67
G1 F3547 X119.38 Y471.58 Z60 E6.67
G1 F3547 X119.38 Y471.58 Z60 E6.67
G1 F3547 X119.38 Y471.58 Z60 E6.67
G1 F3547 X119.38 Y471.58 Z60 E6.67
G1 F3547 X119.38 Y471.58 Z60 E6.67
G1 F3547 X119.38 Y471.58 Z60 E6.67
G1 F3547 X119.38 Y471.58 Z60 E6.67
G1 F3547 X119.38 Y471.58 Z60 E6.67
G1 F3547 X119.38 Y471.58 Z60 E6.67
G1 F3547 X119.38 Y471.58 Z60 E6.67
G1 F3547 X119.38 Y471.58 Z60 E6.67
G1 F3547 X119.38 Y471.58 Z60 E6.67
G1 F3547 X119.38 Y471.58 Z60 E6.67
G1 F3547 X119.38 Y471.58 Z60 E6.67
G1 F3547 X119.38 Y471.58 Z60 E6.67
G1 F3547 X119.38 Y471.58 Z60 E6.67
G1 F3547 X119.38 Y471.58 Z60 E6.67
G1 F3547 X119.38 Y471.58 Z60 E6.67
G1 F3547 X119.38 Y471.58 Z60 E6.67
G1 F3547 X119.38 Y471.58 Z60 E6.67
G1 F3547 X119.38 Y471.58 Z60 E6.67
G1 F3547 X119.38 Y471.58 Z60 E6.67
G1 F3547 X119.38 Y471.58 Z60 E6.67
G1 F3547 X119.38 Y471.58 Z60 E6.67
G1 F3547 X119.38 Y471.58 Z60 E6.67
G1 F3547 X119.38 Y471.58 Z60 E6.67
G1 F3547 X119.38 Y471.58 Z60 E6.67
G1 F3547 X119.38 Y471.58 Z60 E6.67
G1 F3547 X119.38 Y471.58 Z60 E6.67
G1 F3547 X119.38 Y471.58 Z60 E6.67
G1 F3547 X119.38 Y471.58 Z60 E6.67
G1 F3547 X119.38 Y471.58 Z60 E6.67
G1 F3547 X119.38 Y471.58 Z60 E6.67
G1 F3547 X119.38 Y471.58 Z60 E6.67
G1 F3547 X119.38 Y471.58 Z60 E6.67
G1 F3547 X119.38 Y471.58 Z60 E6.67
G1 F3547 X119.38 Y471.58 Z60 E6.67
G1 F3547 X119.38 Y471.58 Z60 E6.67
G1 F3547 X119.38 Y471.58 Z60 E6.67
G1 F3547 X119.38 Y471.58 Z60 E6.67
G1 F3547 X119.38 Y471.58 Z60 E6.67
G1 F3547 X119.38 Y471.58 Z60 E6.67
G1 F3547 X119.38 Y471.58 Z60 E6.67
G1 F3547 X119.38 Y471.58 Z60 E6.67
G1 F3547 X119.38 Y471.58 Z60 E6.67
G1 F3547 X119.38 Y471.58 Z60 E6.67
G1 F3547 X119.38 Y471.58 Z60 E6.67
G1 F3547 X119.38 Y471.58 Z60 E6.67
G1 F3547 X119.38 Y471.58 Z60 E6.67
G1 F3547 X119.38 Y471.58 Z60 E6.67
G1 F3547 X119.38 Y471.58 Z60 E6.67
G1 F3547 X119.38 Y471.58 Z60 E6.67
G1 F3547 X119.38 Y471.58 Z60 E6.67
G1 F3547 X119.38 Y471.58 Z60 E6.67
G1 F3547 X119.38 Y471.58 Z60 E6.67
G1 F3547 X119.38 Y471.58 Z60 E6.67
G1 F3547 X119.38 Y471.58 Z60 E6.67
G1 F3547 X119.38 Y471.58 Z60 E6.67
G1 F3547 X119.38 Y471.58 Z60 E6.67
G1 F3547 X119.38 Y471.58 Z60 E6.67
G1 F3547 X119.38 Y471.58 Z60 E6.67
G1 F3547 X119.38 Y471.58 Z60 E6.67
G1 F3547 X119.38 Y471.58 Z60 E6.67
G1 F3547 X119.38 Y471.58 Z60 E6.67
G1 F3547 X119.38 Y471.58 Z60 E6.67
G1 F3547 X119.38 Y471.58 Z60 E6.67
G1 F3547 X119.38 Y471.58 Z60 E6.67
G1 F3547 X119.38 Y471.58 Z60 E6.67
G1 F3547 X119.38 Y471.58 Z60 E6.67
G1 F3547 X119.38 Y471.58 Z60 E6.67
G1 F3547 X119.38 Y471.58 Z60 E6.67
G1 F3547 X119.38 Y471.58 Z60 E6.67
G1 F3547 X119.38 Y471.58 Z60 E6.67
G1 F3547 X119.38 Y471.58 Z60 E6.67
G1 F3547 X119.38 Y471.58 Z60 E6.67
G1 F3547 X119.38 Y471.58 Z60 E6.67
G1 F3547 X119.38 Y471.58 Z60 E6.67
G1 F3547 X119.38 Y471.58 Z60 E6.67
G1 F3547 X119.38 Y471.58 Z60 E6.67
G1 F3547 X119.38 Y471.58 Z60 E6.67
G1 F3547 X119.38 Y471.58 Z60 E6.67
G1 F3547 X119.38 Y471.58 Z60 E6.67
G1 F3547 X119.38 Y471.58 Z60 E6.67
G1 F3547 X119.38 Y471.58 Z60 E6.67
G1 F3547 X119.38 Y471.58 Z60 E6.67
G1 F3547 X119.38 Y471.58 Z60 E6.67
G1 F3547 X119.38 Y471.58 Z60 E6.67
G1 F3547 X119.38 Y471.58 Z60 E6.67
G1 F3547 X119.38 Y471.58 Z60 E6.67
G1 F3547 X119.38 Y471.58 Z60 E6.67
G1 F3547 X119.38 Y471.58 Z60 E6.67
G1 F3547 X119.38 Y471.58 Z60 E6.67
G1 F3547 X119.38 Y471.58 Z60 E6.67
G1 F3547 X119.38 Y471.58 Z60 E6.67
G1 F3547 X119.38 Y471.58 Z60 E6.67
G1 F3547 X119.38 Y471.58 Z60 E6.67
G1 F3547 X119.38 Y471.58 Z60 E6.67
G1 F3547 X119.38 Y471.58 Z60 E6.67
G1 F3547 X119.38 Y471.58 Z60 E6.67
G1 F3547 X119.38 Y471.58 Z60 E6.67
G1 F3547 X119.38 Y471.58 Z60 E6.67
G1 F3547 X119.38 Y471.58 Z60 E6.67
G1 F3547 X119.38 Y471.58 Z60 E6.67
G1 F3547 X119.38 Y471.58 Z60 E6.67
G1 F3547 X119.38 Y471.58 Z60 E6.67
G1 F3547 X119.38 Y471.58 Z60 E6.67
G1 F3547 X119.38 Y471.58 Z60 E6.67
G1 F3547 X119.38 Y471.58 Z60 E6.67
G1 F3547 X119.38 Y471.58 Z60 E6.67
G1 F3547 X119.38 Y471.58 Z60 E6.67
G1 F3547 X119.38 Y471.58 Z60 E6.67
G1 F3547 X119.38 Y471.58 Z60 E6.67
G1 F3547 X119.38 Y471.58 Z60 E6.67
G1 F3547 X119.38 Y471.58 Z60 E6.67
G1 F3547 X119.38 Y471.58 Z60 E6.67
G1 F3547 X119.38 Y471.58 Z60 E6.67
G1 F3547 X119.38 Y471.58 Z60 E6.67
G1 F3547 X119.38 Y471.58 Z60 E6.67
G1 F3547 X119.38 Y471.58 Z60 E6.67
G1 F3547 X119.38 Y471.58 Z60 E6.67
G1 F3547 X119.38 Y471.58 Z60 E6.67
G1 F3547 X119.38 Y471.58 Z60 E6.67
G1 F3547 X119.38 Y471.58 Z60 E6.67
G1 F3547 X119.38 Y471.58 Z60 E6.67
G1 F3547 X119.38 Y471.58 Z60 E6.67
G1 F3547 X119.38 Y471.58 Z60 E6.67
G1 F3547 X119.38 Y471.58 Z60 E6.67
G1 F3547 X119.38 Y471.58 Z60 E6.67
G1 F3547 X119.38 Y471.58 Z60 E6.67
G1 F3547 X119.38 Y471.58 Z60 E6.67
G1 F3547 X119.38 Y471.58 Z60 E6.67
G1 F3547 X119.38 Y471.58 Z60 E6.67
G1 F3547 X119.38 Y471.58 Z60 E6.67
G1 F3547 X119.38 Y471.58 Z60 E6.67
G1 F3547 X119.38 Y471.58 Z60 E6.67
G1 F3547 X119.38 Y471.58 Z60 E6.67
G1 F3547 X119.38 Y471.58 Z60 E6.67
G1 F3547 X119.38 Y471.58 Z60 E6.67
G1 F3547 X119.38 Y471.58 Z60 E6.67
G1 F3547 X119.38 Y471.58 Z60 E6.67
G1 F3547 X119.38 Y471.58 Z60 E6.67
G1 F3547 X119.38 Y471.58 Z60 E6.67
G1 F3547 X119.38 Y471.58 Z60 E6.67
G1 F3547 X119.38 Y471.58 Z60 E6.67
G1 F3547 X119.38 Y471.58 Z60 E6.67
G1 F3547 X119.38 Y471.58 Z60 E6.67
G1 F3547 X119.38 Y471.58 Z60 E6.67
G1 F3547 X119.38 Y471.58 Z60 E6.67
G1 F3547 X119.38 Y471.58 Z60 E6.67
G1 F3547 X119.38 Y471.58 Z60 E6.67
G1 F3547 X119.38 Y471.58 Z60 E6.67
G1 F3547 X119.38 Y471.58 Z60 E6.67
G1 F3547 X119.38 Y471.58 Z60 E6.67
G1 F3547 X119.38 Y471.58 Z60 E6.67
G1 F3547 X119.38 Y471.58 Z60 E6.67
G1 F3547 X119.38 Y471.58 Z60 E6.67
G1 F3547 X119.38 Y471.58 Z60 E6.67
G1 F3547 X119.38 Y471.58 Z60 E6.67
G1 F3547 X119.38 Y471.58 Z60 E6.67
G1 F3547 X119.38 Y471.58 Z60 E6.67
G1 F3547 X119.38 Y471.58 Z60 E6.67
G1 F3547 X119.38 Y471.58 Z60 E6.67
G1 F3547 X119.38 Y471.58 Z60 E6.67
G1 F3547 X119.38 Y471.58 Z60 E6.67
G1 F3547 X119.38 Y471.58 Z60 E6.67
G1 F3547 X119.38 Y471.58 Z60 E6.67
G1 F3547 X119.38 Y471.58 Z60 E6.67
G1 F3547 X119.38 Y471.58 Z60 E6.67
G1 F3547 X119.38 Y471.58 Z60 E6.67
G1 F3547 X119.38 Y471.58 Z60 E6.67
G1 F3547 X119.38 Y471.58 Z60 E6.67
G1 F3547 X119.38 Y471.58 Z60 E6.67
G1 F3547 X119.38 Y471.58 Z60 E6.67
G1 F3547 X119.38 Y471.58 Z60 E6.67
G1 F3547 X119.38 Y471.58 Z60 E6.67
G1 F3547 X119.38 Y471.58 Z60 E6.67
G1 F3547 X119.38 Y471.58 Z60 E6.67
G1 F3547 X119.38 Y471.58 Z60 E6.67
G1 F3547 X119.38 Y471.58 Z60 E6.67
G1 F3547 X119.38 Y471.58 Z60 E6.67
G1 F3547 X119.38 Y471.58 Z60 E6.67
G1 F3547 X119.38 Y471.58 Z60 E6.67
G1 F3547 X119.38 Y471.58 Z60 E6.67
G1 F3547 X119.38 Y471.58 Z60 E6.67
G1 F3547 X119.38 Y471.58 Z60 E6.67
G1 F3547 X119.38 Y471.58 Z60 E6.67
G1 F3547 X119.38 Y471.58 Z60 E6.67
G1 F3547 X119.38 Y471.58 Z60 E6.67
G1 F3547 X119.38 Y471.58 Z60 E6.67
G1 F3547 X119.38 Y471.58 Z60 E6.67
G1 F3547 X119.38 Y471.58 Z60 E6.67
G1 F3547 X119.38 Y471.58 Z60 E6.67
G1 F3547 X119.38 Y471.58 Z60 E6.67
G1 F3547 X119.38 Y471.58 Z60 E6.67
G1 F3547 X119.38 Y471.58 Z60 E6.67
G1 F3547 X119.38 Y471.58 Z60 E6.67
G1 F3547 X119.38 Y471.58 Z60 E6.67
G1 F3547 X119.38 Y471.58 Z60 E6.67
G1 F3547 X119.38 Y471.58 Z60 E6.67
G1 F3547 X119.38 Y471.58 Z60 E6.67
G1 F3547 X119.38 Y471.58 Z60 E6.67
G1 F3547 X119.38 Y471.58 Z60 E6.67
G1 F3547 X119.38 Y471.58 Z60 E6.67
G1 F3547 X119.38 Y471.58 Z60 E6.67
G1 F3547 X119.38 Y471.58 Z60 E6.67
G1 F3547 X119.38 Y471.58 Z60 E6.67
G1 F3547 X119.38 Y471.58 Z60 E6.67
G1 F3547 X119.38 Y471.58 Z60 E6.67
G1 F3547 X119.38 Y471.58 Z60 E6.67
G1 F3547 X119.38 Y471.58 Z60 E6.67
G1 F3547 X119.38 Y471.58 Z60 E6.67
G1 F3547 X119.38 Y471.58 Z60 E6.67
G1 F3547 X119.38 Y471.58 Z60 E6.67
G1 F3547 X119.38 Y471.58 Z60 E6.67
G1 F3547 X119.38 Y471.58 Z60 E6.67
G1 F3547 X119.38 Y471.58 Z60 E6.67
G1 F3547 X119.38 Y471.58 Z60 E6.67
G1 F3547 X119.38 Y471.58 Z60 E6.67
G1 F3547 X119.38 Y471.58 Z60 E6.67
G1 F3547 X119.38 Y471.58 Z60 E6.67
G1 F3547 X119.38 Y471.58 Z60 E6.67
G1 F3547 X119.38 Y471.58 Z60 E6.67
G1 F3547 X119.38 Y471.58 Z60 E6.67
G1 F3547 X119.38 Y471.58 Z60 E6.67
G1 F3547 X119.38 Y471.58 Z60 E6.67
G1 F3547 X119.38 Y471.58 Z60 E6.67
G1 F3547 X119.38 Y471.58 Z60 E6.67
G1 F3547 X119.38 Y471.58 Z60 E6.67
G1 F3547 X119.38 Y471.58 Z60 E6.67
G1 F3547 X119.38 Y471.58 Z60 E6.67
G1 F3547 X119.38 Y471.58 Z60 E6.67
G1 F3547 X119.38 Y471.58 Z60 E6.67
G1 F3547 X119.38 Y471.58 Z60 E6.67
G1 F3547 X119.38 Y471.58 Z60 E6.67
G1 F3547 X119.38 Y471.58 Z60 E6.67
G1 F3547 X119.38 Y471.58 Z60 E6.67
G1 F3547 X119.38 Y471.58 Z60 E6.67
G1 F3547 X119.38 Y471.58 Z60 E6.67
G1 F3547 X119.38 Y471.58 Z60 E6.67
G1 F3547 X119.38 Y471.58 Z60 E6.67
G1 F3547 X119.38 Y471.58 Z60 E6.67
G1 F3547 X119.38 Y471.58 Z60 E6.67
G1 F3547 X119.38 Y471.58 Z60 E6.67
G1 F3547 X119.38 Y471.58 Z60 E6.67
G1 F3547 X119.38 Y471.58 Z60 E6.67
G1 F3547 X119.38 Y471.58 Z60 E6.67
G1 F3547 X119.38 Y471.58 Z60 E6.67
G1 F3547 X119.38 Y471.58 Z60 E6.67
G1 F3547 X119.38 Y471.58 Z60 E6.67
G1 F3547 X119.38 Y471.58 Z60 E6.67
G1 F3547 X119.38 Y471.58 Z60 E6.67
G1 F3547 X119.38 Y471.58 Z60 E6.67
G1 F3547 X119.38 Y471.58 Z60 E6.67
G1 F3547 X119.38 Y471.58 Z60 E6.67
G1 F3547 X119.38 Y471.58 Z60 E6.67
G1 F3547 X119.38 Y471.58 Z60 E6.67
G1 F3547 X119.38 Y471.58 Z60 E6.67
G1 F3547 X119.38 Y471.58 Z60 E6.67
G1 F3547 X119.38 Y471.58 Z60 E6.67
G1 F3547 X119.38 Y471.58 Z60 E6.67
G1 F3547 X119.38 Y471.58 Z60 E6.67
G1 F3547 X119.38 Y471.58 Z60 E6.67
G1 F3547 X119.38 Y471.58 Z60 E6.67
G1 F3547 X119.38 Y471.58 Z60 E6.67
G1 F3547 X119.38 Y471.58 Z60 E6.67
G1 F3547 X119.38 Y471.58 Z60 E6.67
G1 F3547 X119.38 Y471.58 Z60 E6.67
G1 F3547 X119.38 Y471.58 Z60 E6.67
G1 F3547 X119.38 Y471.58 Z60 E6.67
G1 F3547 X119.38 Y471.58 Z60 E6.67
G1 F3547 X119.38 Y471.58 Z60 E6.67
G1 F3547 X119.38 Y471.58 Z60 E6.67
G1 F3547 X119.38 Y471.58 Z60 E6.67
G1 F3547 X119.38 Y471.58 Z60 E6.67
G1 F3547 X119.38 Y471.58 Z60 E6.67
G1 F3547 X119.38 Y471.58 Z60 E6.67
G1 F3547 X119.38 Y471.58 Z60 E6.67
G1 F3547 X119.38 Y471.58 Z60 E6.67
G1 F3547 X119.38 Y471.58 Z60 E6.67
G1 F3547 X119.38 Y471.58 Z60 E6.67
G1 F3547 X119.38 Y471.58 Z60 E6.67
G1 F3547 X119.38 Y471.58 Z60 E6.67
G1 F3547 X119.38 Y471.58 Z60 E6.67
G1 F3547 X119.38 Y471.58 Z60 E6.67
G1 F3547 X119.38 Y471.58 Z60 E6.67
G1 F3547 X119.38 Y471.58 Z60 E6.67
G1 F3547 X119.38 Y471.58 Z60 E6.67
G1 F3547 X119.38 Y471.58 Z60 E6.67
G1 F3547 X119.38 Y471.58 Z60 E6.67
G1 F3547 X119.38 Y471.58 Z60 E6.67
G1 F3547 X119.38 Y471.58 Z60 E6.67
G1 F3547 X119.38 Y471.58 Z60 E6.67
G1 F3547 X119.38 Y471.58 Z60 E6.67
G1 F3547 X119.38 Y471.58 Z60 E6.67
G1 F3547 X119.38 Y471.58 Z60 E6.67
G1 F3547 X119.38 Y471.58 Z60 E6.67
G1 F3547 X119.38 Y471.58 Z60 E6.67
G1 F3547 X119.38 Y471.58 Z60 E6.67
G1 F3547 X119.38 Y471.58 Z60 E6.67
G1 F3547 X119.38 Y471.58 Z60 E6.67
G1 F3547 X119.38 Y471.58 Z60 E6.67
G1 F3547 X119.38 Y471.58 Z60 E6.67
G1 F3547 X119.38 Y471.58 Z60 E6.67
G1 F3547 X119.38 Y471.58 Z60 E6.67
G1 F3547 X119.38 Y471.58 Z60 E6.67
G1 F3547 X119.38 Y471.58 Z60 E6.67
G1 F3547 X119.38 Y471.58 Z60 E6.67
G1 F3547 X119.38 Y471.58 Z60 E6.67
G1 F3547 X119.38 Y471.58 Z60 E6.67
G1 F3547 X119.38 Y471.58 Z60 E6.67
G1 F3547 X119.38 Y471.58 Z60 E6.67
G1 F3547 X119.38 Y471.58 Z60 E6.67
G1 F3547 X119.38 Y471.58 Z60 E6.67
G1 F3547 X119.38 Y471.58 Z60 E6.67
G1 F3547 X119.38 Y471.58 Z60 E6.67
G1 F3547 X119.38 Y471.58 Z60 E6.67
G1 F3547 X119.38 Y471.58 Z60 E6.67
G1 F3547 X119.38 Y471.58 Z60 E6.67
G1 F3547 X119.38 Y471.58 Z60 E6.67
G1 F3547 X119.38 Y471.58 Z60 E6.67
G1 F3547 X119.38 Y471.58 Z60 E6.67
G1 F3547 X119.38 Y471.58 Z60 E6.67
G1 F3547 X119.38 Y471.58 Z60 E6.67
G1 F3547 X119.38 Y471.58 Z60 E6.67
G1 F3547 X119.38 Y471.58 Z60 E6.67
G1 F3547 X119.38 Y471.58 Z60 E6.67
G1 F3547 X119.38 Y471.58 Z60 E6.67
G1 F3547 X119.38 Y471.58 Z60 E6.67
G1 F3547 X119.38 Y471.58 Z60 E6.67
G1 F3547 X119.38 Y471.58 Z60 E6.67
G1 F3547 X119.38 Y471.58 Z60 E6.67
G1 F3547 X119.38 Y471.58 Z60 E6.67
G1 F3547 X119.38 Y471.58 Z60 E6.67
G1 F3547 X119.38 Y471.58 Z60 E6.67
G1 F3547 X119.38 Y471.58 Z60 E6.67
G1 F3547 X119.38 Y471.58 Z60 E6.67
G1 F3547 X119.38 Y471.58 Z60 E6.67
G1 F3547 X119.38 Y471.58 Z60 E6.67
G1 F3547 X119.38 Y471.58 Z60 E6.67
G1 F3547 X119.38 Y471.58 Z60 E6.67
G1 F3547 X119.38 Y471.58 Z60 E6.67
G1 F3547 X119.38 Y471.58 Z60 E6.67
G1 F3547 X119.38 Y471.58 Z60 E6.67
G1 F3547 X119.38 Y471.58 Z60 E6.67
G1 F3547 X119.38 Y471.58 Z60 E6.67
G1 F3547 X119.38 Y471.58 Z60 E6.67
G1 F3547 X119.38 Y471.58 Z60 E6.67
G1 F3547 X119.38 Y471.58 Z60 E6.67
G1 F3547 X119.38 Y471.58 Z60 E6.67
G1 F3547 X119.38 Y471.58 Z60 E6.67
G1 F3547 X119.38 Y471.58 Z60 E6.67
G1 F3547 X119.38 Y471.58 Z60 E6.67
G1 F3547 X119.38 Y471.58 Z60 E6.67
G1 F3547 X119.38 Y471.58 Z60 E6.67
G1 F3547 X119.38 Y471.58 Z60 E6.67
G1 F3547 X119.38 Y471.58 Z60 E6.67
G1 F3547 X119.38 Y471.58 Z60 E6.67
G1 F3547 X119.38 Y471.58 Z60 E6.67
G1 F3547 X119.38 Y471.58 Z60 E6.67
G1 F3547 X119.38 Y471.58 Z60 E6.67
G1 F3547 X119.38 Y471.58 Z60 E6.67
G1 F3547 X119.38 Y471.58 Z60 E6.67
G1 F3547 X119.38 Y471.58 Z60 E6.67
G1 F3547 X119.38 Y471.58 Z60 E6.67
G1 F3547 X119.38 Y471.58 Z60 E6.67
G1 F3547 X119.38 Y471.58 Z60 E6.67
G1 F3547 X119.38 Y471.58 Z60 E6.67
G1 F3547 X119.38 Y471.58 Z60 E6.67
G1 F3547 X119.38 Y471.58 Z60 E6.67
G1 F3547 X119.38 Y471.58 Z60 E6.67
G1 F3547 X119.38 Y471.58 Z60 E6.67
G1 F3547 X119.38 Y471.58 Z60 E6.67
G1 F3547 X119.38 Y471.58 Z60 E6.67
G1 F3547 X119.38 Y471.58 Z60 E6.67
G1 F3547 X119.38 Y471.58 Z60 E6.67
G1 F3547 X119.38 Y471.58 Z60 E6.67
G1 F3547 X119.38 Y471.58 Z60 E6.67
G1 F3547 X119.38 Y471.58 Z60 E6.67
G1 F3547 X119.38 Y471.58 Z60 E6.67
G1 F3547 X119.38 Y471.58 Z60 E6.67
G1 F3547 X119.38 Y471.58 Z60 E6.67
G1 F3547 X119.38 Y471.58 Z60 E6.67
G1 F3547 X119.38 Y471.58 Z60 E6.67
G1 F3547 X119.38 Y471.58 Z60 E6.67
G1 F3547 X119.38 Y471.58 Z60 E6.67
G1 F3547 X119.38 Y471.58 Z60 E6.67
G1 F3547 X119.38 Y471.58 Z60 E6.67
G1 F3547 X119.38 Y471.58 Z60 E6.67
G1 F3547 X119.38 Y471.58 Z60 E6.67
G1 F3547 X119.38 Y471.58 Z60 E6.67
G1 F3547 X119.38 Y471.58 Z60 E6.67
G1 F3547 X119.38 Y471.58 Z60 E6.67
G1 F3547 X119.38 Y471.58 Z60 E6.67
G1 F3547 X119.38 Y471.58 Z60 E6.67
G1 F3547 X119.38 Y471.58 Z60 E6.67
G1 F3547 X119.38 Y471.58 Z60 E6.67
G1 F3547 X119.38 Y471.58 Z60 E6.67
G1 F3547 X119.38 Y471.58 Z60 E6.67
G1 F3547 X119.38 Y471.58 Z60 E6.67
G1 F3547 X119.38 Y471.58 Z60 E6.67
G1 F3547 X119.38 Y471.58 Z60 E6.67
G1 F3547 X119.38 Y471.58 Z60 E6.67
G1 F3547 X119.38 Y471.58 Z60 E6.67
G1 F3547 X119.38 Y471.58 Z60 E6.67
G1 F3547 X119.38 Y471.58 Z60 E6.67
G1 F3547 X119.38 Y471.58 Z60 E6.67
G1 F3547 X119.38 Y471.58 Z60 E6.67
G1 F3547 X119.38 Y471.58 Z60 E6.67
G1 F3547 X119.38 Y471.58 Z60 E6.67
G1 F3547 X119.38 Y471.58 Z60 E6.67
G1 F3547 X119.38 Y471.58 Z60 E6.67
G1 F3547 X119.38 Y471.58 Z60 E6.67
G1 F3547 X119.38 Y471.58 Z60 E6.67
G1 F3547 X119.38 Y471.58 Z60 E6.67
G1 F3547 X119.38 Y471.58 Z60 E6.67
G1 F3547 X119.38 Y471.58 Z60 E6.67
G1 F3547 X119.38 Y471.58 Z60 E6.67
G1 F3547 X119.38 Y471.58 Z60 E6.67
G1 F3547 X119.38 Y471.58 Z60 E6.67
G1 F3547 X119.38 Y471.58 Z60 E6.67
G1 F3547 X119.38 Y471.58 Z60 E6.67
G1 F3547 X119.38 Y471.58 Z60 E6.67
G1 F3547 X119.38 Y471.58 Z60 E6.67
G1 F3547 X119.38 Y471.58 Z60 E6.67
G1 F3547 X119.38 Y471.58 Z60 E6.67
G1 F3547 X119.38 Y471.58 Z60 E6.67
G1 F3547 X119.38 Y471.58 Z60 E6.67
G1 F3547 X119.38 Y471.58 Z60 E6.67
G1 F3547 X119.38 Y471.58 Z60 E6.67
G1 F3547 X119.38 Y471.58 Z60 E6.67
G1 F3547 X119.38 Y471.58 Z60 E6.67
G1 F3547 X119.38 Y471.58 Z60 E6.67
G1 F3547 X119.38 Y471.58 Z60 E6.67
G1 F3547 X119.38 Y471.58 Z60 E6.67
G1 F3547 X119.38 Y471.58 Z60 E6.67
G1 F3547 X119.38 Y471.58 Z60 E6.67
G1 F3547 X119.38 Y471.58 Z60 E6.67
G1 F3547 X119.38 Y471.58 Z60 E6.67
G1 F3547 X119.38 Y471.58 Z60 E6.67
G1 F3547 X119.38 Y471.58 Z60 E6.67
G1 F3547 X119.38 Y471.58 Z60 E6.67
G1 F3547 X119.38 Y471.58 Z60 E6.67
G1 F3547 X119.38 Y471.58 Z60 E6.67
G1 F3547 X119.38 Y471.58 Z60 E6.67
G1 F3547 X119.38 Y471.58 Z60 E6.67
G1 F3547 X119.38 Y471.58 Z60 E6.67
G1 F3547 X119.38 Y471.58 Z60 E6.67
G1 F3547 X119.38 Y471.58 Z60 E6.67
G1 F3547 X119.38 Y471.58 Z60 E6.67
G1 F3547 X119.38 Y471.58 Z60 E6.67
G1 F3547 X119.38 Y471.58 Z60 E6.67
G1 F3547 X119.38 Y471.58 Z60 E6.67
G1 F3547 X119.38 Y471.58 Z60 E6.67
G1 F3547 X119.38 Y471.58 Z60 E6.67
G1 F3547 X119.38 Y471.58 Z60 E6.67
G1 F3547 X119.38 Y471.58 Z60 E6.67
G1 F3547 X119.38 Y471.58 Z60 E6.67
G1 F3547 X119.38 Y471.58 Z60 E6.67
G1 F3547 X119.38 Y471.58 Z60 E6.67
G1 F3547 X119.38 Y471.58 Z60 E6.67
G1 F3547 X119.38 Y471.58 Z60 E6.67
G1 F3547 X119.38 Y471.58 Z60 E6.67
G1 F3547 X119.38 Y471.58 Z60 E6.67
G1 F3547 X119.38 Y471.58 Z60 E6.67
G1 F3547 X119.38 Y471.58 Z60 E6.67
G1 F3547 X119.38 Y471.58 Z60 E6.67
G1 F3547 X119.38 Y471.58 Z60 E6.67
G1 F3547 X119.38 Y471.58 Z60 E6.67
G1 F3547 X119.38 Y471.58 Z60 E6.67
G1 F3547 X119.38 Y471.58 Z60 E6.67
G1 F3547 X119.38 Y471.58 Z60 E6.67
G1 F3547 X119.38 Y471.58 Z60 E6.67
G1 F3547 X119.38 Y471.58 Z60 E6.67
G1 F3547 X119.38 Y471.58 Z60 E6.67
G1 F3547 X119.38 Y471.58 Z60 E6.67
G1 F3547 X119.38 Y471.58 Z60 E6.67
G1 F3547 X119.38 Y471.58 Z60 E6.67
G1 F3547 X119.38 Y471.58 Z60 E6.67
G1 F3547 X119.38 Y471.58 Z60 E6.67
G1 F3547 X119.38 Y471.58 Z60 E6.67
G1 F3547 X119.38 Y471.58 Z60 E6.67
G1 F3547 X119.38 Y471.58 Z60 E6.67
G1 F3547 X119.38 Y471.58 Z60 E6.67
G1 F3547 X119.38 Y471.58 Z60 E6.67
G1 F3547 X119.38 Y471.58 Z60 E6.67
G1 F3547 X119.38 Y471.58 Z60 E6.67
G1 F3547 X119.38 Y471.58 Z60 E6.67
G1 F3547 X119.38 Y471.58 Z60 E6.67
G1 F3547 X119.38 Y471.58 Z60 E6.67
G1 F3547 X119.38 Y471.58 Z60 E6.67
G1 F3547 X119.38 Y471.58 Z60 E6.67
G1 F3547 X119.38 Y471.58 Z60 E6.67
G1 F3547 X119.38 Y471.58 Z60 E6.67
G1 F3547 X119.38 Y471.58 Z60 E6.67
G1 F3547 X119.38 Y471.58 Z60 E6.67
G1 F3547 X119.38 Y471.58 Z60 E6.67
G1 F3547 X119.38 Y471.58 Z60 E6.67
G1 F3547 X119.38 Y471.58 Z60 E6.67
G1 F3547 X119.38 Y471.58 Z60 E6.67
G1 F3547 X119.38 Y471.58 Z60 E6.67
G1 F3547 X119.38 Y471.58 Z60 E6.67
G1 F3547 X119.38 Y471.58 Z60 E6.67
G1 F3547 X119.38 Y471.58 Z60 E6.67
G1 F3547 X119.38 Y471.58 Z60 E6.67
G1 F3547 X119.38 Y471.58 Z60 E6.67
G1 F3547 X119.38 Y471.58 Z60 E6.67
G1 F3547 X119.38 Y471.58 Z60 E6.67
G1 F3547 X119.38 Y471.58 Z60 E6.67
G1 F3547 X119.38 Y471.58 Z60 E6.67
G1 F3547 X119.38 Y471.58 Z60 E6.67
G1 F3547 X119.38 Y471.58 Z60 E6.67
G1 F3547 X119.38 Y471.58 Z60 E6.67
G1 F3547 X119.38 Y471.58 Z60 E6.67
G1 F3547 X119.38 Y471.58 Z60 E6.67
G1 F3547 X119.38 Y471.58 Z60 E6.67
G1 F3547 X119.38 Y471.58 Z60 E6.67
G1 F3547 X119.38 Y471.58 Z60 E6.67
G1 F3547 X119.38 Y471.58 Z60 E6.67
G1 F3547 X119.38 Y471.58 Z60 E6.67
G1 F3547 X119.38 Y471.58 Z60 E6.67
G1 F3547 X119.38 Y471.58 Z60 E6.67
G1 F3547 X119.38 Y471.58 Z60 E6.67
G1 F3547 X119.38 Y471.58 Z60 E6.67
G1 F3547 X119.38 Y471.58 Z60 E6.67
G1 F3547 X119.38 Y471.58 Z60 E6.67
G1 F3547 X119.38 Y471.58 Z60 E6.67
G1 F3547 X119.38 Y471.58 Z60 E6.67
G1 F3547 X119.38 Y471.58 Z60 E6.67
G1 F3547 X119.38 Y471.58 Z60 E6.67
G1 F3547 X119.38 Y471.58 Z60 E6.67
G1 F3547 X119.38 Y471.58 Z60 E6.67
G1 F3547 X119.38 Y471.58 Z60 E6.67
G1 F3547 X119.38 Y471.58 Z60 E6.67
G1 F3547 X119.38 Y471.58 Z60 E6.67
G1 F3547 X119.38 Y471.58 Z60 E6.67
G1 F3547 X119.38 Y471.58 Z60 E6.67
G1 F3547 X119.38 Y471.58 Z60 E6.67
G1 F3547 X119.38 Y471.58 Z60 E6.67
G1 F3547 X119.38 Y471.58 Z60 E6.67
G1 F3547 X119.38 Y471.58 Z60 E6.67
G1 F3547 X119.38 Y471.58 Z60 E6.67
G1 F3547 X119.38 Y471.58 Z60 E6.67
G1 F3547 X119.38 Y471.58 Z60 E6.67
G1 F3547 X119.38 Y471.58 Z60 E6.67
G1 F3547 X119.38 Y471.58 Z60 E6.67
G1 F3547 X119.38 Y471.58 Z60 E6.67
G1 F3547 X119.38 Y471.58 Z60 E6.67
G1 F3547 X119.38 Y471.58 Z60 E6.67
G1 F3547 X119.38 Y471.58 Z60 E6.67
G1 F3547 X119.38 Y471.58 Z60 E6.67
G1 F3547 X119.38 Y471.58 Z60 E6.67
G1 F3547 X119.38 Y471.58 Z60 E6.67
G1 F3547 X119.38 Y471.58 Z60 E6.67
G1 F3547 X119.38 Y471.58 Z60 E6.67
G1 F3547 X119.38 Y471.58 Z60 E6.67
G1 F3547 X119.38 Y471.58 Z60 E6.67
G1 F3547 X119.38 Y471.58 Z60 E6.67
G1 F3547 X119.38 Y471.58 Z60 E6.67
G1 F3547 X119.38 Y471.58 Z60 E6.67
G1 F3547 X119.38 Y471.58 Z60 E6.67
G1 F3547 X119.38 Y471.58 Z60 E6.67
G1 F3547 X119.38 Y471.58 Z60 E6.67
G1 F3547 X119.38 Y471.58 Z60 E6.67
G1 F3547 X119.38 Y471.58 Z60 E6.67
G1 F3547 X119.38 Y471.58 Z60 E6.67
G1 F3547 X119.38 Y471.58 Z60 E6.67
G1 F3547 X119.38 Y471.58 Z60 E6.67
G1 F3547 X119.38 Y471.58 Z60 E6.67
G1 F3547 X119.38 Y471.58 Z60 E6.67
G1 F3547 X119.38 Y471.58 Z60 E6.67
G1 F3547 X119.38 Y471.58 Z60 E6.67
G1 F3547 X119.38 Y471.58 Z60 E6.67
G1 F3547 X119.38 Y471.58 Z60 E6.67
G1 F3547 X119.38 Y471.58 Z60 E6.67
G1 F3547 X119.38 Y471.58 Z60 E6.67
G1 F3547 X119.38 Y471.58 Z60 E6.67
G1 F3547 X119.38 Y471.58 Z60 E6.67
G1 F3547 X119.38 Y471.58 Z60 E6.67
G1 F3547 X119.38 Y471.58 Z60 E6.67
G1 F3547 X119.38 Y471.58 Z60 E6.67
G1 F3547 X119.38 Y471.58 Z60 E6.67
G1 F3547 X119.38 Y471.58 Z60 E6.67
G1 F3547 X119.38 Y471.58 Z60 E6.67
G1 F3547 X119.38 Y471.58 Z60 E6.67
G1 F3547 X119.38 Y471.58 Z60 E6.67
G1 F3547 X119.38 Y471.58 Z60 E6.67
G1 F3547 X119.38 Y471.58 Z60 E6.67
G1 F3547 X119.38 Y471.58 Z60 E6.67
G1 F3547 X119.38 Y471.58 Z60 E6.67
G1 F3547 X119.38 Y471.58 Z60 E6.67
G1 F3547 X119.38 Y471.58 Z60 E6.67
G1 F3547 X119.38 Y471.58 Z60 E6.67
G1 F3547 X119.38 Y471.58 Z60 E6.67
G1 F3547 X119.38 Y471.58 Z60 E6.67
G1 F3547 X119.38 Y471.58 Z60 E6.67
G1 F3547 X119.38 Y471.58 Z60 E6.67
G1 F3547 X119.38 Y471.58 Z60 E6.67
G1 F3547 X119.38 Y471.58 Z60 E6.67
G1 F3547 X119.38 Y471.58 Z60 E6.67
G1 F3547 X119.38 Y471.58 Z60 E6.67
G1 F3547 X119.38 Y471.58 Z60 E6.67
G1 F3547 X119.38 Y471.58 Z60 E6.67
G1 F3547 X119.38 Y471.58 Z60 E6.67
G1 F3547 X119.38 Y471.58 Z60 E6.67
G1 F3547 X119.38 Y471.58 Z60 E6.67
G1 F3547 X119.38 Y471.58 Z60 E6.67
G1 F3547 X119.38 Y471.58 Z60 E6.67
G1 F3547 X119.38 Y471.58 Z60 E6.67
G1 F3547 X119.38 Y471.58 Z60 E6.67
G1 F3547 X119.38 Y471.58 Z60 E6.67
G1 F3547 X119.38 Y471.58 Z60 E6.67
G1 F3547 X119.38 Y471.58 Z60 E6.67
G1 F3547 X119.38 Y471.58 Z60 E6.67
G1 F3547 X119.38 Y471.58 Z60 E6.67
G1 F3547 X119.38 Y471.58 Z60 E6.67
G1 F3547 X119.38 Y471.58 Z60 E6.67
G1 F3547 X119.38 Y471.58 Z60 E6.67
G1 F3547 X119.38 Y471.58 Z60 E6.67
G1 F3547 X119.38 Y471.58 Z60 E6.67
G1 F3547 X119.38 Y471.58 Z60 E6.67
G1 F3547 X119.38 Y471.58 Z60 E6.67
G1 F3547 X119.38 Y471.58 Z60 E6.67
G1 F3547 X119.38 Y471.58 Z60 E6.67
G1 F3547 X119.38 Y471.58 Z60 E6.67
G1 F3547 X119.38 Y471.58 Z60 E6.67
G1 F3547 X119.38 Y471.58 Z60 E6.67
G1 F3547 X119.38 Y471.58 Z60 E6.67
G1 F3547 X119.38 Y471.58 Z60 E6.67
G1 F3547 X119.38 Y471.58 Z60 E6.67
G1 F3547 X119.38 Y471.58 Z60 E6.67
G1 F3547 X119.38 Y471.58 Z60 E6.67
G1 F3547 X119.38 Y471.58 Z60 E6.67
G1 F3547 X119.38 Y471.58 Z60 E6.67
G1 F3547 X119.38 Y471.58 Z60 E6.67
G1 F3547 X119.38 Y471.58 Z60 E6.67
G1 F3547 X119.38 Y471.58 Z60 E6.67
G1 F3547 X119.38 Y471.58 Z60 E6.67
G1 F3547 X119.38 Y471.58 Z60 E6.67
G1 F3547 X119.38 Y471.58 Z60 E6.67
G1 F3547 X119.38 Y471.58 Z60 E6.67
G1 F3547 X119.38 Y471.58 Z60 E6.67
G1 F3547 X119.38 Y471.58 Z60 E6.67
G1 F3547 X119.38 Y471.58 Z60 E6.67
G1 F3547 X119.38 Y471.58 Z60 E6.67
G1 F3547 X119.38 Y471.58 Z60 E6.67
G1 F3547 X119.38 Y471.58 Z60 E6.67
G1 F3547 X119.38 Y471.58 Z60 E6.67
G1 F3547 X119.38 Y471.58 Z60 E6.67
G1 F3547 X119.38 Y471.58 Z60 E6.67
G1 F3547 X119.38 Y471.58 Z60 E6.67
G1 F3547 X119.38 Y471.58 Z60 E6.67
G1 F3547 X119.38 Y471.58 Z60 E6.67
G1 F3547 X119.38 Y471.58 Z60 E6.67
G1 F3547 X119.38 Y471.58 Z60 E6.67
G1 F3547 X119.38 Y471.58 Z60 E6.67
G1 F3547 X119.38 Y471.58 Z60 E6.67
G1 F3547 X119.38 Y471.58 Z60 E6.67
G1 F3547 X119.38 Y471.58 Z60 E6.67
G1 F3547 X119.38 Y471.58 Z60 E6.67
G1 F3547 X119.38 Y471.58 Z60 E6.67
G1 F3547 X119.38 Y471.58 Z60 E6.67
G1 F3547 X119.38 Y471.58 Z60 E6.67
G1 F3547 X119.38 Y471.58 Z60 E6.67
G1 F3547 X119.38 Y471.58 Z60 E6.67
G1 F3547 X119.38 Y471.58 Z60 E6.67
G1 F3547 X119.38 Y471.58 Z60 E6.67
G1 F3547 X119.38 Y471.58 Z60 E6.67
G1 F3547 X119.38 Y471.58 Z60 E6.67
G1 F3547 X119.38 Y471.58 Z60 E6.67
G1 F3547 X119.38 Y471.58 Z60 E6.67
G1 F3547 X119.38 Y471.58 Z60 E6.67
G1 F3547 X119.38 Y471.58 Z60 E6.67
G1 F3547 X119.38 Y471.58 Z60 E6.67
G1 F3547 X119.38 Y471.58 Z60 E6.67
G1 F3547 X119.38 Y471.58 Z60 E6.67
G1 F3547 X119.38 Y471.58 Z60 E6.67
G1 F3547 X119.38 Y471.58 Z60 E6.67
G1 F3547 X119.38 Y471.58 Z60 E6.67
G1 F3547 X119.38 Y471.58 Z60 E6.67
G1 F3547 X119.38 Y471.58 Z60 E6.67
G1 F3547 X119.38 Y471.58 Z60 E6.67
G1 F3547 X119.38 Y471.58 Z60 E6.67
G1 F3547 X119.38 Y471.58 Z60 E6.67
G1 F3547 X119.38 Y471.58 Z60 E6.67
G1 F3547 X119.38 Y471.58 Z60 E6.67
G1 F3547 X119.38 Y471.58 Z60 E6.67
G1 F3547 X119.38 Y471.58 Z60 E6.67
G1 F3547 X119.38 Y471.58 Z60 E6.67
G1 F3547 X119.38 Y471.58 Z60 E6.67
G1 F3547 X119.38 Y471.58 Z60 E6.67
G1 F3547 X119.38 Y471.58 Z60 E6.67
G1 F3547 X119.38 Y471.58 Z60 E6.67
G1 F3547 X119.38 Y471.58 Z60 E6.67
G1 F3547 X119.38 Y471.58 Z60 E6.67
G1 F3547 X119.38 Y471.58 Z60 E6.67
G1 F3547 X119.38 Y471.58 Z60 E6.67
G1 F3547 X119.38 Y471.58 Z60 E6.67
G1 F3547 X119.38 Y471.58 Z60 E6.67
G1 F3547 X119.38 Y471.58 Z60 E6.67
G1 F3547 X119.38 Y471.58 Z60 E6.67
G1 F3547 X119.38 Y471.58 Z60 E6.67
G1 F3547 X119.38 Y471.58 Z60 E6.67
G1 F3547 X119.38 Y471.58 Z60 E6.67
G1 F3547 X119.38 Y471.58 Z60 E6.67
G1 F3547 X119.38 Y471.58 Z60 E6.67
G1 F3547 X119.38 Y471.58 Z60 E6.67
G1 F3547 X119.38 Y471.58 Z60 E6.67
G1 F3547 X119.38 Y471.58 Z60 E6.67
G1 F3547 X119.38 Y471.58 Z60 E6.67
G1 F3547 X119.38 Y471.58 Z60 E6.67
G1 F3547 X119.38 Y471.58 Z60 E6.67
G1 F3547 X119.38 Y471.58 Z60 E6.67
G1 F3547 X119.38 Y471.58 Z60 E6.67
G1 F3547 X119.38 Y471.58 Z60 E6.67
G1 F3547 X119.38 Y471.58 Z60 E6.67
G1 F3547 X119.38 Y471.58 Z60 E6.67
G1 F3547 X119.38 Y471.58 Z60 E6.67
G1 F3547 X119.38 Y471.58 Z60 E6.67
G1 F3547 X119.38 Y471.58 Z60 E6.67
G1 F3547 X119.38 Y471.58 Z60 E6.67
G1 F3547 X119.38 Y471.58 Z60 E6.67
G1 F3547 X119.38 Y471.58 Z60 E6.67
G1 F3547 X119.38 Y471.58 Z60 E6.67
G1 F3547 X119.38 Y471.58 Z60 E6.67
G1 F3547 X119.38 Y471.58 Z60 E6.67
G1 F3547 X119.38 Y471.58 Z60 E6.67
G1 F3547 X119.38 Y471.58 Z60 E6.67
G1 F3547 X119.38 Y471.58 Z60 E6.67
G1 F3547 X119.38 Y471.58 Z60 E6.67
G1 F3547 X119.38 Y471.58 Z60 E6.67
G1 F3547 X119.38 Y471.58 Z60 E6.67
G1 F3547 X119.38 Y471.58 Z60 E6.67
G1 F3547 X119.38 Y471.58 Z60 E6.67
G1 F3547 X119.38 Y471.58 Z60 E6.67
G1 F3547 X119.38 Y471.58 Z60 E6.67
G1 F3547 X119.38 Y471.58 Z60 E6.67
G1 F3547 X119.38 Y471.58 Z60 E6.67
G1 F3547 X119.38 Y471.58 Z60 E6.67
G1 F3547 X119.38 Y471.58 Z60 E6.67
G1 F3547 X119.38 Y471.58 Z60 E6.67
G1 F3547 X119.38 Y471.58 Z60 E6.67
G1 F3547 X119.38 Y471.58 Z60 E6.67
G1 F3547 X119.38 Y471.58 Z60 E6.67
G1 F3547 X119.38 Y471.58 Z60 E6.67
G1 F3547 X119.38 Y471.58 Z60 E6.67
G1 F3547 X119.38 Y471.58 Z60 E6.67
G1 F3547 X119.38 Y471.58 Z60 E6.67
G1 F3547 X119.38 Y471.58 Z60 E6.67
G1 F3547 X119.38 Y471.58 Z60 E6.67
G1 F3547 X119.38 Y471.58 Z60 E6.67
G1 F3547 X119.38 Y471.58 Z60 E6.67
G1 F3547 X119.38 Y471.58 Z60 E6.67
G1 F3547 X119.38 Y471.58 Z60 E6.67
G1 F3547 X119.38 Y471.58 Z60 E6.67
G1 F3547 X119.38 Y471.58 Z60 E6.67
G1 F3547 X119.38 Y471.58 Z60 E6.67
G1 F3547 X119.38 Y471.58 Z60 E6.67
G1 F3547 X119.38 Y471.58 Z60 E6.67
G1 F3547 X119.38 Y471.58 Z60 E6.67
G1 F3547 X119.38 Y471.58 Z60 E6.67
G1 F3547 X119.38 Y471.58 Z60 E6.67
G1 F3547 X119.38 Y471.58 Z60 E6.67
G1 F3547 X119.38 Y471.58 Z60 E6.67
G1 F3547 X119.38 Y471.58 Z60 E6.67
G1 F3547 X119.38 Y471.58 Z60 E6.67
G1 F3547 X119.38 Y471.58 Z60 E6.67
G1 F3547 X119.38 Y471.58 Z60 E6.67
G1 F3547 X119.38 Y471.58 Z60 E6.67
G1 F3547 X119.38 Y471.58 Z60 E6.67
G1 F3547 X119.38 Y471.58 Z60 E6.67
G1 F3547 X119.38 Y471.58 Z60 E6.67
G1 F3547 X119.38 Y471.58 Z60 E6.67
G1 F3547 X119.38 Y471.58 Z60 E6.67
G1 F3547 X119.38 Y471.58 Z60 E6.67
G1 F3547 X119.38 Y471.58 Z60 E6.67
G1 F3547 X119.38 Y471.58 Z60 E6.67
G1 F3547 X119.38 Y471.58 Z60 E6.67
G1 F3547 X119.38 Y471.58 Z60 E6.67
G1 F3547 X119.38 Y471.58 Z60 E6.67
G1 F3547 X119.38 Y471.58 Z60 E6.67
G1 F3547 X119.38 Y471.58 Z60 E6.67
G1 F3547 X119.38 Y471.58 Z60 E6.67
G1 F3547 X119.38 Y471.58 Z60 E6.67
G1 F3547 X119.38 Y471.58 Z60 E6.67
G1 F3547 X119.38 Y471.58 Z60 E6.67
G1 F3547 X119.38 Y471.58 Z60 E6.67
G1 F3547 X119.38 Y471.58 Z60 E6.67
G1 F3547 X119.38 Y471.58 Z60 E6.67
G1 F3547 X119.38 Y471.58 Z60 E6.67
G1 F3547 X119.38 Y471.58 Z60 E6.67
G1 F3547 X119.38 Y471.58 Z60 E6.67
G1 F3547 X119.38 Y471.58 Z60 E6.67
G1 F3547 X119.38 Y471.58 Z60 E6.67
G1 F3547 X119.38 Y471.58 Z60 E6.67
G1 F3547 X119.38 Y471.58 Z60 E6.67
G1 F3547 X119.38 Y471.58 Z60 E6.67
G1 F3547 X119.38 Y471.58 Z60 E6.67
G1 F3547 X119.38 Y471.58 Z60 E6.67
G1 F3547 X119.38 Y471.58 Z60 E6.67
G1 F3547 X119.38 Y471.58 Z60 E6.67
G1 F3547 X119.38 Y471.58 Z60 E6.67
G1 F3547 X119.38 Y471.58 Z60 E6.67
G1 F3547 X119.38 Y471.58 Z60 E6.67
G1 F3547 X119.38 Y471.58 Z60 E6.67
G1 F3547 X119.38 Y471.58 Z60 E6.67
G1 F3547 X119.38 Y471.58 Z60 E6.67
G1 F3547 X119.38 Y471.58 Z60 E6.67
G1 F3547 X119.38 Y471.58 Z60 E6.67
G1 F3547 X119.38 Y471.58 Z60 E6.67
G1 F3547 X119.38 Y471.58 Z60 E6.67
G1 F3547 X119.38 Y471.58 Z60 E6.67
G1 F3547 X119.38 Y471.58 Z60 E6.67
G1 F3547 X119.38 Y471.58 Z60 E6.67
G1 F3547 X119.38 Y471.58 Z60 E6.67
G1 F3547 X119.38 Y471.58 Z60 E6.67
G1 F3547 X119.38 Y471.58 Z60 E6.67
G1 F3547 X119.38 Y471.58 Z60 E6.67
G1 F3547 X119.38 Y471.58 Z60 E6.67
G1 F3547 X119.38 Y471.58 Z60 E6.67
G1 F3547 X119.38 Y471.58 Z60 E6.67
G1 F3547 X119.38 Y471.58 Z60 E6.67
G1 F3547 X119.38 Y471.58 Z60 E6.67
G1 F3547 X119.38 Y471.58 Z60 E6.67
G1 F3547 X119.38 Y471.58 Z60 E6.67
G1 F3547 X119.38 Y471.58 Z60 E6.67
G1 F3547 X119.38 Y471.58 Z60 E6.67
G1 F3547 X119.38 Y471.58 Z60 E6.67
G1 F3547 X119.38 Y471.58 Z60 E6.67
G1 F3547 X119.38 Y471.58 Z60 E6.67
G1 F3547 X119.38 Y471.58 Z60 E6.67
G1 F3547 X119.38 Y471.58 Z60 E6.67
G1 F3547 X119.38 Y471.58 Z60 E6.67
G1 F3547 X119.38 Y471.58 Z60 E6.67
G1 F3547 X119.38 Y471.58 Z60 E6.67
G1 F3547 X119.38 Y471.58 Z60 E6.67
G1 F3547 X119.38 Y471.58 Z60 E6.67
G1 F3547 X119.38 Y471.58 Z60 E6.67
G1 F3547 X119.38 Y471.58 Z60 E6.67
G1 F3547 X119.38 Y471.58 Z60 E6.67
G1 F3547 X119.38 Y471.58 Z60 E6.67
G1 F3547 X119.38 Y471.58 Z60 E6.67
G1 F3547 X119.38 Y471.58 Z60 E6.67
G1 F3547 X119.38 Y471.58 Z60 E6.67
G1 F3547 X119.38 Y471.58 Z60 E6.67
G1 F3547 X119.38 Y471.58 Z60 E6.67
G1 F3547 X119.38 Y471.58 Z60 E6.67
G1 F3547 X119.38 Y471.58 Z60 E6.67
G1 F3547 X119.38 Y471.58 Z60 E6.67
G1 F3547 X119.38 Y471.58 Z60 E6.67
G1 F3547 X119.38 Y471.58 Z60 E6.67
G1 F3547 X119.38 Y471.58 Z60 E6.67
G1 F3547 X119.38 Y471.58 Z60 E6.67
G1 F3547 X119.38 Y471.58 Z60 E6.67
G1 F3547 X119.38 Y471.58 Z60 E6.67
G1 F3547 X119.38 Y471.58 Z60 E6.67
G1 F3547 X119.38 Y471.58 Z60 E6.67
G1 F3547 X119.38 Y471.58 Z60 E6.67
G1 F3547 X119.38 Y471.58 Z60 E6.67
G1 F3547 X119.38 Y471.58 Z60 E6.67
G1 F3547 X119.38 Y471.58 Z60 E6.67
G1 F3547 X119.38 Y471.58 Z60 E6.67
G1 F3547 X119.38 Y471.58 Z60 E6.67
G1 F3547 X119.38 Y471.58 Z60 E6.67
G1 F3547 X119.38 Y471.58 Z60 E6.67
G1 F3547 X119.38 Y471.58 Z60 E6.67
G1 F3547 X119.38 Y471.58 Z60 E6.67
G1 F3547 X119.38 Y471.58 Z60 E6.67
G1 F3547 X119.38 Y471.58 Z60 E6.67
G1 F3547 X119.38 Y471.58 Z60 E6.67
G1 F3547 X119.38 Y471.58 Z60 E6.67
G1 F3547 X119.38 Y471.58 Z60 E6.67
G1 F3547 X119.38 Y471.58 Z60 E6.67
G1 F3547 X119.38 Y471.58 Z60 E6.67
G1 F3547 X119.38 Y471.58 Z60 E6.67
G1 F3547 X119.38 Y471.58 Z60 E6.67
G1 F3547 X119.38 Y471.58 Z60 E6.67
G1 F3547 X119.38 Y471.58 Z60 E6.67
G1 F3547 X119.38 Y471.58 Z60 E6.67
G1 F3547 X119.38 Y471.58 Z60 E6.67
G1 F3547 X119.38 Y471.58 Z60 E6.67
G1 F3547 X119.38 Y471.58 Z60 E6.67
G1 F3547 X119.38 Y471.58 Z60 E6.67
G1 F3547 X119.38 Y471.58 Z60 E6.67
G1 F3547 X119.38 Y471.58 Z60 E6.67
G1 F3547 X119.38 Y471.58 Z60 E6.67
G1 F3547 X119.38 Y471.58 Z60 E6.67
G1 F3547 X119.38 Y471.58 Z60 E6.67
G1 F3547 X119.38 Y471.58 Z60 E6.67
G1 F3547 X119.38 Y471.58 Z60 E6.67
G1 F3547 X119.38 Y471.58 Z60 E6.67
G1 F3547 X119.38 Y471.58 Z60 E6.67
G1 F3547 X119.38 Y471.58 Z60 E6.67
G1 F3547 X119.38 Y471.58 Z60 E6.67
G1 F3547 X119.38 Y471.58 Z60 E6.67
G1 F3547 X119.38 Y471.58 Z60 E6.67
G1 F3547 X119.38 Y471.58 Z60 E6.67
G1 F3547 X119.38 Y471.58 Z60 E6.67
G1 F3547 X119.38 Y471.58 Z60 E6.67
G1 F3547 X119.38 Y471.58 Z60 E6.67
G1 F3547 X119.38 Y471.58 Z60 E6.67
G1 F3547 X119.38 Y471.58 Z60 E6.67
G1 F3547 X119.38 Y471.58 Z60 E6.67
G1 F3547 X119.38 Y471.58 Z60 E6.67
G1 F3547 X119.38 Y471.58 Z60 E6.67
G1 F3547 X119.38 Y471.58 Z60 E6.67
G1 F3547 X119.38 Y471.58 Z60 E6.67
G1 F3547 X119.38 Y471.58 Z60 E6.67
G1 F3547 X119.38 Y471.58 Z60 E6.67
G1 F3547 X119.38 Y471.58 Z60 E6.67
G1 F3547 X119.38 Y471.58 Z60 E6.67
G1 F3547 X119.38 Y471.58 Z60 E6.67
G1 F3547 X119.38 Y471.58 Z60 E6.67
G1 F3547 X119.38 Y471.58 Z60 E6.67
G1 F3547 X119.38 Y471.58 Z60 E6.67
G1 F3547 X119.38 Y471.58 Z60 E6.67
G1 F3547 X119.38 Y471.58 Z60 E6.67
G1 F3547 X119.38 Y471.58 Z60 E6.67
G1 F3547 X119.38 Y471.58 Z60 E6.67
G1 F3547 X119.38 Y471.58 Z60 E6.67
G1 F3547 X119.38 Y471.58 Z60 E6.67
G1 F3547 X119.38 Y471.58 Z60 E6.67
G1 F3547 X119.38 Y471.58 Z60 E6.67
G1 F3547 X119.38 Y471.58 Z60 E6.67
G1 F3547 X119.38 Y471.58 Z60 E6.67
G1 F3547 X119.38 Y471.58 Z60 E6.67
G1 F3547 X119.38 Y471.58 Z60 E6.67
G1 F3547 X119.38 Y471.58 Z60 E6.67
G1 F3547 X119.38 Y471.58 Z60 E6.67
G1 F3547 X119.38 Y471.58 Z60 E6.67
G1 F3547 X119.38 Y471.58 Z60 E6.67
G1 F3547 X119.38 Y471.58 Z60 E6.67
G1 F3547 X119.38 Y471.58 Z60 E6.67
G1 F3547 X119.38 Y471.58 Z60 E6.67
G1 F3547 X119.38 Y471.58 Z60 E6.67
G1 F3547 X119.38 Y471.58 Z60 E6.67
G1 F3547 X119.38 Y471.58 Z60 E6.67
G1 F3547 X119.38 Y471.58 Z60 E6.67
G1 F3547 X119.38 Y471.58 Z60 E6.67
G1 F3547 X119.38 Y471.58 Z60 E6.67
G1 F3547 X119.38 Y471.58 Z60 E6.67
G1 F3547 X119.38 Y471.58 Z60 E6.67
G1 F3547 X119.38 Y471.58 Z60 E6.67
G1 F3547 X119.38 Y471.58 Z60 E6.67
G1 F3547 X119.38 Y471.58 Z60 E6.67
G1 F3547 X119.38 Y471.58 Z60 E6.67
G1 F3547 X119.38 Y471.58 Z60 E6.67
G1 F3547 X119.38 Y471.58 Z60 E6.67
G1 F3547 X119.38 Y471.58 Z60 E6.67
G1 F3547 X119.38 Y471.58 Z60 E6.67
G1 F3547 X119.38 Y471.58 Z60 E6.67
G1 F3547 X119.38 Y471.58 Z60 E6.67
G1 F3547 X119.38 Y471.58 Z60 E6.67
G1 F3547 X119.38 Y471.58 Z60 E6.67
G1 F3547 X119.38 Y471.58 Z60 E6.67
G1 F3547 X119.38 Y471.58 Z60 E6.67
G1 F3547 X119.38 Y471.58 Z60 E6.67
G1 F3547 X119.38 Y471.58 Z60 E6.67
G1 F3547 X119.38 Y471.58 Z60 E6.67
G1 F3547 X119.38 Y471.58 Z60 E6.67
G1 F3547 X119.38 Y471.58 Z60 E6.67
G1 F3547 X119.38 Y471.58 Z60 E6.67
G1 F3547 X119.38 Y471.58 Z60 E6.67
G1 F3547 X119.38 Y471.58 Z60 E6.67
G1 F3547 X119.38 Y471.58 Z60 E6.67
G1 F3547 X119.38 Y471.58 Z60 E6.67
G1 F3547 X119.38 Y471.58 Z60 E6.67
G1 F3547 X119.38 Y471.58 Z60 E6.67
G1 F3547 X119.38 Y471.58 Z60 E6.67
G1 F3547 X119.38 Y471.58 Z60 E6.67
G1 F3547 X119.38 Y471.58 Z60 E6.67
G1 F3547 X119.38 Y471.58 Z60 E6.67
G1 F3547 X119.38 Y471.58 Z60 E6.67
G1 F3547 X119.38 Y471.58 Z60 E6.67
G1 F3547 X119.38 Y471.58 Z60 E6.67
G1 F3547 X119.38 Y471.58 Z60 E6.67
G1 F3547 X119.38 Y471.58 Z60 E6.67
G1 F3547 X119.38 Y471.58 Z60 E6.67
G1 F3547 X119.38 Y471.58 Z60 E6.67
G1 F3547 X119.38 Y471.58 Z60 E6.67
G1 F3547 X119.38 Y471.58 Z60 E6.67
G1 F3547 X119.38 Y471.58 Z60 E6.67
G1 F3547 X119.38 Y471.58 Z60 E6.67
G1 F3547 X119.38 Y471.58 Z60 E6.67
G1 F3547 X119.38 Y471.58 Z60 E6.67
G1 F3547 X119.38 Y471.58 Z60 E6.67
G1 F3547 X119.38 Y471.58 Z60 E6.67
G1 F3547 X119.38 Y471.58 Z60 E6.67
G1 F3547 X119.38 Y471.58 Z60 E6.67
G1 F3547 X119.38 Y471.58 Z60 E6.67
G1 F3547 X119.38 Y471.58 Z60 E6.67
G1 F3547 X119.38 Y471.58 Z60 E6.67
G1 F3547 X119.38 Y471.58 Z60 E6.67
G1 F3547 X119.38 Y471.58 Z60 E6.67
G1 F3547 X119.38 Y471.58 Z60 E6.67
G1 F3547 X119.38 Y471.58 Z60 E6.67
G1 F3547 X119.38 Y471.58 Z60 E6.67
G1 F3547 X119.38 Y471.58 Z60 E6.67
G1 F3547 X119.38 Y471.58 Z60 E6.67
G1 F3547 X119.38 Y471.58 Z60 E6.67
G1 F3547 X119.38 Y471.58 Z60 E6.67
G1 F3547 X119.38 Y471.58 Z60 E6.67
G1 F3547 X119.38 Y471.58 Z60 E6.67
G1 F3547 X119.38 Y471.58 Z60 E6.67
G1 F3547 X119.38 Y471.58 Z60 E6.67
G1 F3547 X119.38 Y471.58 Z60 E6.67
G1 F3547 X119.38 Y471.58 Z60 E6.67
G1 F3547 X119.38 Y471.58 Z60 E6.67
G1 F3547 X119.38 Y471.58 Z60 E6.67
G1 F3547 X119.38 Y471.58 Z60 E6.67
G1 F3547 X119.38 Y471.58 Z60 E6.67
G1 F3547 X119.38 Y471.58 Z60 E6.67
G1 F3547 X119.38 Y471.58 Z60 E6.67
G1 F3547 X119.38 Y471.58 Z60 E6.67
G1 F3547 X119.38 Y471.58 Z60 E6.67
G1 F3547 X119.38 Y471.58 Z60 E6.67
G1 F3547 X119.38 Y471.58 Z60 E6.67
G1 F3547 X119.38 Y471.58 Z60 E6.67
G1 F3547 X119.38 Y471.58 Z60 E6.67
G1 F3547 X119.38 Y471.58 Z60 E6.67
G1 F3547 X119.38 Y471.58 Z60 E6.67
G1 F3547 X119.38 Y471.58 Z60 E6.67
G1 F3547 X119.38 Y471.58 Z60 E6.67
G1 F3547 X119.38 Y471.58 Z60 E6.67
G1 F3547 X119.38 Y471.58 Z60 E6.67
G1 F3547 X119.38 Y471.58 Z60 E6.67
G1 F3547 X119.38 Y471.58 Z60 E6.67
G1 F3547 X119.38 Y471.58 Z60 E6.67
G1 F3547 X119.38 Y471.58 Z60 E6.67
G1 F3547 X119.38 Y471.58 Z60 E6.67
G1 F3547 X119.38 Y471.58 Z60 E6.67
G1 F3547 X119.38 Y471.58 Z60 E6.67
G1 F3547 X119.38 Y471.58 Z60 E6.67
G1 F3547 X119.38 Y471.58 Z60 E6.67
G1 F3547 X119.38 Y471.58 Z60 E6.67
G1 F3547 X119.38 Y471.58 Z60 E6.67
G1 F3547 X119.38 Y471.58 Z60 E6.67
G1 F3547 X119.38 Y471.58 Z60 E6.67
G1 F3547 X119.38 Y471.58 Z60 E6.67
G1 F3547 X119.38 Y471.58 Z60 E6.67
G1 F3547 X119.38 Y471.58 Z60 E6.67
G1 F3547 X119.38 Y471.58 Z60 E6.67
G1 F3547 X119.38 Y471.58 Z60 E6.67
G1 F3547 X119.38 Y471.58 Z60 E6.67
G1 F3547 X119.38 Y471.58 Z60 E6.67
G1 F3547 X119.38 Y471.58 Z60 E6.67
G1 F3547 X119.38 Y471.58 Z60 E6.67
G1 F3547 X119.38 Y471.58 Z60 E6.67
G1 F3547 X119.38 Y471.58 Z60 E6.67
G1 F3547 X119.38 Y471.58 Z60 E6.67
G1 F3547 X119.38 Y471.58 Z60 E6.67
G1 F3547 X119.38 Y471.58 Z60 E6.67
G1 F3547 X119.38 Y471.58 Z60 E6.67
G1 F3547 X119.38 Y471.58 Z60 E6.67
G1 F3547 X119.38 Y471.58 Z60 E6.67
G1 F3547 X119.38 Y471.58 Z60 E6.67
G1 F3547 X119.38 Y471.58 Z60 E6.67
G1 F3547 X119.38 Y471.58 Z60 E6.67
G1 F3547 X119.38 Y471.58 Z60 E6.67
G1 F3547 X119.38 Y471.58 Z60 E6.67
G1 F3547 X119.38 Y471.58 Z60 E6.67
G1 F3547 X119.38 Y471.58 Z60 E6.67
G1 F3547 X119.38 Y471.58 Z60 E6.67
G1 F3547 X119.38 Y471.58 Z60 E6.67
G1 F3547 X119.38 Y471.58 Z60 E6.67
G1 F3547 X119.38 Y471.58 Z60 E6.67
G1 F3547 X119.38 Y471.58 Z60 E6.67
G1 F3547 X119.38 Y471.58 Z60 E6.67
G1 F3547 X119.38 Y471.58 Z60 E6.67
G1 F3547 X119.38 Y471.58 Z60 E6.67
G1 F3547 X119.38 Y471.58 Z60 E6.67
G1 F3547 X119.38 Y471.58 Z60 E6.67
G1 F3547 X119.38 Y471.58 Z60 E6.67
G1 F3547 X119.38 Y471.58 Z60 E6.67
G1 F3547 X119.38 Y471.58 Z60 E6.67
G1 F3547 X119.38 Y471.58 Z60 E6.67
G1 F3547 X119.38 Y471.58 Z60 E6.67
G1 F3547 X119.38 Y471.58 Z60 E6.67
G1 F3547 X119.38 Y471.58 Z60 E6.67
G1 F3547 X119.38 Y471.58 Z60 E6.67
G1 F3547 X119.38 Y471.58 Z60 E6.67
G1 F3547 X119.38 Y471.58 Z60 E6.67
G1 F3547 X119.38 Y471.58 Z60 E6.67
G1 F3547 X119.38 Y471.58 Z60 E6.67
G1 F3547 X119.38 Y471.58 Z60 E6.67
G1 F3547 X119.38 Y471.58 Z60 E6.67
G1 F3547 X119.38 Y471.58 Z60 E6.67
G1 F3547 X119.38 Y471.58 Z60 E6.67
G1 F3547 X119.38 Y471.58 Z60 E6.67
G1 F3547 X119.38 Y471.58 Z60 E6.67
G1 F3547 X119.38 Y471.58 Z60 E6.67
G1 F3547 X119.38 Y471.58 Z60 E6.67
G1 F3547 X119.38 Y471.58 Z60 E6.67
G1 F3547 X119.38 Y471.58 Z60 E6.67
G1 F3547 X119.38 Y471.58 Z60 E6.67
G1 F3547 X119.38 Y471.58 Z60 E6.67
G1 F3547 X119.38 Y471.58 Z60 E6.67
G1 F3547 X119.38 Y471.58 Z60 E6.67
G1 F3547 X119.38 Y471.58 Z60 E6.67
G1 F3547 X119.38 Y471.58 Z60 E6.67
G1 F3547 X119.38 Y471.58 Z60 E6.67
G1 F3547 X119.38 Y471.58 Z60 E6.67
G1 F3547 X119.38 Y471.58 Z60 E6.67
G1 F3547 X119.38 Y471.58 Z60 E6.67
G1 F3547 X119.38 Y471.58 Z60 E6.67
G1 F3547 X119.38 Y471.58 Z60 E6.67
G1 F3547 X119.38 Y471.58 Z60 E6.67
G1 F3547 X119.38 Y471.58 Z60 E6.67
G1 F3547 X119.38 Y471.58 Z60 E6.67
G1 F3547 X119.38 Y471.58 Z60 E6.67
G1 F3547 X119.38 Y471.58 Z60 E6.67
G1 F3547 X119.38 Y471.58 Z60 E6.67
G1 F3547 X119.38 Y471.58 Z60 E6.67
G1 F3547 X119.38 Y471.58 Z60 E6.67
G1 F3547 X119.38 Y471.58 Z60 E6.67
G1 F3547 X119.38 Y471.58 Z60 E6.67
G1 F3547 X119.38 Y471.58 Z60 E6.67
G1 F3547 X119.38 Y471.58 Z60 E6.67
G1 F3547 X119.38 Y471.58 Z60 E6.67
G1 F3547 X119.38 Y471.58 Z60 E6.67
G1 F3547 X119.38 Y471.58 Z60 E6.67
G1 F3547 X119.38 Y471.58 Z60 E6.67
G1 F3547 X119.38 Y471.58 Z60 E6.67
G1 F3547 X119.38 Y471.58 Z60 E6.67
G1 F3547 X119.38 Y471.58 Z60 E6.67
G1 F3547 X119.38 Y471.58 Z60 E6.67
G1 F3547 X119.38 Y471.58 Z60 E6.67
G1 F3547 X119.38 Y471.58 Z60 E6.67
G1 F3547 X119.38 Y471.58 Z60 E6.67
G1 F3547 X119.38 Y471.58 Z60 E6.67
G1 F3547 X119.38 Y471.58 Z60 E6.67
G1 F3547 X119.38 Y471.58 Z60 E6.67
G1 F3547 X119.38 Y471.58 Z60 E6.67
G1 F3547 X119.38 Y471.58 Z60 E6.67
G1 F3547 X119.38 Y471.58 Z60 E6.67
G1 F3547 X119.38 Y471.58 Z60 E6.67
G1 F3547 X119.38 Y471.58 Z60 E6.67
G1 F3547 X119.38 Y471.58 Z60 E6.67
G1 F3547 X119.38 Y471.58 Z60 E6.67
G1 F3547 X119.38 Y471.58 Z60 E6.67
G1 F3547 X119.38 Y471.58 Z60 E6.67
G1 F3547 X119.38 Y471.58 Z60 E6.67
G1 F3547 X119.38 Y471.58 Z60 E6.67
G1 F3547 X119.38 Y471.58 Z60 E6.67
G1 F3547 X119.38 Y471.58 Z60 E6.67
G1 F3547 X119.38 Y471.58 Z60 E6.67
G1 F3547 X119.38 Y471.58 Z60 E6.67
G1 F3547 X119.38 Y471.58 Z60 E6.67
G1 F3547 X119.38 Y471.58 Z60 E6.67
G1 F3547 X119.38 Y471.58 Z60 E6.67
G1 F3547 X119.38 Y471.58 Z60 E6.67
G1 F3547 X119.38 Y471.58 Z60 E6.67
G1 F3547 X119.38 Y471.58 Z60 E6.67
G1 F3547 X119.38 Y471.58 Z60 E6.67
G1 F3547 X119.38 Y471.58 Z60 E6.67
G1 F3547 X119.38 Y471.58 Z60 E6.67
G1 F3547 X119.38 Y471.58 Z60 E6.67
G1 F3547 X119.38 Y471.58 Z60 E6.67
G1 F3547 X119.38 Y471.58 Z60 E6.67
G1 F3547 X119.38 Y471.58 Z60 E6.67
G1 F3547 X119.38 Y471.58 Z60 E6.67
G1 F3547 X119.38 Y471.58 Z60 E6.67
G1 F3547 X119.38 Y471.58 Z60 E6.67
G1 F3547 X119.38 Y471.58 Z60 E6.67
G1 F3547 X119.38 Y471.58 Z60 E6.67
G1 F3547 X119.38 Y471.58 Z60 E6.67
G1 F3547 X119.38 Y471.58 Z60 E6.67
G1 F3547 X119.38 Y471.58 Z60 E6.67
G1 F3547 X119.38 Y471.58 Z60 E6.67
G1 F3547 X119.38 Y471.58 Z60 E6.67
G1 F3547 X119.38 Y471.58 Z60 E6.67
G1 F3547 X119.38 Y471.58 Z60 E6.67
G1 F3547 X119.38 Y471.58 Z60 E6.67
G1 F3547 X119.38 Y471.58 Z60 E6.67
G1 F3547 X119.38 Y471.58 Z60 E6.67
G1 F3547 X119.38 Y471.58 Z60 E6.67
G1 F3547 X119.38 Y471.58 Z60 E6.67
G1 F3547 X119.38 Y471.58 Z60 E6.67
G1 F3547 X119.38 Y471.58 Z60 E6.67
G1 F3547 X119.38 Y471.58 Z60 E6.67
G1 F3547 X119.38 Y471.58 Z60 E6.67
G1 F3547 X119.38 Y471.58 Z60 E6.67
G1 F3547 X119.38 Y471.58 Z60 E6.67
G1 F3547 X119.38 Y471.58 Z60 E6.67
G1 F3547 X119.38 Y471.58 Z60 E6.67
G1 F3547 X119.38 Y471.58 Z60 E6.67
G1 F3547 X119.38 Y471.58 Z60 E6.67
G1 F3547 X119.38 Y471.58 Z60 E6.67
G1 F3547 X119.38 Y471.58 Z60 E6.67
G1 F3547 X119.38 Y471.58 Z60 E6.67
G1 F3547 X119.38 Y471.58 Z60 E6.67
G1 F3547 X119.38 Y471.58 Z60 E6.67
G1 F3547 X119.38 Y471.58 Z60 E6.67
G1 F3547 X119.38 Y471.58 Z60 E6.67
G1 F3547 X119.38 Y471.58 Z60 E6.67
G1 F3547 X119.38 Y471.58 Z60 E6.67
G1 F3547 X119.38 Y471.58 Z60 E6.67
G1 F3547 X119.38 Y471.58 Z60 E6.67
G1 F3547 X119.38 Y471.58 Z60 E6.67
G1 F3547 X119.38 Y471.58 Z60 E6.67
G1 F3547 X119.38 Y471.58 Z60 E6.67
G1 F3547 X119.38 Y471.58 Z60 E6.67
G1 F3547 X119.38 Y471.58 Z60 E6.67
G1 F3547 X119.38 Y471.58 Z60 E6.67
G1 F3547 X119.38 Y471.58 Z60 E6.67
G1 F3547 X119.38 Y471.58 Z60 E6.67
G1 F3547 X119.38 Y471.58 Z60 E6.67
G1 F3547 X119.38 Y471.58 Z60 E6.67
G1 F3547 X119.38 Y471.58 Z60 E6.67
G1 F3547 X119.38 Y471.58 Z60 E6.67
G1 F3547 X119.38 Y471.58 Z60 E6.67
G1 F3547 X119.38 Y471.58 Z60 E6.67
G1 F3547 X119.38 Y471.58 Z60 E6.67
G1 F3547 X119.38 Y471.58 Z60 E6.67
G1 F3547 X119.38 Y471.58 Z60 E6.67
G1 F3547 X119.38 Y471.58 Z60 E6.67
G1 F3547 X119.38 Y471.58 Z60 E6.67
G1 F3547 X119.38 Y471.58 Z60 E6.67
G1 F3547 X119.38 Y471.58 Z60 E6.67
G1 F3547 X119.38 Y471.58 Z60 E6.67
G1 F3547 X119.38 Y471.58 Z60 E6.67
G1 F3547 X119.38 Y471.58 Z60 E6.67
G1 F3547 X119.38 Y471.58 Z60 E6.67
G1 F3547 X119.38 Y471.58 Z60 E6.67
G1 F3547 X119.38 Y471.58 Z60 E6.67
G1 F3547 X119.38 Y471.58 Z60 E6.67
G1 F3547 X119.38 Y471.58 Z60 E6.67
G1 F3547 X119.38 Y471.58 Z60 E6.67
G1 F3547 X119.38 Y471.58 Z60 E6.67
G1 F3547 X119.38 Y471.58 Z60 E6.67
G1 F3547 X119.38 Y471.58 Z60 E6.67
G1 F3547 X119.38 Y471.58 Z60 E6.67
G1 F3547 X119.38 Y471.58 Z60 E6.67
G1 F3547 X119.38 Y471.58 Z60 E6.67
G1 F3547 X119.38 Y471.58 Z60 E6.67
G1 F3547 X119.38 Y471.58 Z60 E6.67
G1 F3547 X119.38 Y471.58 Z60 E6.67
G1 F3547 X119.38 Y471.58 Z60 E6.67
G1 F3547 X119.38 Y471.58 Z60 E6.67
G1 F3547 X119.38 Y471.58 Z60 E6.67
G1 F3547 X119.38 Y471.58 Z60 E6.67
G1 F3547 X119.38 Y471.58 Z60 E6.67
G1 F3547 X119.38 Y471.58 Z60 E6.67
G1 F3547 X119.38 Y471.58 Z60 E6.67
G1 F3547 X119.38 Y471.58 Z60 E6.67
G1 F3547 X119.38 Y471.58 Z60 E6.67
G1 F3547 X119.38 Y471.58 Z60 E6.67
G1 F3547 X119.38 Y471.58 Z60 E6.67
G1 F3547 X119.38 Y471.58 Z60 E6.67
G1 F3547 X119.38 Y471.58 Z60 E6.67
G1 F3547 X119.38 Y471.58 Z60 E6.67
G1 F3547 X119.38 Y471.58 Z60 E6.67
G1 F3547 X119.38 Y471.58 Z60 E6.67
G1 F3547 X119.38 Y471.58 Z60 E6.67
G1 F3547 X119.38 Y471.58 Z60 E6.67
G1 F3547 X119.38 Y471.58 Z60 E6.67
G1 F3547 X119.38 Y471.58 Z60 E6.67
G1 F3547 X119.38 Y471.58 Z60 E6.67
G1 F3547 X119.38 Y471.58 Z60 E6.67
G1 F3547 X119.38 Y471.58 Z60 E6.67
G1 F3547 X119.38 Y471.58 Z60 E6.67
G1 F3547 X119.38 Y471.58 Z60 E6.67
G1 F3547 X119.38 Y471.58 Z60 E6.67
G1 F3547 X119.38 Y471.58 Z60 E6.67
G1 F3547 X119.38 Y471.58 Z60 E6.67
G1 F3547 X119.38 Y471.58 Z60 E6.67
G1 F3547 X119.38 Y471.58 Z60 E6.67
G1 F3547 X119.38 Y471.58 Z60 E6.67
G1 F3547 X119.38 Y471.58 Z60 E6.67
G1 F3547 X119.38 Y471.58 Z60 E6.67
G1 F3547 X119.38 Y471.58 Z60 E6.67
G1 F3547 X119.38 Y471.58 Z60 E6.67
G1 F3547 X119.38 Y471.58 Z60 E6.67
G1 F3547 X119.38 Y471.58 Z60 E6.67
G1 F3547 X119.38 Y471.58 Z60 E6.67
G1 F3547 X119.38 Y471.58 Z60 E6.67
G1 F3547 X119.38 Y471.58 Z60 E6.67
G1 F3547 X119.38 Y471.58 Z60 E6.67
G1 F3547 X119.38 Y471.58 Z60 E6.67
G1 F3547 X119.38 Y471.58 Z60 E6.67
G1 F3547 X119.38 Y471.58 Z60 E6.67
G1 F3547 X119.38 Y471.58 Z60 E6.67
G1 F3547 X119.38 Y471.58 Z60 E6.67
G1 F3547 X119.38 Y471.58 Z60 E6.67
G1 F3547 X119.38 Y471.58 Z60 E6.67
G1 F3547 X119.38 Y471.58 Z60 E6.67
G1 F3547 X119.38 Y471.58 Z60 E6.67
G1 F3547 X119.38 Y471.58 Z60 E6.67
G1 F3547 X119.38 Y471.58 Z60 E6.67
G1 F3547 X119.38 Y471.58 Z60 E6.67
G1 F3547 X119.38 Y471.58 Z60 E6.67
G1 F3547 X119.38 Y471.58 Z60 E6.67
G1 F3547 X119.38 Y471.58 Z60 E6.67
G1 F3547 X119.38 Y471.58 Z60 E6.67
G1 F3547 X119.38 Y471.58 Z60 E6.67
G1 F3547 X119.38 Y471.58 Z60 E6.67
G1 F3547 X119.38 Y471.58 Z60 E6.67
G1 F3547 X119.38 Y471.58 Z60 E6.67
G1 F3547 X119.38 Y471.58 Z60 E6.67
G1 F3547 X119.38 Y471.58 Z60 E6.67
G1 F3547 X119.38 Y471.58 Z60 E6.67
G1 F3547 X119.38 Y471.58 Z60 E6.67
G1 F3547 X119.38 Y471.58 Z60 E6.67
G1 F3547 X119.38 Y471.58 Z60 E6.67
G1 F3547 X119.38 Y471.58 Z60 E6.67
G1 F3547 X119.38 Y471.58 Z60 E6.67
G1 F3547 X119.38 Y471.58 Z60 E6.67
G1 F3547 X119.38 Y471.58 Z60 E6.67
G1 F3547 X119.38 Y471.58 Z60 E6.67
G1 F3547 X119.38 Y471.58 Z60 E6.67
G1 F3547 X119.38 Y471.58 Z60 E6.67
G1 F3547 X119.38 Y471.58 Z60 E6.67
G1 F3547 X119.38 Y471.58 Z60 E6.67
G1 F3547 X119.38 Y471.58 Z60 E6.67
G1 F3547 X119.38 Y471.58 Z60 E6.67
G1 F3547 X119.38 Y471.58 Z60 E6.67
G1 F3547 X119.38 Y471.58 Z60 E6.67
G1 F3547 X119.38 Y471.58 Z60 E6.67
G1 F3547 X119.38 Y471.58 Z60 E6.67
G1 F3547 X119.38 Y471.58 Z60 E6.67
G1 F3547 X119.38 Y471.58 Z60 E6.67
G1 F3547 X119.38 Y471.58 Z60 E6.67
G1 F3547 X119.38 Y471.58 Z60 E6.67
G1 F3547 X119.38 Y471.58 Z60 E6.67
G1 F3547 X119.38 Y471.58 Z60 E6.67
G1 F3547 X119.38 Y471.58 Z60 E6.67
G1 F3547 X119.38 Y471.58 Z60 E6.67
G1 F3547 X119.38 Y471.58 Z60 E6.67
G1 F3547 X119.38 Y471.58 Z60 E6.67
G1 F3547 X119.38 Y471.58 Z60 E6.67
G1 F3547 X119.38 Y471.58 Z60 E6.67
G1 F3547 X119.38 Y471.58 Z60 E6.67
G1 F3547 X119.38 Y471.58 Z60 E6.67
G1 F3547 X119.38 Y471.58 Z60 E6.67
G1 F3547 X119.38 Y471.58 Z60 E6.67
G1 F3547 X119.38 Y471.58 Z60 E6.67
G1 F3547 X119.38 Y471.58 Z60 E6.67
G1 F3547 X119.38 Y471.58 Z60 E6.67
G1 F3547 X119.38 Y471.58 Z60 E6.67
G1 F3547 X119.38 Y471.58 Z60 E6.67
G1 F3547 X119.38 Y471.58 Z60 E6.67
G1 F3547 X119.38 Y471.58 Z60 E6.67
G1 F3547 X119.38 Y471.58 Z60 E6.67
G1 F3547 X119.38 Y471.58 Z60 E6.67
G1 F3547 X119.38 Y471.58 Z60 E6.67
G1 F3547 X119.38 Y471.58 Z60 E6.67
G1 F3547 X119.38 Y471.58 Z60 E6.67
G1 F3547 X119.38 Y471.58 Z60 E6.67
G1 F3547 X119.38 Y471.58 Z60 E6.67
G1 F3547 X119.38 Y471.58 Z60 E6.67
G1 F3547 X119.38 Y471.58 Z60 E6.67
G1 F3547 X119.38 Y471.58 Z60 E6.67
G1 F3547 X119.38 Y471.58 Z60 E6.67
G1 F3547 X119.38 Y471.58 Z60 E6.67
G1 F3547 X119.38 Y471.58 Z60 E6.67
G1 F3547 X119.38 Y471.58 Z60 E6.67
G1 F3547 X119.38 Y471.58 Z60 E6.67
G1 F3547 X119.38 Y471.58 Z60 E6.67
G1 F3547 X119.38 Y471.58 Z60 E6.67
G1 F3547 X119.38 Y471.58 Z60 E6.67
G1 F3547 X119.38 Y471.58 Z60 E6.67
G1 F3547 X119.38 Y471.58 Z60 E6.67
G1 F3547 X119.38 Y471.58 Z60 E6.67
G1 F3547 X119.38 Y471.58 Z60 E6.67
G1 F3547 X119.38 Y471.58 Z60 E6.67
G1 F3547 X119.38 Y471.58 Z60 E6.67
G1 F3547 X119.38 Y471.58 Z60 E6.67
G1 F3547 X119.38 Y471.58 Z60 E6.67
G1 F3547 X119.38 Y471.58 Z60 E6.67
G1 F3547 X119.38 Y471.58 Z60 E6.67
G1 F3547 X119.38 Y471.58 Z60 E6.67
G1 F3547 X119.38 Y471.58 Z60 E6.67
G1 F3547 X119.38 Y471.58 Z60 E6.67
G1 F3547 X119.38 Y471.58 Z60 E6.67
G1 F3547 X119.38 Y471.58 Z60 E6.67
G1 F3547 X119.38 Y471.58 Z60 E6.67
G1 F3547 X119.38 Y471.58 Z60 E6.67
G1 F3547 X119.38 Y471.58 Z60 E6.67
G1 F3547 X119.38 Y471.58 Z60 E6.67
G1 F3547 X119.38 Y471.58 Z60 E6.67
G1 F3547 X119.38 Y471.58 Z60 E6.67
G1 F3547 X119.38 Y471.58 Z60 E6.67
G1 F3547 X119.38 Y471.58 Z60 E6.67
G1 F3547 X119.38 Y471.58 Z60 E6.67
G1 F3547 X119.38 Y471.58 Z60 E6.67
G1 F3547 X119.38 Y471.58 Z60 E6.67
G1 F3547 X119.38 Y471.58 Z60 E6.67
G1 F3547 X119.38 Y471.58 Z60 E6.67
G1 F3547 X119.38 Y471.58 Z60 E6.67
G1 F3547 X119.38 Y471.58 Z60 E6.67
G1 F3547 X119.38 Y471.58 Z60 E6.67
G1 F3547 X119.38 Y471.58 Z60 E6.67
G1 F3547 X119.38 Y471.58 Z60 E6.67
G1 F3547 X119.38 Y471.58 Z60 E6.67
G1 F3547 X119.38 Y471.58 Z60 E6.67
G1 F3547 X119.38 Y471.58 Z60 E6.67
G1 F3547 X119.38 Y471.58 Z60 E6.67
G1 F3547 X119.38 Y471.58 Z60 E6.67
G1 F3547 X119.38 Y471.58 Z60 E6.67
G1 F3547 X119.38 Y471.58 Z60 E6.67
G1 F3547 X119.38 Y471.58 Z60 E6.67
G1 F3547 X119.38 Y471.58 Z60 E6.67
G1 F3547 X119.38 Y471.58 Z60 E6.67
G1 F3547 X119.38 Y471.58 Z60 E6.67
G1 F3547 X119.38 Y471.58 Z60 E6.67
G1 F3547 X119.38 Y471.58 Z60 E6.67
G1 F3547 X119.38 Y471.58 Z60 E6.67
G1 F3547 X119.38 Y471.58 Z60 E6.67
G1 F3547 X119.38 Y471.58 Z60 E6.67
G1 F3547 X119.38 Y471.58 Z60 E6.67
G1 F3547 X119.38 Y471.58 Z60 E6.67
G1 F3547 X119.38 Y471.58 Z60 E6.67
G1 F3547 X119.38 Y471.58 Z60 E6.67
G1 F3547 X119.38 Y471.58 Z60 E6.67
G1 F3547 X119.38 Y471.58 Z60 E6.67
G1 F3547 X119.38 Y471.58 Z60 E6.67
G1 F3547 X119.38 Y471.58 Z60 E6.67
G1 F3547 X119.38 Y471.58 Z60 E6.67
G1 F3547 X119.38 Y471.58 Z60 E6.67
G1 F3547 X119.38 Y471.58 Z60 E6.67
G1 F3547 X119.38 Y471.58 Z60 E6.67
G1 F3547 X119.38 Y471.58 Z60 E6.67
G1 F3547 X119.38 Y471.58 Z60 E6.67
G1 F3547 X119.38 Y471.58 Z60 E6.67
G1 F3547 X119.38 Y471.58 Z60 E6.67
G1 F3547 X119.38 Y471.58 Z60 E6.67
G1 F3547 X119.38 Y471.58 Z60 E6.67
G1 F3547 X119.38 Y471.58 Z60 E6.67
G1 F3547 X119.38 Y471.58 Z60 E6.67
G1 F3547 X119.38 Y471.58 Z60 E6.67
G1 F3547 X119.38 Y471.58 Z60 E6.67
G1 F3547 X119.38 Y471.58 Z60 E6.67
G1 F3547 X119.38 Y471.58 Z60 E6.67
G1 F3547 X119.38 Y471.58 Z60 E6.67
G1 F3547 X119.38 Y471.58 Z60 E6.67
G1 F3547 X119.38 Y471.58 Z60 E6.67
G1 F3547 X119.38 Y471.58 Z60 E6.67
G1 F3547 X119.38 Y471.58 Z60 E6.67
G1 F3547 X119.38 Y471.58 Z60 E6.67
G1 F3547 X119.38 Y471.58 Z60 E6.67
G1 F3547 X119.38 Y471.58 Z60 E6.67
G1 F3547 X119.38 Y471.58 Z60 E6.67
G1 F3547 X119.38 Y471.58 Z60 E6.67
G1 F3547 X119.38 Y471.58 Z60 E6.67
G1 F3547 X119.38 Y471.58 Z60 E6.67
G1 F3547 X119.38 Y471.58 Z60 E6.67
G1 F3547 X119.38 Y471.58 Z60 E6.67
G1 F3547 X119.38 Y471.58 Z60 E6.67
G1 F3547 X119.38 Y471.58 Z60 E6.67
G1 F3547 X119.38 Y471.58 Z60 E6.67
G1 F3547 X119.38 Y471.58 Z60 E6.67
G1 F3547 X119.38 Y471.58 Z60 E6.67
G1 F3547 X119.38 Y471.58 Z60 E6.67
G1 F3547 X119.38 Y471.58 Z60 E6.67
G1 F3547 X119.38 Y471.58 Z60 E6.67
G1 F3547 X119.38 Y471.58 Z60 E6.67
G1 F3547 X119.38 Y471.58 Z60 E6.67
G1 F3547 X119.38 Y471.58 Z60 E6.67
G1 F3547 X119.38 Y471.58 Z60 E6.67
G1 F3547 X119.38 Y471.58 Z60 E6.67
G1 F3547 X119.38 Y471.58 Z60 E6.67
G1 F3547 X119.38 Y471.58 Z60 E6.67
G1 F3547 X119.38 Y471.58 Z60 E6.67
G1 F3547 X119.38 Y471.58 Z60 E6.67
G1 F3547 X119.38 Y471.58 Z60 E6.67
G1 F3547 X119.38 Y471.58 Z60 E6.67
G1 F3547 X119.38 Y471.58 Z60 E6.67
G1 F3547 X119.38 Y471.58 Z60 E6.67
G1 F3547 X119.38 Y471.58 Z60 E6.67
G1 F3547 X119.38 Y471.58 Z60 E6.67
G1 F3547 X119.38 Y471.58 Z60 E6.67
G1 F3547 X119.38 Y471.58 Z60 E6.67
G1 F3547 X119.38 Y471.58 Z60 E6.67
G1 F3547 X119.38 Y471.58 Z60 E6.67
G1 F3547 X119.38 Y471.58 Z60 E6.67
G1 F3547 X119.38 Y471.58 Z60 E6.67
G1 F3547 X119.38 Y471.58 Z60 E6.67
G1 F3547 X119.38 Y471.58 Z60 E6.67
G1 F3547 X119.38 Y471.58 Z60 E6.67
G1 F3547 X119.38 Y471.58 Z60 E6.67
G1 F3547 X119.38 Y471.58 Z60 E6.67
G1 F3547 X119.38 Y471.58 Z60 E6.67
G1 F3547 X119.38 Y471.58 Z60 E6.67
G1 F3547 X119.38 Y471.58 Z60 E6.67
G1 F3547 X119.38 Y471.58 Z60 E6.67
G1 F3547 X119.38 Y471.58 Z60 E6.67
G1 F3547 X119.38 Y471.58 Z60 E6.67
G1 F3547 X119.38 Y471.58 Z60 E6.67
G1 F3547 X119.38 Y471.58 Z60 E6.67
G1 F3547 X119.38 Y471.58 Z60 E6.67
G1 F3547 X119.38 Y471.58 Z60 E6.67
G1 F3547 X119.38 Y471.58 Z60 E6.67
G1 F3547 X119.38 Y471.58 Z60 E6.67
G1 F3547 X119.38 Y471.58 Z60 E6.67
G1 F3547 X119.38 Y471.58 Z60 E6.67
G1 F3547 X119.38 Y471.58 Z60 E6.67
G1 F3547 X119.38 Y471.58 Z60 E6.67
G1 F3547 X119.38 Y471.58 Z60 E6.67
G1 F3547 X119.38 Y471.58 Z60 E6.67
G1 F3547 X119.38 Y471.58 Z60 E6.67
G1 F3547 X119.38 Y471.58 Z60 E6.67
G1 F3547 X119.38 Y471.58 Z60 E6.67
G1 F3547 X119.38 Y471.58 Z60 E6.67
G1 F3547 X119.38 Y471.58 Z60 E6.67
G1 F3547 X119.38 Y471.58 Z60 E6.67
G1 F3547 X119.38 Y471.58 Z60 E6.67
G1 F3547 X119.38 Y471.58 Z60 E6.67
G1 F3547 X119.38 Y471.58 Z60 E6.67
G1 F3547 X119.38 Y471.58 Z60 E6.67
G1 F3547 X119.38 Y471.58 Z60 E6.67
G1 F3547 X119.38 Y471.58 Z60 E6.67
G1 F3547 X119.38 Y471.58 Z60 E6.67
G1 F3547 X119.38 Y471.58 Z60 E6.67
G1 F3547 X119.38 Y471.58 Z60 E6.67
G1 F3547 X119.38 Y471.58 Z60 E6.67
G1 F3547 X119.38 Y471.58 Z60 E6.67
G1 F3547 X119.38 Y471.58 Z60 E6.67
G1 F3547 X119.38 Y471.58 Z60 E6.67
G1 F3547 X119.38 Y471.58 Z60 E6.67
G1 F3547 X119.38 Y471.58 Z60 E6.67
G1 F3547 X119.38 Y471.58 Z60 E6.67
G1 F3547 X119.38 Y471.58 Z60 E6.67
G1 F3547 X119.38 Y471.58 Z60 E6.67
G1 F3547 X119.38 Y471.58 Z60 E6.67
G1 F3547 X119.38 Y471.58 Z60 E6.67
G1 F3547 X119.38 Y471.58 Z60 E6.67
G1 F3547 X119.38 Y471.58 Z60 E6.67
G1 F3547 X119.38 Y471.58 Z60 E6.67
G1 F3547 X119.38 Y471.58 Z60 E6.67
G1 F3547 X119.38 Y471.58 Z60 E6.67
G1 F3547 X119.38 Y471.58 Z60 E6.67
G1 F3547 X119.38 Y471.58 Z60 E6.67
G1 F3547 X119.38 Y471.58 Z60 E6.67
G1 F3547 X119.38 Y471.58 Z60 E6.67
G1 F3547 X119.38 Y471.58 Z60 E6.67
G1 F3547 X119.38 Y471.58 Z60 E6.67
G1 F3547 X119.38 Y471.58 Z60 E6.67
G1 F3547 X119.38 Y471.58 Z60 E6.67
G1 F3547 X119.38 Y471.58 Z60 E6.67
G1 F3547 X119.38 Y471.58 Z60 E6.67
G1 F3547 X119.38 Y471.58 Z60 E6.67
G1 F3547 X119.38 Y471.58 Z60 E6.67
G1 F3547 X119.38 Y471.58 Z60 E6.67
G1 F3547 X119.38 Y471.58 Z60 E6.67
G1 F3547 X119.38 Y471.58 Z60 E6.67
G1 F3547 X119.38 Y471.58 Z60 E6.67
G1 F3547 X119.38 Y471.58 Z60 E6.67
G1 F3547 X119.38 Y471.58 Z60 E6.67
G1 F3547 X119.38 Y471.58 Z60 E6.67
G1 F3547 X119.38 Y471.58 Z60 E6.67
G1 F3547 X119.38 Y471.58 Z60 E6.67
G1 F3547 X119.38 Y471.58 Z60 E6.67
G1 F3547 X119.38 Y471.58 Z60 E6.67
G1 F3547 X119.38 Y471.58 Z60 E6.67
G1 F3547 X119.38 Y471.58 Z60 E6.67
G1 F3547 X119.38 Y471.58 Z60 E6.67
G1 F3547 X119.38 Y471.58 Z60 E6.67
G1 F3547 X119.38 Y471.58 Z60 E6.67
G1 F3547 X119.38 Y471.58 Z60 E6.67
G1 F3547 X119.38 Y471.58 Z60 E6.67
G1 F3547 X119.38 Y471.58 Z60 E6.67
G1 F3547 X119.38 Y471.58 Z60 E6.67
G1 F3547 X119.38 Y471.58 Z60 E6.67
G1 F3547 X119.38 Y471.58 Z60 E6.67
G1 F3547 X119.38 Y471.58 Z60 E6.67
G1 F3547 X119.38 Y471.58 Z60 E6.67
G1 F3547 X119.38 Y471.58 Z60 E6.67
G1 F3547 X119.38 Y471.58 Z60 E6.67
G1 F3547 X119.38 Y471.58 Z60 E6.67
G1 F3547 X119.38 Y471.58 Z60 E6.67
G1 F3547 X119.38 Y471.58 Z60 E6.67
G1 F3547 X119.38 Y471.58 Z60 E6.67
G1 F3547 X119.38 Y471.58 Z60 E6.67
G1 F3547 X119.38 Y471.58 Z60 E6.67
G1 F3547 X119.38 Y471.58 Z60 E6.67
G1 F3547 X119.38 Y471.58 Z60 E6.67
G1 F3547 X119.38 Y471.58 Z60 E6.67
G1 F3547 X119.38 Y471.58 Z60 E6.67
G1 F3547 X119.38 Y471.58 Z60 E6.67
G1 F3547 X119.38 Y471.58 Z60 E6.67
G1 F3547 X119.38 Y471.58 Z60 E6.67
G1 F3547 X119.38 Y471.58 Z60 E6.67
G1 F3547 X119.38 Y471.58 Z60 E6.67
G1 F3547 X119.38 Y471.58 Z60 E6.67
G1 F3547 X119.38 Y471.58 Z60 E6.67
G1 F3547 X119.38 Y471.58 Z60 E6.67
G1 F3547 X119.38 Y471.58 Z60 E6.67
G1 F3547 X119.38 Y471.58 Z60 E6.67
G1 F3547 X119.38 Y471.58 Z60 E6.67
G1 F3547 X119.38 Y471.58 Z60 E6.67
G1 F3547 X119.38 Y471.58 Z60 E6.67
G1 F3547 X119.38 Y471.58 Z60 E6.67
G1 F3547 X119.38 Y471.58 Z60 E6.67
G1 F3547 X119.38 Y471.58 Z60 E6.67
G1 F3547 X119.38 Y471.58 Z60 E6.67
G1 F3547 X119.38 Y471.58 Z60 E6.67
G1 F3547 X119.38 Y471.58 Z60 E6.67
G1 F3547 X119.38 Y471.58 Z60 E6.67
G1 F3547 X119.38 Y471.58 Z60 E6.67
G1 F3547 X119.38 Y471.58 Z60 E6.67
G1 F3547 X119.38 Y471.58 Z60 E6.67
G1 F3547 X119.38 Y471.58 Z60 E6.67
G1 F3547 X119.38 Y471.58 Z60 E6.67
G1 F3547 X119.38 Y471.58 Z60 E6.67
G1 F3547 X119.38 Y471.58 Z60 E6.67
G1 F3547 X119.38 Y471.58 Z60 E6.67
G1 F3547 X119.38 Y471.58 Z60 E6.67
G1 F3547 X119.38 Y471.58 Z60 E6.67
G1 F3547 X119.38 Y471.58 Z60 E6.67
G1 F3547 X119.38 Y471.58 Z60 E6.67
G1 F3547 X119.38 Y471.58 Z60 E6.67
G1 F3547 X119.38 Y471.58 Z60 E6.67
G1 F3547 X119.38 Y471.58 Z60 E6.67
G1 F3547 X119.38 Y471.58 Z60 E6.67
G1 F3547 X119.38 Y471.58 Z60 E6.67
G1 F3547 X119.38 Y471.58 Z60 E6.67
G1 F3547 X119.38 Y471.58 Z60 E6.67
G1 F3547 X119.38 Y471.58 Z60 E6.67
G1 F3547 X119.38 Y471.58 Z60 E6.67
G1 F3547 X119.38 Y471.58 Z60 E6.67
G1 F3547 X119.38 Y471.58 Z60 E6.67
G1 F3547 X119.38 Y471.58 Z60 E6.67
G1 F3547 X119.38 Y471.58 Z60 E6.67
G1 F3547 X119.38 Y471.58 Z60 E6.67
G1 F3547 X119.38 Y471.58 Z60 E6.67
G1 F3547 X119.38 Y471.58 Z60 E6.67
G1 F3547 X119.38 Y471.58 Z60 E6.67
G1 F3547 X119.38 Y471.58 Z60 E6.67
G1 F3547 X119.38 Y471.58 Z60 E6.67
G1 F3547 X119.38 Y471.58 Z60 E6.67
G1 F3547 X119.38 Y471.58 Z60 E6.67
G1 F3547 X119.38 Y471.58 Z60 E6.67
G1 F3547 X119.38 Y471.58 Z60 E6.67
G1 F3547 X119.38 Y471.58 Z60 E6.67
G1 F3547 X119.38 Y471.58 Z60 E6.67
G1 F3547 X119.38 Y471.58 Z60 E6.67
G1 F3547 X119.38 Y471.58 Z60 E6.67
G1 F3547 X119.38 Y471.58 Z60 E6.67
G1 F3547 X119.38 Y471.58 Z60 E6.67
G1 F3547 X119.38 Y471.58 Z60 E6.67
G1 F3547 X119.38 Y471.58 Z60 E6.67
G1 F3547 X119.38 Y471.58 Z60 E6.67
G1 F3547 X119.38 Y471.58 Z60 E6.67
G1 F3547 X119.38 Y471.58 Z60 E6.67
G1 F3547 X119.38 Y471.58 Z60 E6.67
G1 F3547 X119.38 Y471.58 Z60 E6.67
G1 F3547 X119.38 Y471.58 Z60 E6.67
G1 F3547 X119.38 Y471.58 Z60 E6.67
G1 F3547 X119.38 Y471.58 Z60 E6.67
G1 F3547 X119.38 Y471.58 Z60 E6.67
G1 F3547 X119.38 Y471.58 Z60 E6.67
G1 F3547 X119.38 Y471.58 Z60 E6.67
G1 F3547 X119.38 Y471.58 Z60 E6.67
G1 F3547 X119.38 Y471.58 Z60 E6.67
G1 F3547 X119.38 Y471.58 Z60 E6.67
G1 F3547 X119.38 Y471.58 Z60 E6.67
G1 F3547 X119.38 Y471.58 Z60 E6.67
G1 F3547 X119.38 Y471.58 Z60 E6.67
G1 F3547 X119.38 Y471.58 Z60 E6.67
G1 F3547 X119.38 Y471.58 Z60 E6.67
G1 F3547 X119.38 Y471.58 Z60 E6.67
G1 F3547 X119.38 Y471.58 Z60 E6.67
G1 F3547 X119.38 Y471.58 Z60 E6.67
G1 F3547 X119.38 Y471.58 Z60 E6.67
G1 F3547 X119.38 Y471.58 Z60 E6.67
G1 F3547 X119.38 Y471.58 Z60 E6.67
G1 F3547 X119.38 Y471.58 Z60 E6.67
G1 F3547 X119.38 Y471.58 Z60 E6.67
G1 F3547 X119.38 Y471.58 Z60 E6.67
G1 F3547 X119.38 Y471.58 Z60 E6.67
G1 F3547 X119.38 Y471.58 Z60 E6.67
G1 F3547 X119.38 Y471.58 Z60 E6.67
G1 F3547 X119.38 Y471.58 Z60 E6.67
G1 F3547 X119.38 Y471.58 Z60 E6.67
G1 F3547 X119.38 Y471.58 Z60 E6.67
G1 F3547 X119.38 Y471.58 Z60 E6.67
G1 F3547 X119.38 Y471.58 Z60 E6.67
G1 F3547 X119.38 Y471.58 Z60 E6.67
G1 F3547 X119.38 Y471.58 Z60 E6.67
G1 F3547 X119.38 Y471.58 Z60 E6.67
G1 F3547 X119.38 Y471.58 Z60 E6.67
G1 F3547 X119.38 Y471.58 Z60 E6.67
G1 F3547 X119.38 Y471.58 Z60 E6.67
G1 F3547 X119.38 Y471.58 Z60 E6.67
G1 F3547 X119.38 Y471.58 Z60 E6.67
G1 F3547 X119.38 Y471.58 Z60 E6.67
G1 F3547 X119.38 Y471.58 Z60 E6.67
G1 F3547 X119.38 Y471.58 Z60 E6.67
G1 F3547 X119.38 Y471.58 Z60 E6.67
G1 F3547 X119.38 Y471.58 Z60 E6.67
G1 F3547 X119.38 Y471.58 Z60 E6.67
G1 F3547 X119.38 Y471.58 Z60 E6.67
G1 F3547 X119.38 Y471.58 Z60 E6.67
G1 F3547 X119.38 Y471.58 Z60 E6.67
G1 F3547 X119.38 Y471.58 Z60 E6.67
G1 F3547 X119.38 Y471.58 Z60 E6.67
G1 F3547 X119.38 Y471.58 Z60 E6.67
G1 F3547 X119.38 Y471.58 Z60 E6.67
G1 F3547 X119.38 Y471.58 Z60 E6.67
G1 F3547 X119.38 Y471.58 Z60 E6.67
G1 F3547 X119.38 Y471.58 Z60 E6.67
G1 F3547 X119.38 Y471.58 Z60 E6.67
G1 F3547 X119.38 Y471.58 Z60 E6.67
G1 F3547 X119.38 Y471.58 Z60 E6.67
G1 F3547 X119.38 Y471.58 Z60 E6.67
G1 F3547 X119.38 Y471.58 Z60 E6.67
G1 F3547 X119.38 Y471.58 Z60 E6.67
G1 F3547 X119.38 Y471.58 Z60 E6.67
G1 F3547 X119.38 Y471.58 Z60 E6.67
G1 F3547 X119.38 Y471.58 Z60 E6.67
G1 F3547 X119.38 Y471.58 Z60 E6.67
G1 F3547 X119.38 Y471.58 Z60 E6.67
G1 F3547 X119.38 Y471.58 Z60 E6.67
G1 F3547 X119.38 Y471.58 Z60 E6.67
G1 F3547 X119.38 Y471.58 Z60 E6.67
G1 F3547 X119.38 Y471.58 Z60 E6.67
G1 F3547 X119.38 Y471.58 Z60 E6.67
G1 F3547 X119.38 Y471.58 Z60 E6.67
G1 F3547 X119.38 Y471.58 Z60 E6.67
G1 F3547 X119.38 Y471.58 Z60 E6.67
G1 F3547 X119.38 Y471.58 Z60 E6.67
G1 F3547 X119.38 Y471.58 Z60 E6.67
G1 F3547 X119.38 Y471.58 Z60 E6.67
G1 F3547 X119.38 Y471.58 Z60 E6.67
G1 F3547 X119.38 Y471.58 Z60 E6.67
G1 F3547 X119.38 Y471.58 Z60 E6.67
G1 F3547 X119.38 Y471.58 Z60 E6.67
G1 F3547 X119.38 Y471.58 Z60 E6.67
G1 F3547 X119.38 Y471.58 Z60 E6.67
G1 F3547 X119.38 Y471.58 Z60 E6.67
G1 F3547 X119.38 Y471.58 Z60 E6.67
G1 F3547 X119.38 Y471.58 Z60 E6.67
G1 F3547 X119.38 Y471.58 Z60 E6.67
G1 F3547 X119.38 Y471.58 Z60 E6.67
G1 F3547 X119.38 Y471.58 Z60 E6.67
G1 F3547 X119.38 Y471.58 Z60 E6.67
G1 F3547 X119.38 Y471.58 Z60 E6.67
G1 F3547 X119.38 Y471.58 Z60 E6.67
G1 F3547 X119.38 Y471.58 Z60 E6.67
G1 F3547 X119.38 Y471.58 Z60 E6.67
G1 F3547 X119.38 Y471.58 Z60 E6.67
G1 F3547 X119.38 Y471.58 Z60 E6.67
G1 F3547 X119.38 Y471.58 Z60 E6.67
G1 F3547 X119.38 Y471.58 Z60 E6.67
G1 F3547 X119.38 Y471.58 Z60 E6.67
G1 F3547 X119.38 Y471.58 Z60 E6.67
G1 F3547 X119.38 Y471.58 Z60 E6.67
G1 F3547 X119.38 Y471.58 Z60 E6.67
G1 F3547 X119.38 Y471.58 Z60 E6.67
G1 F3547 X119.38 Y471.58 Z60 E6.67
G1 F3547 X119.38 Y471.58 Z60 E6.67
G1 F3547 X119.38 Y471.58 Z60 E6.67
G1 F3547 X119.38 Y471.58 Z60 E6.67
G1 F3547 X119.38 Y471.58 Z60 E6.67
G1 F3547 X119.38 Y471.58 Z60 E6.67
G1 F3547 X119.38 Y471.58 Z60 E6.67
G1 F3547 X119.38 Y471.58 Z60 E6.67
G1 F3547 X119.38 Y471.58 Z60 E6.67
G1 F3547 X119.38 Y471.58 Z60 E6.67
G1 F3547 X119.38 Y471.58 Z60 E6.67
G1 F3547 X119.38 Y471.58 Z60 E6.67
G1 F3547 X119.38 Y471.58 Z60 E6.67
G1 F3547 X119.38 Y471.58 Z60 E6.67
G1 F3547 X119.38 Y471.58 Z60 E6.67
G1 F3547 X119.38 Y471.58 Z60 E6.67
G1 F3547 X119.38 Y471.58 Z60 E6.67
G1 F3547 X119.38 Y471.58 Z60 E6.67
G1 F3547 X119.38 Y471.58 Z60 E6.67
G1 F3547 X119.38 Y471.58 Z60 E6.67
G1 F3547 X119.38 Y471.58 Z60 E6.67
G1 F3547 X119.38 Y471.58 Z60 E6.67
G1 F3547 X119.38 Y471.58 Z60 E6.67
G1 F3547 X119.38 Y471.58 Z60 E6.67
G1 F3547 X119.38 Y471.58 Z60 E6.67
G1 F3547 X119.38 Y471.58 Z60 E6.67
G1 F3547 X119.38 Y471.58 Z60 E6.67
G1 F3547 X119.38 Y471.58 Z60 E6.67
G1 F3547 X119.38 Y471.58 Z60 E6.67
G1 F3547 X119.38 Y471.58 Z60 E6.67
G1 F3547 X119.38 Y471.58 Z60 E6.67
G1 F3547 X119.38 Y471.58 Z60 E6.67
G1 F3547 X119.38 Y471.58 Z60 E6.67
G1 F3547 X119.38 Y471.58 Z60 E6.67
G1 F3547 X119.38 Y471.58 Z60 E6.67
G1 F3547 X119.38 Y471.58 Z60 E6.67
G1 F3547 X119.38 Y471.58 Z60 E6.67
G1 F3547 X119.38 Y471.58 Z60 E6.67
G1 F3547 X119.38 Y471.58 Z60 E6.67
G1 F3547 X119.38 Y471.58 Z60 E6.67
G1 F3547 X119.38 Y471.58 Z60 E6.67
G1 F3547 X119.38 Y471.58 Z60 E6.67
G1 F3547 X119.38 Y471.58 Z60 E6.67
G1 F3547 X119.38 Y471.58 Z60 E6.67
G1 F3547 X119.38 Y471.58 Z60 E6.67
G1 F3547 X119.38 Y471.58 Z60 E6.67
G1 F3547 X119.38 Y471.58 Z60 E6.67
G1 F3547 X119.38 Y471.58 Z60 E6.67
G1 F3547 X119.38 Y471.58 Z60 E6.67
G1 F3547 X119.38 Y471.58 Z60 E6.67
G1 F3547 X119.38 Y471.58 Z60 E6.67
G1 F3547 X119.38 Y471.58 Z60 E6.67
G1 F3547 X119.38 Y471.58 Z60 E6.67
G1 F3547 X119.38 Y471.58 Z60 E6.67
G1 F3547 X119.38 Y471.58 Z60 E6.67
G1 F3547 X119.38 Y471.58 Z60 E6.67
G1 F3547 X119.38 Y471.58 Z60 E6.67
G1 F3547 X119.38 Y471.58 Z60 E6.67
G1 F3547 X119.38 Y471.58 Z60 E6.67
G1 F3547 X119.38 Y471.58 Z60 E6.67
G1 F3547 X119.38 Y471.58 Z60 E6.67
G1 F3547 X119.38 Y471.58 Z60 E6.67
G1 F3547 X119.38 Y471.58 Z60 E6.67
G1 F3547 X119.38 Y471.58 Z60 E6.67
G1 F3547 X119.38 Y471.58 Z60 E6.67
G1 F3547 X119.38 Y471.58 Z60 E6.67
G1 F3547 X119.38 Y471.58 Z60 E6.67
G1 F3547 X119.38 Y471.58 Z60 E6.67
G1 F3547 X119.38 Y471.58 Z60 E6.67
G1 F3547 X119.38 Y471.58 Z60 E6.67
G1 F3547 X119.38 Y471.58 Z60 E6.67
G1 F3547 X119.38 Y471.58 Z60 E6.67
G1 F3547 X119.38 Y471.58 Z60 E6.67
G1 F3547 X119.38 Y471.58 Z60 E6.67
G1 F3547 X119.38 Y471.58 Z60 E6.67
G1 F3547 X119.38 Y471.58 Z60 E6.67
G1 F3547 X119.38 Y471.58 Z60 E6.67
G1 F3547 X119.38 Y471.58 Z60 E6.67
G1 F3547 X119.38 Y471.58 Z60 E6.67
G1 F3547 X119.38 Y471.58 Z60 E6.67
G1 F3547 X119.38 Y471.58 Z60 E6.67
G1 F3547 X119.38 Y471.58 Z60 E6.67
G1 F3547 X119.38 Y471.58 Z60 E6.67
G1 F3547 X119.38 Y471.58 Z60 E6.67
G1 F3547 X119.38 Y471.58 Z60 E6.67
G1 F3547 X119.38 Y471.58 Z60 E6.67
G1 F3547 X119.38 Y471.58 Z60 E6.67
G1 F3547 X119.38 Y471.58 Z60 E6.67
G1 F3547 X119.38 Y471.58 Z60 E6.67
G1 F3547 X119.38 Y471.58 Z60 E6.67
G1 F3547 X119.38 Y471.58 Z60 E6.67
G1 F3547 X119.38 Y471.58 Z60 E6.67
G1 F3547 X119.38 Y471.58 Z60 E6.67
G1 F3547 X119.38 Y471.58 Z60 E6.67
G1 F3547 X119.38 Y471.58 Z60 E6.67
G1 F3547 X119.38 Y471.58 Z60 E6.67
G1 F3547 X119.38 Y471.58 Z60 E6.67
G1 F3547 X119.38 Y471.58 Z60 E6.67
G1 F3547 X119.38 Y471.58 Z60 E6.67
G1 F3547 X119.38 Y471.58 Z60 E6.67
G1 F3547 X119.38 Y471.58 Z60 E6.67
G1 F3547 X119.38 Y471.58 Z60 E6.67
G1 F3547 X119.38 Y471.58 Z60 E6.67
G1 F3547 X119.38 Y471.58 Z60 E6.67
G1 F3547 X119.38 Y471.58 Z60 E6.67
G1 F3547 X119.38 Y471.58 Z60 E6.67
G1 F3547 X119.38 Y471.58 Z60 E6.67
G1 F3547 X119.38 Y471.58 Z60 E6.67
G1 F3547 X119.38 Y471.58 Z60 E6.67
G1 F3547 X119.38 Y471.58 Z60 E6.67
G1 F3547 X119.38 Y471.58 Z60 E6.67
G1 F3547 X119.38 Y471.58 Z60 E6.67
G1 F3547 X119.38 Y471.58 Z60 E6.67
G1 F3547 X119.38 Y471.58 Z60 E6.67
G1 F3547 X119.38 Y471.58 Z60 E6.67
G1 F3547 X119.38 Y471.58 Z60 E6.67
G1 F3547 X119.38 Y471.58 Z60 E6.67
G1 F3547 X119.38 Y471.58 Z60 E6.67
G1 F3547 X119.38 Y471.58 Z60 E6.67
G1 F3547 X119.38 Y471.58 Z60 E6.67
G1 F3547 X119.38 Y471.58 Z60 E6.67
G1 F3547 X119.38 Y471.58 Z60 E6.67
G1 F3547 X119.38 Y471.58 Z60 E6.67
G1 F3547 X119.38 Y471.58 Z60 E6.67
G1 F3547 X119.38 Y471.58 Z60 E6.67
G1 F3547 X119.38 Y471.58 Z60 E6.67
G1 F3547 X119.38 Y471.58 Z60 E6.67
G1 F3547 X119.38 Y471.58 Z60 E6.67
G1 F3547 X119.38 Y471.58 Z60 E6.67
G1 F3547 X119.38 Y471.58 Z60 E6.67
G1 F3547 X119.38 Y471.58 Z60 E6.67
G1 F3547 X119.38 Y471.58 Z60 E6.67
G1 F3547 X119.38 Y471.58 Z60 E6.67
G1 F3547 X119.38 Y471.58 Z60 E6.67
G1 F3547 X119.38 Y471.58 Z60 E6.67
G1 F3547 X119.38 Y471.58 Z60 E6.67
G1 F3547 X119.38 Y471.58 Z60 E6.67
G1 F3547 X119.38 Y471.58 Z60 E6.67
G1 F3547 X119.38 Y471.58 Z60 E6.67
G1 F3547 X119.38 Y471.58 Z60 E6.67
G1 F3547 X119.38 Y471.58 Z60 E6.67
G1 F3547 X119.38 Y471.58 Z60 E6.67
G1 F3547 X119.38 Y471.58 Z60 E6.67
G1 F3547 X119.38 Y471.58 Z60 E6.67
G1 F3547 X119.38 Y471.58 Z60 E6.67
G1 F3547 X119.38 Y471.58 Z60 E6.67
G1 F3547 X119.38 Y471.58 Z60 E6.67
G1 F3547 X119.38 Y471.58 Z60 E6.67
G1 F3547 X119.38 Y471.58 Z60 E6.67
G1 F3547 X119.38 Y471.58 Z60 E6.67
G1 F3547 X119.38 Y471.58 Z60 E6.67
G1 F3547 X119.38 Y471.58 Z60 E6.67
G1 F3547 X119.38 Y471.58 Z60 E6.67
G1 F3547 X119.38 Y471.58 Z60 E6.67
G1 F3547 X119.38 Y471.58 Z60 E6.67
G1 F3547 X119.38 Y471.58 Z60 E6.67
G1 F3547 X119.38 Y471.58 Z60 E6.67
G1 F3547 X119.38 Y471.58 Z60 E6.67
G1 F3547 X119.38 Y471.58 Z60 E6.67
G1 F3547 X119.38 Y471.58 Z60 E6.67
G1 F3547 X119.38 Y471.58 Z60 E6.67
G1 F3547 X119.38 Y471.58 Z60 E6.67
G1 F3547 X119.38 Y471.58 Z60 E6.67
G1 F3547 X119.38 Y471.58 Z60 E6.67
G1 F3547 X119.38 Y471.58 Z60 E6.67
G1 F3547 X119.38 Y471.58 Z60 E6.67
G1 F3547 X119.38 Y471.58 Z60 E6.67
G1 F3547 X119.38 Y471.58 Z60 E6.67
G1 F3547 X119.38 Y471.58 Z60 E6.67
G1 F3547 X119.38 Y471.58 Z60 E6.67
G1 F3547 X119.38 Y471.58 Z60 E6.67
G1 F3547 X119.38 Y471.58 Z60 E6.67
G1 F3547 X119.38 Y471.58 Z60 E6.67
G1 F3547 X119.38 Y471.58 Z60 E6.67
G1 F3547 X119.38 Y471.58 Z60 E6.67
G1 F3547 X119.38 Y471.58 Z60 E6.67
G1 F3547 X119.38 Y471.58 Z60 E6.67
G1 F3547 X119.38 Y471.58 Z60 E6.67
G1 F3547 X119.38 Y471.58 Z60 E6.67
G1 F3547 X119.38 Y471.58 Z60 E6.67
G1 F3547 X119.38 Y471.58 Z60 E6.67
G1 F3547 X119.38 Y471.58 Z60 E6.67
G1 F3547 X119.38 Y471.58 Z60 E6.67
G1 F3547 X119.38 Y471.58 Z60 E6.67
G1 F3547 X119.38 Y471.58 Z60 E6.67
G1 F3547 X119.38 Y471.58 Z60 E6.67
G1 F3547 X119.38 Y471.58 Z60 E6.67
G1 F3547 X119.38 Y471.58 Z60 E6.67
G1 F3547 X119.38 Y471.58 Z60 E6.67
G1 F3547 X119.38 Y471.58 Z60 E6.67
G1 F3547 X119.38 Y471.58 Z60 E6.67
G1 F3547 X119.38 Y471.58 Z60 E6.67
G1 F3547 X119.38 Y471.58 Z60 E6.67
G1 F3547 X119.38 Y471.58 Z60 E6.67
G1 F3547 X119.38 Y471.58 Z60 E6.67
G1 F3547 X119.38 Y471.58 Z60 E6.67
G1 F3547 X119.38 Y471.58 Z60 E6.67
G1 F3547 X119.38 Y471.58 Z60 E6.67
G1 F3547 X119.38 Y471.58 Z60 E6.67
G1 F3547 X119.38 Y471.58 Z60 E6.67
G1 F3547 X119.38 Y471.58 Z60 E6.67
G1 F3547 X119.38 Y471.58 Z60 E6.67
G1 F3547 X119.38 Y471.58 Z60 E6.67
G1 F3547 X119.38 Y471.58 Z60 E6.67
G1 F3547 X119.38 Y471.58 Z60 E6.67
G1 F3547 X119.38 Y471.58 Z60 E6.67
G1 F3547 X119.38 Y471.58 Z60 E6.67
G1 F3547 X119.38 Y471.58 Z60 E6.67
G1 F3547 X119.38 Y471.58 Z60 E6.67
G1 F3547 X119.38 Y471.58 Z60 E6.67
G1 F3547 X119.38 Y471.58 Z60 E6.67
G1 F3547 X119.38 Y471.58 Z60 E6.67
G1 F3547 X119.38 Y471.58 Z60 E6.67
G1 F3547 X119.38 Y471.58 Z60 E6.67
G1 F3547 X119.38 Y471.58 Z60 E6.67
G1 F3547 X119.38 Y471.58 Z60 E6.67
G1 F3547 X119.38 Y471.58 Z60 E6.67
G1 F3547 X119.38 Y471.58 Z60 E6.67
G1 F3547 X119.38 Y471.58 Z60 E6.67
G1 F3547 X119.38 Y471.58 Z60 E6.67
G1 F3547 X119.38 Y471.58 Z60 E6.67
G1 F3547 X119.38 Y471.58 Z60 E6.67
G1 F3547 X119.38 Y471.58 Z60 E6.67
G1 F3547 X119.38 Y471.58 Z60 E6.67
G1 F3547 X119.38 Y471.58 Z60 E6.67
G1 F3547 X119.38 Y471.58 Z60 E6.67
G1 F3547 X119.38 Y471.58 Z60 E6.67
G1 F3547 X119.38 Y471.58 Z60 E6.67
G1 F3547 X119.38 Y471.58 Z60 E6.67
G1 F3547 X119.38 Y471.58 Z60 E6.67
G1 F3547 X119.38 Y471.58 Z60 E6.67
G1 F3547 X119.38 Y471.58 Z60 E6.67
G1 F3547 X119.38 Y471.58 Z60 E6.67
G1 F3547 X119.38 Y471.58 Z60 E6.67
G1 F3547 X119.38 Y471.58 Z60 E6.67
G1 F3547 X119.38 Y471.58 Z60 E6.67
G1 F3547 X119.38 Y471.58 Z60 E6.67
G1 F3547 X119.38 Y471.58 Z60 E6.67
G1 F3547 X119.38 Y471.58 Z60 E6.67
G1 F3547 X119.38 Y471.58 Z60 E6.67
G1 F3547 X119.38 Y471.58 Z60 E6.67
G1 F3547 X119.38 Y471.58 Z60 E6.67
G1 F3547 X119.38 Y471.58 Z60 E6.67
G1 F3547 X119.38 Y471.58 Z60 E6.67
G1 F3547 X119.38 Y471.58 Z60 E6.67
G1 F3547 X119.38 Y471.58 Z60 E6.67
G1 F3547 X119.38 Y471.58 Z60 E6.67
G1 F3547 X119.38 Y471.58 Z60 E6.67
G1 F3547 X119.38 Y471.58 Z60 E6.67
G1 F3547 X119.38 Y471.58 Z60 E6.67
G1 F3547 X119.38 Y471.58 Z60 E6.67
G1 F3547 X119.38 Y471.58 Z60 E6.67
G1 F3547 X119.38 Y471.58 Z60 E6.67
G1 F3547 X119.38 Y471.58 Z60 E6.67
G1 F3547 X119.38 Y471.58 Z60 E6.67
G1 F3547 X119.38 Y471.58 Z60 E6.67
G1 F3547 X119.38 Y471.58 Z60 E6.67
G1 F3547 X119.38 Y471.58 Z60 E6.67
G1 F3547 X119.38 Y471.58 Z60 E6.67
G1 F3547 X119.38 Y471.58 Z60 E6.67
G1 F3547 X119.38 Y471.58 Z60 E6.67
G1 F3547 X119.38 Y471.58 Z60 E6.67
G1 F3547 X119.38 Y471.58 Z60 E6.67
G1 F3547 X119.38 Y471.58 Z60 E6.67
G1 F3547 X119.38 Y471.58 Z60 E6.67
G1 F3547 X119.38 Y471.58 Z60 E6.67
G1 F3547 X119.38 Y471.58 Z60 E6.67
G1 F3547 X119.38 Y471.58 Z60 E6.67
G1 F3547 X119.38 Y471.58 Z60 E6.67
G1 F3547 X119.38 Y471.58 Z60 E6.67
G1 F3547 X119.38 Y471.58 Z60 E6.67
G1 F3547 X119.38 Y471.58 Z60 E6.67
G1 F3547 X119.38 Y471.58 Z60 E6.67
G1 F3547 X119.38 Y471.58 Z60 E6.67
G1 F3547 X119.38 Y471.58 Z60 E6.67
G1 F3547 X119.38 Y471.58 Z60 E6.67
G1 F3547 X119.38 Y471.58 Z60 E6.67
G1 F3547 X119.38 Y471.58 Z60 E6.67
G1 F3547 X119.38 Y471.58 Z60 E6.67
G1 F3547 X119.38 Y471.58 Z60 E6.67
G1 F3547 X119.38 Y471.58 Z60 E6.67
G1 F3547 X119.38 Y471.58 Z60 E6.67
G1 F3547 X119.38 Y471.58 Z60 E6.67
G1 F3547 X119.38 Y471.58 Z60 E6.67
G1 F3547 X119.38 Y471.58 Z60 E6.67
G1 F3547 X119.38 Y471.58 Z60 E6.67
G1 F3547 X119.38 Y471.58 Z60 E6.67
G1 F3547 X119.38 Y471.58 Z60 E6.67
G1 F3547 X119.38 Y471.58 Z60 E6.67
G1 F3547 X119.38 Y471.58 Z60 E6.67
G1 F3547 X119.38 Y471.58 Z60 E6.67
G1 F3547 X119.38 Y471.58 Z60 E6.67
G1 F3547 X119.38 Y471.58 Z60 E6.67
G1 F3547 X119.38 Y471.58 Z60 E6.67
G1 F3547 X119.38 Y471.58 Z60 E6.67
G1 F3547 X119.38 Y471.58 Z60 E6.67
G1 F3547 X119.38 Y471.58 Z60 E6.67
G1 F3547 X119.38 Y471.58 Z60 E6.67
G1 F3547 X119.38 Y471.58 Z60 E6.67
G1 F3547 X119.38 Y471.58 Z60 E6.67
G1 F3547 X119.38 Y471.58 Z60 E6.67
G1 F3547 X119.38 Y471.58 Z60 E6.67
G1 F3547 X119.38 Y471.58 Z60 E6.67
G1 F3547 X119.38 Y471.58 Z60 E6.67
G1 F3547 X119.38 Y471.58 Z60 E6.67
G1 F3547 X119.38 Y471.58 Z60 E6.67
G1 F3547 X119.38 Y471.58 Z60 E6.67
G1 F3547 X119.38 Y471.58 Z60 E6.67
G1 F3547 X119.38 Y471.58 Z60 E6.67
G1 F3547 X119.38 Y471.58 Z60 E6.67
G1 F3547 X119.38 Y471.58 Z60 E6.67
G1 F3547 X119.38 Y471.58 Z60 E6.67
G1 F3547 X119.38 Y471.58 Z60 E6.67
G1 F3547 X119.38 Y471.58 Z60 E6.67
G1 F3547 X119.38 Y471.58 Z60 E6.67
G1 F3547 X119.38 Y471.58 Z60 E6.67
G1 F3547 X119.38 Y471.58 Z60 E6.67
G1 F3547 X119.38 Y471.58 Z60 E6.67
G1 F3547 X119.38 Y471.58 Z60 E6.67
G1 F3547 X119.38 Y471.58 Z60 E6.67
G1 F3547 X119.38 Y471.58 Z60 E6.67
G1 F3547 X119.38 Y471.58 Z60 E6.67
G1 F3547 X119.38 Y471.58 Z60 E6.67
G1 F3547 X119.38 Y471.58 Z60 E6.67
G1 F3547 X119.38 Y471.58 Z60 E6.67
G1 F3547 X119.38 Y471.58 Z60 E6.67
G1 F3547 X119.38 Y471.58 Z60 E6.67
G1 F3547 X119.38 Y471.58 Z60 E6.67
G1 F3547 X119.38 Y471.58 Z60 E6.67
G1 F3547 X119.38 Y471.58 Z60 E6.67
G1 F3547 X119.38 Y471.58 Z60 E6.67
G1 F3547 X119.38 Y471.58 Z60 E6.67
G1 F3547 X119.38 Y471.58 Z60 E6.67
G1 F3547 X119.38 Y471.58 Z60 E6.67
G1 F3547 X119.38 Y471.58 Z60 E6.67
G1 F3547 X119.38 Y471.58 Z60 E6.67
G1 F3547 X119.38 Y471.58 Z60 E6.67
G1 F3547 X119.38 Y471.58 Z60 E6.67
G1 F3547 X119.38 Y471.58 Z60 E6.67
G1 F3547 X119.38 Y471.58 Z60 E6.67
G1 F3547 X119.38 Y471.58 Z60 E6.67
G1 F3547 X119.38 Y471.58 Z60 E6.67
G1 F3547 X119.38 Y471.58 Z60 E6.67
G1 F3547 X119.38 Y471.58 Z60 E6.67
G1 F3547 X119.38 Y471.58 Z60 E6.67
G1 F3547 X119.38 Y471.58 Z60 E6.67
G1 F3547 X119.38 Y471.58 Z60 E6.67
G1 F3547 X119.38 Y471.58 Z60 E6.67
G1 F3547 X119.38 Y471.58 Z60 E6.67
G1 F3547 X119.38 Y471.58 Z60 E6.67
G1 F3547 X119.38 Y471.58 Z60 E6.67
G1 F3547 X119.38 Y471.58 Z60 E6.67
G1 F3547 X119.38 Y471.58 Z60 E6.67
G1 F3547 X119.38 Y471.58 Z60 E6.67
G1 F3547 X119.38 Y471.58 Z60 E6.67
G1 F3547 X119.38 Y471.58 Z60 E6.67
G1 F3547 X119.38 Y471.58 Z60 E6.67
G1 F3547 X119.38 Y471.58 Z60 E6.67
G1 F3547 X119.38 Y471.58 Z60 E6.67
G1 F3547 X119.38 Y471.58 Z60 E6.67
G1 F3547 X119.38 Y471.58 Z60 E6.67
G1 F3547 X119.38 Y471.58 Z60 E6.67
G1 F3547 X119.38 Y471.58 Z60 E6.67
G1 F3547 X119.38 Y471.58 Z60 E6.67
G1 F3547 X119.38 Y471.58 Z60 E6.67
G1 F3547 X119.38 Y471.58 Z60 E6.67
G1 F3547 X119.38 Y471.58 Z60 E6.67
G1 F3547 X119.38 Y471.58 Z60 E6.67
G1 F3547 X119.38 Y471.58 Z60 E6.67
G1 F3547 X119.38 Y471.58 Z60 E6.67
G1 F3547 X119.38 Y471.58 Z60 E6.67
G1 F3547 X119.38 Y471.58 Z60 E6.67
G1 F3547 X119.38 Y471.58 Z60 E6.67
G1 F3547 X119.38 Y471.58 Z60 E6.67
G1 F3547 X119.38 Y471.58 Z60 E6.67
G1 F3547 X119.38 Y471.58 Z60 E6.67
G1 F3547 X119.38 Y471.58 Z60 E6.67
G1 F3547 X119.38 Y471.58 Z60 E6.67
G1 F3547 X119.38 Y471.58 Z60 E6.67
G1 F3547 X119.38 Y471.58 Z60 E6.67
G1 F3547 X119.38 Y471.58 Z60 E6.67
G1 F3547 X119.38 Y471.58 Z60 E6.67
G1 F3547 X119.38 Y471.58 Z60 E6.67
G1 F3547 X119.38 Y471.58 Z60 E6.67
G1 F3547 X119.38 Y471.58 Z60 E6.67
G1 F3547 X119.38 Y471.58 Z60 E6.67
G1 F3547 X119.38 Y471.58 Z60 E6.67
G1 F3547 X119.38 Y471.58 Z60 E6.67
G1 F3547 X119.38 Y471.58 Z60 E6.67
G1 F3547 X119.38 Y471.58 Z60 E6.67
G1 F3547 X119.38 Y471.58 Z60 E6.67
G1 F3547 X119.38 Y471.58 Z60 E6.67
G1 F3547 X119.38 Y471.58 Z60 E6.67
G1 F3547 X119.38 Y471.58 Z60 E6.67
G1 F3547 X119.38 Y471.58 Z60 E6.67
G1 F3547 X119.38 Y471.58 Z60 E6.67
G1 F3547 X119.38 Y471.58 Z60 E6.67
G1 F3547 X119.38 Y471.58 Z60 E6.67
G1 F3547 X119.38 Y471.58 Z60 E6.67
G1 F3547 X119.38 Y471.58 Z60 E6.67
G1 F3547 X119.38 Y471.58 Z60 E6.67
G1 F3547 X119.38 Y471.58 Z60 E6.67
G1 F3547 X119.38 Y471.58 Z60 E6.67
G1 F3547 X119.38 Y471.58 Z60 E6.67
G1 F3547 X119.38 Y471.58 Z60 E6.67
G1 F3547 X119.38 Y471.58 Z60 E6.67
G1 F3547 X119.38 Y471.58 Z60 E6.67
G1 F3547 X119.38 Y471.58 Z60 E6.67
G1 F3547 X119.38 Y471.58 Z60 E6.67
G1 F3547 X119.38 Y471.58 Z60 E6.67
G1 F3547 X119.38 Y471.58 Z60 E6.67
G1 F3547 X119.38 Y471.58 Z60 E6.67
G1 F3547 X119.38 Y471.58 Z60 E6.67
G1 F3547 X119.38 Y471.58 Z60 E6.67
G1 F3547 X119.38 Y471.58 Z60 E6.67
G1 F3547 X119.38 Y471.58 Z60 E6.67
G1 F3547 X119.38 Y471.58 Z60 E6.67
G1 F3547 X119.38 Y471.58 Z60 E6.67
G1 F3547 X119.38 Y471.58 Z60 E6.67
G1 F3547 X119.38 Y471.58 Z60 E6.67
G1 F3547 X119.38 Y471.58 Z60 E6.67
G1 F3547 X119.38 Y471.58 Z60 E6.67
G1 F3547 X119.38 Y471.58 Z60 E6.67
G1 F3547 X119.38 Y471.58 Z60 E6.67
G1 F3547 X119.38 Y471.58 Z60 E6.67
G1 F3547 X119.38 Y471.58 Z60 E6.67
G1 F3547 X119.38 Y471.58 Z60 E6.67
G1 F3547 X119.38 Y471.58 Z60 E6.67
G1 F3547 X119.38 Y471.58 Z60 E6.67
G1 F3547 X119.38 Y471.58 Z60 E6.67
G1 F3547 X119.38 Y471.58 Z60 E6.67
G1 F3547 X119.38 Y471.58 Z60 E6.67
G1 F3547 X119.38 Y471.58 Z60 E6.67
G1 F3547 X119.38 Y471.58 Z60 E6.67
G1 F3547 X119.38 Y471.58 Z60 E6.67
G1 F3547 X119.38 Y471.58 Z60 E6.67
G1 F3547 X119.38 Y471.58 Z60 E6.67
G1 F3547 X119.38 Y471.58 Z60 E6.67
G1 F3547 X119.38 Y471.58 Z60 E6.67
G1 F3547 X119.38 Y471.58 Z60 E6.67
G1 F3547 X119.38 Y471.58 Z60 E6.67
G1 F3547 X119.38 Y471.58 Z60 E6.67
G1 F3547 X119.38 Y471.58 Z60 E6.67
G1 F3547 X119.38 Y471.58 Z60 E6.67
G1 F3547 X119.38 Y471.58 Z60 E6.67
G1 F3547 X119.38 Y471.58 Z60 E6.67
G1 F3547 X119.38 Y471.58 Z60 E6.67
G1 F3547 X119.38 Y471.58 Z60 E6.67
G1 F3547 X119.38 Y471.58 Z60 E6.67
G1 F3547 X119.38 Y471.58 Z60 E6.67
G1 F3547 X119.38 Y471.58 Z60 E6.67
G1 F3547 X119.38 Y471.58 Z60 E6.67
G1 F3547 X119.38 Y471.58 Z60 E6.67
G1 F3547 X119.38 Y471.58 Z60 E6.67
G1 F3547 X119.38 Y471.58 Z60 E6.67
G1 F3547 X119.38 Y471.58 Z60 E6.67
G1 F3547 X119.38 Y471.58 Z60 E6.67
G1 F3547 X119.38 Y471.58 Z60 E6.67
G1 F3547 X119.38 Y471.58 Z60 E6.67
G1 F3547 X119.38 Y471.58 Z60 E6.67
G1 F3547 X119.38 Y471.58 Z60 E6.67
G1 F3547 X119.38 Y471.58 Z60 E6.67
G1 F3547 X119.38 Y471.58 Z60 E6.67
G1 F3547 X119.38 Y471.58 Z60 E6.67
G1 F3547 X119.38 Y471.58 Z60 E6.67
G1 F3547 X119.38 Y471.58 Z60 E6.67
G1 F3547 X119.38 Y471.58 Z60 E6.67
G1 F3547 X119.38 Y471.58 Z60 E6.67
G1 F3547 X119.38 Y471.58 Z60 E6.67
G1 F3547 X119.38 Y471.58 Z60 E6.67
G1 F3547 X119.38 Y471.58 Z60 E6.67
G1 F3547 X119.38 Y471.58 Z60 E6.67
G1 F3547 X119.38 Y471.58 Z60 E6.67
G1 F3547 X119.38 Y471.58 Z60 E6.67
G1 F3547 X119.38 Y471.58 Z60 E6.67
G1 F3547 X119.38 Y471.58 Z60 E6.67
G1 F3547 X119.38 Y471.58 Z60 E6.67
G1 F3547 X119.38 Y471.58 Z60 E6.67
G1 F3547 X119.38 Y471.58 Z60 E6.67
G1 F3547 X119.38 Y471.58 Z60 E6.67
G1 F3547 X119.38 Y471.58 Z60 E6.67
G1 F3547 X119.38 Y471.58 Z60 E6.67
G1 F3547 X119.38 Y471.58 Z60 E6.67
G1 F3547 X119.38 Y471.58 Z60 E6.67
G1 F3547 X119.38 Y471.58 Z60 E6.67
G1 F3547 X119.38 Y471.58 Z60 E6.67
G1 F3547 X119.38 Y471.58 Z60 E6.67
G1 F3547 X119.38 Y471.58 Z60 E6.67
G1 F3547 X119.38 Y471.58 Z60 E6.67
G1 F3547 X119.38 Y471.58 Z60 E6.67
G1 F3547 X119.38 Y471.58 Z60 E6.67
G1 F3547 X119.38 Y471.58 Z60 E6.67
G1 F3547 X119.38 Y471.58 Z60 E6.67
G1 F3547 X119.38 Y471.58 Z60 E6.67
G1 F3547 X119.38 Y471.58 Z60 E6.67
G1 F3547 X119.38 Y471.58 Z60 E6.67
G1 F3547 X119.38 Y471.58 Z60 E6.67
G1 F3547 X119.38 Y471.58 Z60 E6.67
G1 F3547 X119.38 Y471.58 Z60 E6.67
G1 F3547 X119.38 Y471.58 Z60 E6.67
G1 F3547 X119.38 Y471.58 Z60 E6.67
G1 F3547 X119.38 Y471.58 Z60 E6.67
G1 F3547 X119.38 Y471.58 Z60 E6.67
G1 F3547 X119.38 Y471.58 Z60 E6.67
G1 F3547 X119.38 Y471.58 Z60 E6.67
G1 F3547 X119.38 Y471.58 Z60 E6.67
G1 F3547 X119.38 Y471.58 Z60 E6.67
G1 F3547 X119.38 Y471.58 Z60 E6.67
G1 F3547 X119.38 Y471.58 Z60 E6.67
G1 F3547 X119.38 Y471.58 Z60 E6.67
G1 F3547 X119.38 Y471.58 Z60 E6.67
G1 F3547 X119.38 Y471.58 Z60 E6.67
G1 F3547 X119.38 Y471.58 Z60 E6.67
G1 F3547 X119.38 Y471.58 Z60 E6.67
G1 F3547 X119.38 Y471.58 Z60 E6.67
G1 F3547 X119.38 Y471.58 Z60 E6.67
G1 F3547 X119.38 Y471.58 Z60 E6.67
G1 F3547 X119.38 Y471.58 Z60 E6.67
G1 F3547 X119.38 Y471.58 Z60 E6.67
G1 F3547 X119.38 Y471.58 Z60 E6.67
G1 F3547 X119.38 Y471.58 Z60 E6.67
G1 F3547 X119.38 Y471.58 Z60 E6.67
G1 F3547 X119.38 Y471.58 Z60 E6.67
G1 F3547 X119.38 Y471.58 Z60 E6.67
G1 F3547 X119.38 Y471.58 Z60 E6.67
G1 F3547 X119.38 Y471.58 Z60 E6.67
G1 F3547 X119.38 Y471.58 Z60 E6.67
G1 F3547 X119.38 Y471.58 Z60 E6.67
G1 F3547 X119.38 Y471.58 Z60 E6.67
G1 F3547 X119.38 Y471.58 Z60 E6.67
G1 F3547 X119.38 Y471.58 Z60 E6.67
G1 F3547 X119.38 Y471.58 Z60 E6.67
G1 F3547 X119.38 Y471.58 Z60 E6.67
G1 F3547 X119.38 Y471.58 Z60 E6.67
G1 F3547 X119.38 Y471.58 Z60 E6.67
G1 F3547 X119.38 Y471.58 Z60 E6.67
G1 F3547 X119.38 Y471.58 Z60 E6.67
G1 F3547 X119.38 Y471.58 Z60 E6.67
G1 F3547 X119.38 Y471.58 Z60 E6.67
G1 F3547 X119.38 Y471.58 Z60 E6.67
G1 F3547 X119.38 Y471.58 Z60 E6.67
G1 F3547 X119.38 Y471.58 Z60 E6.67
G1 F3547 X119.38 Y471.58 Z60 E6.67
G1 F3547 X119.38 Y471.58 Z60 E6.67
G1 F3547 X119.38 Y471.58 Z60 E6.67
G1 F3547 X119.38 Y471.58 Z60 E6.67
G1 F3547 X119.38 Y471.58 Z60 E6.67
G1 F3547 X119.38 Y471.58 Z60 E6.67
G1 F3547 X119.38 Y471.58 Z60 E6.67
G1 F3547 X119.38 Y471.58 Z60 E6.67
G1 F3547 X119.38 Y471.58 Z60 E6.67
G1 F3547 X119.38 Y471.58 Z60 E6.67
G1 F3547 X119.38 Y471.58 Z60 E6.67
G1 F3547 X119.38 Y471.58 Z60 E6.67
G1 F3547 X119.38 Y471.58 Z60 E6.67
G1 F3547 X119.38 Y471.58 Z60 E6.67
G1 F3547 X119.38 Y471.58 Z60 E6.67
G1 F3547 X119.38 Y471.58 Z60 E6.67
G1 F3547 X119.38 Y471.58 Z60 E6.67
G1 F3547 X119.38 Y471.58 Z60 E6.67
G1 F3547 X119.38 Y471.58 Z60 E6.67
G1 F3547 X119.38 Y471.58 Z60 E6.67
G1 F3547 X119.38 Y471.58 Z60 E6.67
G1 F3547 X119.38 Y471.58 Z60 E6.67
G1 F3547 X119.38 Y471.58 Z60 E6.67
G1 F3547 X119.38 Y471.58 Z60 E6.67
G1 F3547 X119.38 Y471.58 Z60 E6.67
G1 F3547 X119.38 Y471.58 Z60 E6.67
G1 F3547 X119.38 Y471.58 Z60 E6.67
G1 F3547 X119.38 Y471.58 Z60 E6.67
G1 F3547 X119.38 Y471.58 Z60 E6.67
G1 F3547 X119.38 Y471.58 Z60 E6.67
G1 F3547 X119.38 Y471.58 Z60 E6.67
G1 F3547 X119.38 Y471.58 Z60 E6.67
G1 F3547 X119.38 Y471.58 Z60 E6.67
G1 F3547 X119.38 Y471.58 Z60 E6.67
G1 F3547 X119.38 Y471.58 Z60 E6.67
G1 F3547 X119.38 Y471.58 Z60 E6.67
G1 F3547 X119.38 Y471.58 Z60 E6.67
G1 F3547 X119.38 Y471.58 Z60 E6.67
G1 F3547 X119.38 Y471.58 Z60 E6.67
G1 F3547 X119.38 Y471.58 Z60 E6.67
G1 F3547 X119.38 Y471.58 Z60 E6.67
G1 F3547 X119.38 Y471.58 Z60 E6.67
G1 F3547 X119.38 Y471.58 Z60 E6.67
G1 F3547 X119.38 Y471.58 Z60 E6.67
G1 F3547 X119.38 Y471.58 Z60 E6.67
G1 F3547 X119.38 Y471.58 Z60 E6.67
G1 F3547 X119.38 Y471.58 Z60 E6.67
G1 F3547 X119.38 Y471.58 Z60 E6.67
G1 F3547 X119.38 Y471.58 Z60 E6.67
G1 F3547 X119.38 Y471.58 Z60 E6.67
G1 F3547 X119.38 Y471.58 Z60 E6.67
G1 F3547 X119.38 Y471.58 Z60 E6.67
G1 F3547 X119.38 Y471.58 Z60 E6.67
G1 F3547 X119.38 Y471.58 Z60 E6.67
G1 F3547 X119.38 Y471.58 Z60 E6.67
G1 F3547 X119.38 Y471.58 Z60 E6.67
G1 F3547 X119.38 Y471.58 Z60 E6.67
G1 F3547 X119.38 Y471.58 Z60 E6.67
G1 F3547 X119.38 Y471.58 Z60 E6.67
G1 F3547 X119.38 Y471.58 Z60 E6.67
G1 F3547 X119.38 Y471.58 Z60 E6.67
G1 F3547 X119.38 Y471.58 Z60 E6.67
G1 F3547 X119.38 Y471.58 Z60 E6.67
G1 F3547 X119.38 Y471.58 Z60 E6.67
G1 F3547 X119.38 Y471.58 Z60 E6.67
G1 F3547 X119.38 Y471.58 Z60 E6.67
G1 F3547 X119.38 Y471.58 Z60 E6.67
G1 F3547 X119.38 Y471.58 Z60 E6.67
G1 F3547 X119.38 Y471.58 Z60 E6.67
G1 F3547 X119.38 Y471.58 Z60 E6.67
G1 F3547 X119.38 Y471.58 Z60 E6.67
G1 F3547 X119.38 Y471.58 Z60 E6.67
G1 F3547 X119.38 Y471.58 Z60 E6.67
G1 F3547 X119.38 Y471.58 Z60 E6.67
G1 F3547 X119.38 Y471.58 Z60 E6.67
G1 F3547 X119.38 Y471.58 Z60 E6.67
G1 F3547 X119.38 Y471.58 Z60 E6.67
G1 F3547 X119.38 Y471.58 Z60 E6.67
G1 F3547 X119.38 Y471.58 Z60 E6.67
G1 F3547 X119.38 Y471.58 Z60 E6.67
G1 F3547 X119.38 Y471.58 Z60 E6.67
G1 F3547 X119.38 Y471.58 Z60 E6.67
G1 F3547 X119.38 Y471.58 Z60 E6.67
G1 F3547 X119.38 Y471.58 Z60 E6.67
G1 F3547 X119.38 Y471.58 Z60 E6.67
G1 F3547 X119.38 Y471.58 Z60 E6.67
G1 F3547 X119.38 Y471.58 Z60 E6.67
G1 F3547 X119.38 Y471.58 Z60 E6.67
G1 F3547 X119.38 Y471.58 Z60 E6.67
G1 F3547 X119.38 Y471.58 Z60 E6.67
G1 F3547 X119.38 Y471.58 Z60 E6.67
G1 F3547 X119.38 Y471.58 Z60 E6.67
G1 F3547 X119.38 Y471.58 Z60 E6.67
G1 F3547 X119.38 Y471.58 Z60 E6.67
G1 F3547 X119.38 Y471.58 Z60 E6.67
G1 F3547 X119.38 Y471.58 Z60 E6.67
G1 F3547 X119.38 Y471.58 Z60 E6.67
G1 F3547 X119.38 Y471.58 Z60 E6.67
G1 F3547 X119.38 Y471.58 Z60 E6.67
G1 F3547 X119.38 Y471.58 Z60 E6.67
G1 F3547 X119.38 Y471.58 Z60 E6.67
G1 F3547 X119.38 Y471.58 Z60 E6.67
G1 F3547 X119.38 Y471.58 Z60 E6.67
G1 F3547 X119.38 Y471.58 Z60 E6.67
G1 F3547 X119.38 Y471.58 Z60 E6.67
G1 F3547 X119.38 Y471.58 Z60 E6.67
G1 F3547 X119.38 Y471.58 Z60 E6.67
G1 F3547 X119.38 Y471.58 Z60 E6.67
G1 F3547 X119.38 Y471.58 Z60 E6.67
G1 F3547 X119.38 Y471.58 Z60 E6.67
G1 F3547 X119.38 Y471.58 Z60 E6.67
G1 F3547 X119.38 Y471.58 Z60 E6.67
G1 F3547 X119.38 Y471.58 Z60 E6.67
G1 F3547 X119.38 Y471.58 Z60 E6.67
G1 F3547 X119.38 Y471.58 Z60 E6.67
G1 F3547 X119.38 Y471.58 Z60 E6.67
G1 F3547 X119.38 Y471.58 Z60 E6.67
G1 F3547 X119.38 Y471.58 Z60 E6.67
G1 F3547 X119.38 Y471.58 Z60 E6.67
G1 F3547 X119.38 Y471.58 Z60 E6.67
G1 F3547 X119.38 Y471.58 Z60 E6.67
G1 F3547 X119.38 Y471.58 Z60 E6.67
G1 F3547 X119.38 Y471.58 Z60 E6.67
G1 F3547 X119.38 Y471.58 Z60 E6.67
G1 F3547 X119.38 Y471.58 Z60 E6.67
G1 F3547 X119.38 Y471.58 Z60 E6.67
G1 F3547 X119.38 Y471.58 Z60 E6.67
G1 F3547 X119.38 Y471.58 Z60 E6.67
G1 F3547 X119.38 Y471.58 Z60 E6.67
G1 F3547 X119.38 Y471.58 Z60 E6.67
G1 F3547 X119.38 Y471.58 Z60 E6.67
G1 F3547 X119.38 Y471.58 Z60 E6.67
G1 F3547 X119.38 Y471.58 Z60 E6.67
G1 F3547 X119.38 Y471.58 Z60 E6.67
G1 F3547 X119.38 Y471.58 Z60 E6.67
G1 F3547 X119.38 Y471.58 Z60 E6.67
G1 F3547 X119.38 Y471.58 Z60 E6.67
G1 F3547 X119.38 Y471.58 Z60 E6.67
G1 F3547 X119.38 Y471.58 Z60 E6.67
G1 F3547 X119.38 Y471.58 Z60 E6.67
G1 F3547 X119.38 Y471.58 Z60 E6.67
G1 F3547 X119.38 Y471.58 Z60 E6.67
G1 F3547 X119.38 Y471.58 Z60 E6.67
G1 F3547 X119.38 Y471.58 Z60 E6.67
G1 F3547 X119.38 Y471.58 Z60 E6.67
G1 F3547 X119.38 Y471.58 Z60 E6.67
G1 F3547 X119.38 Y471.58 Z60 E6.67
G1 F3547 X119.38 Y471.58 Z60 E6.67
G1 F3547 X119.38 Y471.58 Z60 E6.67
G1 F3547 X119.38 Y471.58 Z60 E6.67
G1 F3547 X119.38 Y471.58 Z60 E6.67
G1 F3547 X119.38 Y471.58 Z60 E6.67
G1 F3547 X119.38 Y471.58 Z60 E6.67
G1 F3547 X119.38 Y471.58 Z60 E6.67
G1 F3547 X119.38 Y471.58 Z60 E6.67
G1 F3547 X119.38 Y471.58 Z60 E6.67
G1 F3547 X119.38 Y471.58 Z60 E6.67
G1 F3547 X119.38 Y471.58 Z60 E6.67
G1 F3547 X119.38 Y471.58 Z60 E6.67
G1 F3547 X119.38 Y471.58 Z60 E6.67
G1 F3547 X119.38 Y471.58 Z60 E6.67
G1 F3547 X119.38 Y471.58 Z60 E6.67
G1 F3547 X119.38 Y471.58 Z60 E6.67
G1 F3547 X119.38 Y471.58 Z60 E6.67
G1 F3547 X119.38 Y471.58 Z60 E6.67
G1 F3547 X119.38 Y471.58 Z60 E6.67
G1 F3547 X119.38 Y471.58 Z60 E6.67
G1 F3547 X119.38 Y471.58 Z60 E6.67
G1 F3547 X119.38 Y471.58 Z60 E6.67
G1 F3547 X119.38 Y471.58 Z60 E6.67
G1 F3547 X119.38 Y471.58 Z60 E6.67
G1 F3547 X119.38 Y471.58 Z60 E6.67
G1 F3547 X119.38 Y471.58 Z60 E6.67
G1 F3547 X119.38 Y471.58 Z60 E6.67
G1 F3547 X119.38 Y471.58 Z60 E6.67
G1 F3547 X119.38 Y471.58 Z60 E6.67
G1 F3547 X119.38 Y471.58 Z60 E6.67
G1 F3547 X119.38 Y471.58 Z60 E6.67
G1 F3547 X119.38 Y471.58 Z60 E6.67
G1 F3547 X119.38 Y471.58 Z60 E6.67
G1 F3547 X119.38 Y471.58 Z60 E6.67
G1 F3547 X119.38 Y471.58 Z60 E6.67
G1 F3547 X119.38 Y471.58 Z60 E6.67
G1 F3547 X119.38 Y471.58 Z60 E6.67
G1 F3547 X119.38 Y471.58 Z60 E6.67
G1 F3547 X119.38 Y471.58 Z60 E6.67
G1 F3547 X119.38 Y471.58 Z60 E6.67
G1 F3547 X119.38 Y471.58 Z60 E6.67
G1 F3547 X119.38 Y471.58 Z60 E6.67
G1 F3547 X119.38 Y471.58 Z60 E6.67
G1 F3547 X119.38 Y471.58 Z60 E6.67
G1 F3547 X119.38 Y471.58 Z60 E6.67
G1 F3547 X119.38 Y471.58 Z60 E6.67
G1 F3547 X119.38 Y471.58 Z60 E6.67
G1 F3547 X119.38 Y471.58 Z60 E6.67
G1 F3547 X119.38 Y471.58 Z60 E6.67
G1 F3547 X119.38 Y471.58 Z60 E6.67
G1 F3547 X119.38 Y471.58 Z60 E6.67
G1 F3547 X119.38 Y471.58 Z60 E6.67
G1 F3547 X119.38 Y471.58 Z60 E6.67
G1 F3547 X119.38 Y471.58 Z60 E6.67
G1 F3547 X119.38 Y471.58 Z60 E6.67
G1 F3547 X119.38 Y471.58 Z60 E6.67
G1 F3547 X119.38 Y471.58 Z60 E6.67
G1 F3547 X119.38 Y471.58 Z60 E6.67
G1 F3547 X119.38 Y471.58 Z60 E6.67
G1 F3547 X119.38 Y471.58 Z60 E6.67
G1 F3547 X119.38 Y471.58 Z60 E6.67
G1 F3547 X119.38 Y471.58 Z60 E6.67
G1 F3547 X119.38 Y471.58 Z60 E6.67
G1 F3547 X119.38 Y471.58 Z60 E6.67
G1 F3547 X119.38 Y471.58 Z60 E6.67
G1 F3547 X119.38 Y471.58 Z60 E6.67
G1 F3547 X119.38 Y471.58 Z60 E6.67
G1 F3547 X119.38 Y471.58 Z60 E6.67
G1 F3547 X119.38 Y471.58 Z60 E6.67
G1 F3547 X119.38 Y471.58 Z60 E6.67
G1 F3547 X119.38 Y471.58 Z60 E6.67
G1 F3547 X119.38 Y471.58 Z60 E6.67
G1 F3547 X119.38 Y471.58 Z60 E6.67
G1 F3547 X119.38 Y471.58 Z60 E6.67
G1 F3547 X119.38 Y471.58 Z60 E6.67
G1 F3547 X119.38 Y471.58 Z60 E6.67
G1 F3547 X119.38 Y471.58 Z60 E6.67
G1 F3547 X119.38 Y471.58 Z60 E6.67
G1 F3547 X119.38 Y471.58 Z60 E6.67
G1 F3547 X119.38 Y471.58 Z60 E6.67
G1 F3547 X119.38 Y471.58 Z60 E6.67
G1 F3547 X119.38 Y471.58 Z60 E6.67
G1 F3547 X119.38 Y471.58 Z60 E6.67
G1 F3547 X119.38 Y471.58 Z60 E6.67
G1 F3547 X119.38 Y471.58 Z60 E6.67
G1 F3547 X119.38 Y471.58 Z60 E6.67
G1 F3547 X119.38 Y471.58 Z60 E6.67
G1 F3547 X119.38 Y471.58 Z60 E6.67
G1 F3547 X119.38 Y471.58 Z60 E6.67
G1 F3547 X119.38 Y471.58 Z60 E6.67
G1 F3547 X119.38 Y471.58 Z60 E6.67
G1 F3547 X119.38 Y471.58 Z60 E6.67
G1 F3547 X119.38 Y471.58 Z60 E6.67
G1 F3547 X119.38 Y471.58 Z60 E6.67
G1 F3547 X119.38 Y471.58 Z60 E6.67
G1 F3547 X119.38 Y471.58 Z60 E6.67
G1 F3547 X119.38 Y471.58 Z60 E6.67
G1 F3547 X119.38 Y471.58 Z60 E6.67
G1 F3547 X119.38 Y471.58 Z60 E6.67
G1 F3547 X119.38 Y471.58 Z60 E6.67
G1 F3547 X119.38 Y471.58 Z60 E6.67
G1 F3547 X119.38 Y471.58 Z60 E6.67
G1 F3547 X119.38 Y471.58 Z60 E6.67
G1 F3547 X119.38 Y471.58 Z60 E6.67
G1 F3547 X119.38 Y471.58 Z60 E6.67
G1 F3547 X119.38 Y471.58 Z60 E6.67
G1 F3547 X119.38 Y471.58 Z60 E6.67
G1 F3547 X119.38 Y471.58 Z60 E6.67
G1 F3547 X119.38 Y471.58 Z60 E6.67
G1 F3547 X119.38 Y471.58 Z60 E6.67
G1 F3547 X119.38 Y471.58 Z60 E6.67
G1 F3547 X119.38 Y471.58 Z60 E6.67
G1 F3547 X119.38 Y471.58 Z60 E6.67
G1 F3547 X119.38 Y471.58 Z60 E6.67
G1 F3547 X119.38 Y471.58 Z60 E6.67
G1 F3547 X119.38 Y471.58 Z60 E6.67
G1 F3547 X119.38 Y471.58 Z60 E6.67
G1 F3547 X119.38 Y471.58 Z60 E6.67
G1 F3547 X119.38 Y471.58 Z60 E6.67
G1 F3547 X119.38 Y471.58 Z60 E6.67
G1 F3547 X119.38 Y471.58 Z60 E6.67
G1 F3547 X119.38 Y471.58 Z60 E6.67
G1 F3547 X119.38 Y471.58 Z60 E6.67
G1 F3547 X119.38 Y471.58 Z60 E6.67
G1 F3547 X119.38 Y471.58 Z60 E6.67
G1 F3547 X119.38 Y471.58 Z60 E6.67
G1 F3547 X119.38 Y471.58 Z60 E6.67
G1 F3547 X119.38 Y471.58 Z60 E6.67
G1 F3547 X119.38 Y471.58 Z60 E6.67
G1 F3547 X119.38 Y471.58 Z60 E6.67
G1 F3547 X119.38 Y471.58 Z60 E6.67
G1 F3547 X119.38 Y471.58 Z60 E6.67
G1 F3547 X119.38 Y471.58 Z60 E6.67
G1 F3547 X119.38 Y471.58 Z60 E6.67
G1 F3547 X119.38 Y471.58 Z60 E6.67
G1 F3547 X119.38 Y471.58 Z60 E6.67
G1 F3547 X119.38 Y471.58 Z60 E6.67
G1 F3547 X119.38 Y471.58 Z60 E6.67
G1 F3547 X119.38 Y471.58 Z60 E6.67
G1 F3547 X119.38 Y471.58 Z60 E6.67
G1 F3547 X119.38 Y471.58 Z60 E6.67
G1 F3547 X119.38 Y471.58 Z60 E6.67
G1 F3547 X119.38 Y471.58 Z60 E6.67
G1 F3547 X119.38 Y471.58 Z60 E6.67
G1 F3547 X119.38 Y471.58 Z60 E6.67
G1 F3547 X119.38 Y471.58 Z60 E6.67
G1 F3547 X119.38 Y471.58 Z60 E6.67
G1 F3547 X119.38 Y471.58 Z60 E6.67
G1 F3547 X119.38 Y471.58 Z60 E6.67
G1 F3547 X119.38 Y471.58 Z60 E6.67
G1 F3547 X119.38 Y471.58 Z60 E6.67
G1 F3547 X119.38 Y471.58 Z60 E6.67
G1 F3547 X119.38 Y471.58 Z60 E6.67
G1 F3547 X119.38 Y471.58 Z60 E6.67
G1 F3547 X119.38 Y471.58 Z60 E6.67
G1 F3547 X119.38 Y471.58 Z60 E6.67
G1 F3547 X119.38 Y471.58 Z60 E6.67
G1 F3547 X119.38 Y471.58 Z60 E6.67
G1 F3547 X119.38 Y471.58 Z60 E6.67
G1 F3547 X119.38 Y471.58 Z60 E6.67
G1 F3547 X119.38 Y471.58 Z60 E6.67
G1 F3547 X119.38 Y471.58 Z60 E6.67
G1 F3547 X119.38 Y471.58 Z60 E6.67
G1 F3547 X119.38 Y471.58 Z60 E6.67
G1 F3547 X119.38 Y471.58 Z60 E6.67
G1 F3547 X119.38 Y471.58 Z60 E6.67
G1 F3547 X119.38 Y471.58 Z60 E6.67
G1 F3547 X119.38 Y471.58 Z60 E6.67
G1 F3547 X119.38 Y471.58 Z60 E6.67
G1 F3547 X119.38 Y471.58 Z60 E6.67
G1 F3547 X119.38 Y471.58 Z60 E6.67
G1 F3547 X119.38 Y471.58 Z60 E6.67
G1 F3547 X119.38 Y471.58 Z60 E6.67
G1 F3547 X119.38 Y471.58 Z60 E6.67
G1 F3547 X119.38 Y471.58 Z60 E6.67
G1 F3547 X119.38 Y471.58 Z60 E6.67
G1 F3547 X119.38 Y471.58 Z60 E6.67
G1 F3547 X119.38 Y471.58 Z60 E6.67
G1 F3547 X119.38 Y471.58 Z60 E6.67
G1 F3547 X119.38 Y471.58 Z60 E6.67
G1 F3547 X119.38 Y471.58 Z60 E6.67
G1 F3547 X119.38 Y471.58 Z60 E6.67
G1 F3547 X119.38 Y471.58 Z60 E6.67
G1 F3547 X119.38 Y471.58 Z60 E6.67
G1 F3547 X119.38 Y471.58 Z60 E6.67
G1 F3547 X119.38 Y471.58 Z60 E6.67
G1 F3547 X119.38 Y471.58 Z60 E6.67
G1 F3547 X119.38 Y471.58 Z60 E6.67
G1 F3547 X119.38 Y471.58 Z60 E6.67
G1 F3547 X119.38 Y471.58 Z60 E6.67
G1 F3547 X119.38 Y471.58 Z60 E6.67
G1 F3547 X119.38 Y471.58 Z60 E6.67
G1 F3547 X119.38 Y471.58 Z60 E6.67
G1 F3547 X119.38 Y471.58 Z60 E6.67
G1 F3547 X119.38 Y471.58 Z60 E6.67
G1 F3547 X119.38 Y471.58 Z60 E6.67
G1 F3547 X119.38 Y471.58 Z60 E6.67
G1 F3547 X119.38 Y471.58 Z60 E6.67
G1 F3547 X119.38 Y471.58 Z60 E6.67
G1 F3547 X119.38 Y471.58 Z60 E6.67
G1 F3547 X119.38 Y471.58 Z60 E6.67
G1 F3547 X119.38 Y471.58 Z60 E6.67
G1 F3547 X119.38 Y471.58 Z60 E6.67
G1 F3547 X119.38 Y471.58 Z60 E6.67
G1 F3547 X119.38 Y471.58 Z60 E6.67
G1 F3547 X119.38 Y471.58 Z60 E6.67
G1 F3547 X119.38 Y471.58 Z60 E6.67
G1 F3547 X119.38 Y471.58 Z60 E6.67
G1 F3547 X119.38 Y471.58 Z60 E6.67
G1 F3547 X119.38 Y471.58 Z60 E6.67
G1 F3547 X119.38 Y471.58 Z60 E6.67
G1 F3547 X119.38 Y471.58 Z60 E6.67
G1 F3547 X119.38 Y471.58 Z60 E6.67
G1 F3547 X119.38 Y471.58 Z60 E6.67
G1 F3547 X119.38 Y471.58 Z60 E6.67
G1 F3547 X119.38 Y471.58 Z60 E6.67
G1 F3547 X119.38 Y471.58 Z60 E6.67
G1 F3547 X119.38 Y471.58 Z60 E6.67
G1 F3547 X119.38 Y471.58 Z60 E6.67
G1 F3547 X119.38 Y471.58 Z60 E6.67
G1 F3547 X119.38 Y471.58 Z60 E6.67
G1 F3547 X119.38 Y471.58 Z60 E6.67
G1 F3547 X119.38 Y471.58 Z60 E6.67
G1 F3547 X119.38 Y471.58 Z60 E6.67
G1 F3547 X119.38 Y471.58 Z60 E6.67
G1 F3547 X119.38 Y471.58 Z60 E6.67
G1 F3547 X119.38 Y471.58 Z60 E6.67
G1 F3547 X119.38 Y471.58 Z60 E6.67
G1 F3547 X119.38 Y471.58 Z60 E6.67
G1 F3547 X119.38 Y471.58 Z60 E6.67
G1 F3547 X119.38 Y471.58 Z60 E6.67
G1 F3547 X119.38 Y471.58 Z60 E6.67
G1 F3547 X119.38 Y471.58 Z60 E6.67
G1 F3547 X119.38 Y471.58 Z60 E6.67
G1 F3547 X119.38 Y471.58 Z60 E6.67
G1 F3547 X119.38 Y471.58 Z60 E6.67
G1 F3547 X119.38 Y471.58 Z60 E6.67
G1 F3547 X119.38 Y471.58 Z60 E6.67
G1 F3547 X119.38 Y471.58 Z60 E6.67
G1 F3547 X119.38 Y471.58 Z60 E6.67
G1 F3547 X119.38 Y471.58 Z60 E6.67
G1 F3547 X119.38 Y471.58 Z60 E6.67
G1 F3547 X119.38 Y471.58 Z60 E6.67
G1 F3547 X119.38 Y471.58 Z60 E6.67
G1 F3547 X119.38 Y471.58 Z60 E6.67
G1 F3547 X119.38 Y471.58 Z60 E6.67
G1 F3547 X119.38 Y471.58 Z60 E6.67
G1 F3547 X119.38 Y471.58 Z60 E6.67
G1 F3547 X119.38 Y471.58 Z60 E6.67
G1 F3547 X119.38 Y471.58 Z60 E6.67
G1 F3547 X119.38 Y471.58 Z60 E6.67
G1 F3547 X119.38 Y471.58 Z60 E6.67
G1 F3547 X119.38 Y471.58 Z60 E6.67
G1 F3547 X119.38 Y471.58 Z60 E6.67
G1 F3547 X119.38 Y471.58 Z60 E6.67
G1 F3547 X119.38 Y471.58 Z60 E6.67
G1 F3547 X119.38 Y471.58 Z60 E6.67
G1 F3547 X119.38 Y471.58 Z60 E6.67
G1 F3547 X119.38 Y471.58 Z60 E6.67
G1 F3547 X119.38 Y471.58 Z60 E6.67
G1 F3547 X119.38 Y471.58 Z60 E6.67
G1 F3547 X119.38 Y471.58 Z60 E6.67
G1 F3547 X119.38 Y471.58 Z60 E6.67
G1 F3547 X119.38 Y471.58 Z60 E6.67
G1 F3547 X119.38 Y471.58 Z60 E6.67
G1 F3547 X119.38 Y471.58 Z60 E6.67
G1 F3547 X119.38 Y471.58 Z60 E6.67
G1 F3547 X119.38 Y471.58 Z60 E6.67
G1 F3547 X119.38 Y471.58 Z60 E6.67
G1 F3547 X119.38 Y471.58 Z60 E6.67
G1 F3547 X119.38 Y471.58 Z60 E6.67
G1 F3547 X119.38 Y471.58 Z60 E6.67
G1 F3547 X119.38 Y471.58 Z60 E6.67
G1 F3547 X119.38 Y471.58 Z60 E6.67
G1 F3547 X119.38 Y471.58 Z60 E6.67
G1 F3547 X119.38 Y471.58 Z60 E6.67
G1 F3547 X119.38 Y471.58 Z60 E6.67
G1 F3547 X119.38 Y471.58 Z60 E6.67
G1 F3547 X119.38 Y471.58 Z60 E6.67
G1 F3547 X119.38 Y471.58 Z60 E6.67
G1 F3547 X119.38 Y471.58 Z60 E6.67
G1 F3547 X119.38 Y471.58 Z60 E6.67
G1 F3547 X119.38 Y471.58 Z60 E6.67
G1 F3547 X119.38 Y471.58 Z60 E6.67
G1 F3547 X119.38 Y471.58 Z60 E6.67
G1 F3547 X119.38 Y471.58 Z60 E6.67
G1 F3547 X119.38 Y471.58 Z60 E6.67
G1 F3547 X119.38 Y471.58 Z60 E6.67
G1 F3547 X119.38 Y471.58 Z60 E6.67
G1 F3547 X119.38 Y471.58 Z60 E6.67
G1 F3547 X119.38 Y471.58 Z60 E6.67
G1 F3547 X119.38 Y471.58 Z60 E6.67
G1 F3547 X119.38 Y471.58 Z60 E6.67
G1 F3547 X119.38 Y471.58 Z60 E6.67
G1 F3547 X119.38 Y471.58 Z60 E6.67
G1 F3547 X119.38 Y471.58 Z60 E6.67
G1 F3547 X119.38 Y471.58 Z60 E6.67
G1 F3547 X119.38 Y471.58 Z60 E6.67
G1 F3547 X119.38 Y471.58 Z60 E6.67
G1 F3547 X119.38 Y471.58 Z60 E6.67
G1 F3547 X119.38 Y471.58 Z60 E6.67
G1 F3547 X119.38 Y471.58 Z60 E6.67
G1 F3547 X119.38 Y471.58 Z60 E6.67
G1 F3547 X119.38 Y471.58 Z60 E6.67
G1 F3547 X119.38 Y471.58 Z60 E6.67
G1 F3547 X119.38 Y471.58 Z60 E6.67
G1 F3547 X119.38 Y471.58 Z60 E6.67
G1 F3547 X119.38 Y471.58 Z60 E6.67
G1 F3547 X119.38 Y471.58 Z60 E6.67
G1 F3547 X119.38 Y471.58 Z60 E6.67
G1 F3547 X119.38 Y471.58 Z60 E6.67
G1 F3547 X119.38 Y471.58 Z60 E6.67
G1 F3547 X119.38 Y471.58 Z60 E6.67
G1 F3547 X119.38 Y471.58 Z60 E6.67
G1 F3547 X119.38 Y471.58 Z60 E6.67
G1 F3547 X119.38 Y471.58 Z60 E6.67
G1 F3547 X119.38 Y471.58 Z60 E6.67
G1 F3547 X119.38 Y471.58 Z60 E6.67
G1 F3547 X119.38 Y471.58 Z60 E6.67
G1 F3547 X119.38 Y471.58 Z60 E6.67
G1 F3547 X119.38 Y471.58 Z60 E6.67
G1 F3547 X119.38 Y471.58 Z60 E6.67
G1 F3547 X119.38 Y471.58 Z60 E6.67
G1 F3547 X119.38 Y471.58 Z60 E6.67
G1 F3547 X119.38 Y471.58 Z60 E6.67
G1 F3547 X119.38 Y471.58 Z60 E6.67
G1 F3547 X119.38 Y471.58 Z60 E6.67
G1 F3547 X119.38 Y471.58 Z60 E6.67
G1 F3547 X119.38 Y471.58 Z60 E6.67
G1 F3547 X119.38 Y471.58 Z60 E6.67
G1 F3547 X119.38 Y471.58 Z60 E6.67
G1 F3547 X119.38 Y471.58 Z60 E6.67
G1 F3547 X119.38 Y471.58 Z60 E6.67
G1 F3547 X119.38 Y471.58 Z60 E6.67
G1 F3547 X119.38 Y471.58 Z60 E6.67
G1 F3547 X119.38 Y471.58 Z60 E6.67
G1 F3547 X119.38 Y471.58 Z60 E6.67
G1 F3547 X119.38 Y471.58 Z60 E6.67
G1 F3547 X119.38 Y471.58 Z60 E6.67
G1 F3547 X119.38 Y471.58 Z60 E6.67
G1 F3547 X119.38 Y471.58 Z60 E6.67
G1 F3547 X119.38 Y471.58 Z60 E6.67
G1 F3547 X119.38 Y471.58 Z60 E6.67
G1 F3547 X119.38 Y471.58 Z60 E6.67
G1 F3547 X119.38 Y471.58 Z60 E6.67
G1 F3547 X119.38 Y471.58 Z60 E6.67
G1 F3547 X119.38 Y471.58 Z60 E6.67
G1 F3547 X119.38 Y471.58 Z60 E6.67
G1 F3547 X119.38 Y471.58 Z60 E6.67
G1 F3547 X119.38 Y471.58 Z60 E6.67
G1 F3547 X119.38 Y471.58 Z60 E6.67
G1 F3547 X119.38 Y471.58 Z60 E6.67
G1 F3547 X119.38 Y471.58 Z60 E6.67
G1 F3547 X119.38 Y471.58 Z60 E6.67
G1 F3547 X119.38 Y471.58 Z60 E6.67
G1 F3547 X119.38 Y471.58 Z60 E6.67
G1 F3547 X119.38 Y471.58 Z60 E6.67
G1 F3547 X119.38 Y471.58 Z60 E6.67
G1 F3547 X119.38 Y471.58 Z60 E6.67
G1 F3547 X119.38 Y471.58 Z60 E6.67
G1 F3547 X119.38 Y471.58 Z60 E6.67
G1 F3547 X119.38 Y471.58 Z60 E6.67
G1 F3547 X119.38 Y471.58 Z60 E6.67
G1 F3547 X119.38 Y471.58 Z60 E6.67
G1 F3547 X119.38 Y471.58 Z60 E6.67
G1 F3547 X119.38 Y471.58 Z60 E6.67
G1 F3547 X119.38 Y471.58 Z60 E6.67
G1 F3547 X119.38 Y471.58 Z60 E6.67
G1 F3547 X119.38 Y471.58 Z60 E6.67
G1 F3547 X119.38 Y471.58 Z60 E6.67
G1 F3547 X119.38 Y471.58 Z60 E6.67
G1 F3547 X119.38 Y471.58 Z60 E6.67
G1 F3547 X119.38 Y471.58 Z60 E6.67
G1 F3547 X119.38 Y471.58 Z60 E6.67
G1 F3547 X119.38 Y471.58 Z60 E6.67
G1 F3547 X119.38 Y471.58 Z60 E6.67
G1 F3547 X119.38 Y471.58 Z60 E6.67
G1 F3547 X119.38 Y471.58 Z60 E6.67
G1 F3547 X119.38 Y471.58 Z60 E6.67
G1 F3547 X119.38 Y471.58 Z60 E6.67
G1 F3547 X119.38 Y471.58 Z60 E6.67
G1 F3547 X119.38 Y471.58 Z60 E6.67
G1 F3547 X119.38 Y471.58 Z60 E6.67
G1 F3547 X119.38 Y471.58 Z60 E6.67
G1 F3547 X119.38 Y471.58 Z60 E6.67
G1 F3547 X119.38 Y471.58 Z60 E6.67
G1 F3547 X119.38 Y471.58 Z60 E6.67
G1 F3547 X119.38 Y471.58 Z60 E6.67
G1 F3547 X119.38 Y471.58 Z60 E6.67
G1 F3547 X119.38 Y471.58 Z60 E6.67
G1 F3547 X119.38 Y471.58 Z60 E6.67
G1 F3547 X119.38 Y471.58 Z60 E6.67
G1 F3547 X119.38 Y471.58 Z60 E6.67
G1 F3547 X119.38 Y471.58 Z60 E6.67
G1 F3547 X119.38 Y471.58 Z60 E6.67
G1 F3547 X119.38 Y471.58 Z60 E6.67
G1 F3547 X119.38 Y471.58 Z60 E6.67
G1 F3547 X119.38 Y471.58 Z60 E6.67
G1 F3547 X119.38 Y471.58 Z60 E6.67
G1 F3547 X119.38 Y471.58 Z60 E6.67
G1 F3547 X119.38 Y471.58 Z60 E6.67
G1 F3547 X119.38 Y471.58 Z60 E6.67
G1 F3547 X119.38 Y471.58 Z60 E6.67
G1 F3547 X119.38 Y471.58 Z60 E6.67
G1 F3547 X119.38 Y471.58 Z60 E6.67
G1 F3547 X119.38 Y471.58 Z60 E6.67
G1 F3547 X119.38 Y471.58 Z60 E6.67
G1 F3547 X119.38 Y471.58 Z60 E6.67
G1 F3547 X119.38 Y471.58 Z60 E6.67
G1 F3547 X119.38 Y471.58 Z60 E6.67
G1 F3547 X119.38 Y471.58 Z60 E6.67
G1 F3547 X119.38 Y471.58 Z60 E6.67
G1 F3547 X119.38 Y471.58 Z60 E6.67
G1 F3547 X119.38 Y471.58 Z60 E6.67
G1 F3547 X119.38 Y471.58 Z60 E6.67
G1 F3547 X119.38 Y471.58 Z60 E6.67
G1 F3547 X119.38 Y471.58 Z60 E6.67
G1 F3547 X119.38 Y471.58 Z60 E6.67
G1 F3547 X119.38 Y471.58 Z60 E6.67
G1 F3547 X119.38 Y471.58 Z60 E6.67
G1 F3547 X119.38 Y471.58 Z60 E6.67
G1 F3547 X119.38 Y471.58 Z60 E6.67
G1 F3547 X119.38 Y471.58 Z60 E6.67
G1 F3547 X119.38 Y471.58 Z60 E6.67
G1 F3547 X119.38 Y471.58 Z60 E6.67
G1 F3547 X119.38 Y471.58 Z60 E6.67
G1 F3547 X119.38 Y471.58 Z60 E6.67
G1 F3547 X119.38 Y471.58 Z60 E6.67
G1 F3547 X119.38 Y471.58 Z60 E6.67
G1 F3547 X119.38 Y471.58 Z60 E6.67
G1 F3547 X119.38 Y471.58 Z60 E6.67
G1 F3547 X119.38 Y471.58 Z60 E6.67
G1 F3547 X119.38 Y471.58 Z60 E6.67
G1 F3547 X119.38 Y471.58 Z60 E6.67
G1 F3547 X119.38 Y471.58 Z60 E6.67
G1 F3547 X119.38 Y471.58 Z60 E6.67
G1 F3547 X119.38 Y471.58 Z60 E6.67
G1 F3547 X119.38 Y471.58 Z60 E6.67
G1 F3547 X119.38 Y471.58 Z60 E6.67
G1 F3547 X119.38 Y471.58 Z60 E6.67
G1 F3547 X119.38 Y471.58 Z60 E6.67
G1 F3547 X119.38 Y471.58 Z60 E6.67
G1 F3547 X119.38 Y471.58 Z60 E6.67
G1 F3547 X119.38 Y471.58 Z60 E6.67
G1 F3547 X119.38 Y471.58 Z60 E6.67
G1 F3547 X119.38 Y471.58 Z60 E6.67
G1 F3547 X119.38 Y471.58 Z60 E6.67
G1 F3547 X119.38 Y471.58 Z60 E6.67
G1 F3547 X119.38 Y471.58 Z60 E6.67
G1 F3547 X119.38 Y471.58 Z60 E6.67
G1 F3547 X119.38 Y471.58 Z60 E6.67
G1 F3547 X119.38 Y471.58 Z60 E6.67
G1 F3547 X119.38 Y471.58 Z60 E6.67
G1 F3547 X119.38 Y471.58 Z60 E6.67
G1 F3547 X119.38 Y471.58 Z60 E6.67
G1 F3547 X119.38 Y471.58 Z60 E6.67
G1 F3547 X119.38 Y471.58 Z60 E6.67
G1 F3547 X119.38 Y471.58 Z60 E6.67
G1 F3547 X119.38 Y471.58 Z60 E6.67
G1 F3547 X119.38 Y471.58 Z60 E6.67
G1 F3547 X119.38 Y471.58 Z60 E6.67
G1 F3547 X119.38 Y471.58 Z60 E6.67
G1 F3547 X119.38 Y471.58 Z60 E6.67
G1 F3547 X119.38 Y471.58 Z60 E6.67
G1 F3547 X119.38 Y471.58 Z60 E6.67
G1 F3547 X119.38 Y471.58 Z60 E6.67
G1 F3547 X119.38 Y471.58 Z60 E6.67
G1 F3547 X119.38 Y471.58 Z60 E6.67
G1 F3547 X119.38 Y471.58 Z60 E6.67
G1 F3547 X119.38 Y471.58 Z60 E6.67
G1 F3547 X119.38 Y471.58 Z60 E6.67
G1 F3547 X119.38 Y471.58 Z60 E6.67
G1 F3547 X119.38 Y471.58 Z60 E6.67
G1 F3547 X119.38 Y471.58 Z60 E6.67
G1 F3547 X119.38 Y471.58 Z60 E6.67
G1 F3547 X119.38 Y471.58 Z60 E6.67
G1 F3547 X119.38 Y471.58 Z60 E6.67
G1 F3547 X119.38 Y471.58 Z60 E6.67
G1 F3547 X119.38 Y471.58 Z60 E6.67
G1 F3547 X119.38 Y471.58 Z60 E6.67
G1 F3547 X119.38 Y471.58 Z60 E6.67
G1 F3547 X119.38 Y471.58 Z60 E6.67
G1 F3547 X119.38 Y471.58 Z60 E6.67
G1 F3547 X119.38 Y471.58 Z60 E6.67
G1 F3547 X119.38 Y471.58 Z60 E6.67
G1 F3547 X119.38 Y471.58 Z60 E6.67
G1 F3547 X119.38 Y471.58 Z60 E6.67
G1 F3547 X119.38 Y471.58 Z60 E6.67
G1 F3547 X119.38 Y471.58 Z60 E6.67
G1 F3547 X119.38 Y471.58 Z60 E6.67
G1 F3547 X119.38 Y471.58 Z60 E6.67
G1 F3547 X119.38 Y471.58 Z60 E6.67
G1 F3547 X119.38 Y471.58 Z60 E6.67
G1 F3547 X119.38 Y471.58 Z60 E6.67
G1 F3547 X119.38 Y471.58 Z60 E6.67
G1 F3547 X119.38 Y471.58 Z60 E6.67
G1 F3547 X119.38 Y471.58 Z60 E6.67
G1 F3547 X119.38 Y471.58 Z60 E6.67
G1 F3547 X119.38 Y471.58 Z60 E6.67
G1 F3547 X119.38 Y471.58 Z60 E6.67
G1 F3547 X119.38 Y471.58 Z60 E6.67
G1 F3547 X119.38 Y471.58 Z60 E6.67
G1 F3547 X119.38 Y471.58 Z60 E6.67
G1 F3547 X119.38 Y471.58 Z60 E6.67
G1 F3547 X119.38 Y471.58 Z60 E6.67
G1 F3547 X119.38 Y471.58 Z60 E6.67
G1 F3547 X119.38 Y471.58 Z60 E6.67
G1 F3547 X119.38 Y471.58 Z60 E6.67
G1 F3547 X119.38 Y471.58 Z60 E6.67
G1 F3547 X119.38 Y471.58 Z60 E6.67
G1 F3547 X119.38 Y471.58 Z60 E6.67
G1 F3547 X119.38 Y471.58 Z60 E6.67
G1 F3547 X119.38 Y471.58 Z60 E6.67
G1 F3547 X119.38 Y471.58 Z60 E6.67
G1 F3547 X119.38 Y471.58 Z60 E6.67
G1 F3547 X119.38 Y471.58 Z60 E6.67
G1 F3547 X119.38 Y471.58 Z60 E6.67
G1 F3547 X119.38 Y471.58 Z60 E6.67
G1 F3547 X119.38 Y471.58 Z60 E6.67
G1 F3547 X119.38 Y471.58 Z60 E6.67
G1 F3547 X119.38 Y471.58 Z60 E6.67
G1 F3547 X119.38 Y471.58 Z60 E6.67
G1 F3547 X119.38 Y471.58 Z60 E6.67
G1 F3547 X119.38 Y471.58 Z60 E6.67
G1 F3547 X119.38 Y471.58 Z60 E6.67
G1 F3547 X119.38 Y471.58 Z60 E6.67
G1 F3547 X119.38 Y471.58 Z60 E6.67
G1 F3547 X119.38 Y471.58 Z60 E6.67
G1 F3547 X119.38 Y471.58 Z60 E6.67
G1 F3547 X119.38 Y471.58 Z60 E6.67
G1 F3547 X119.38 Y471.58 Z60 E6.67
G1 F3547 X119.38 Y471.58 Z60 E6.67
G1 F3547 X119.38 Y471.58 Z60 E6.67
G1 F3547 X119.38 Y471.58 Z60 E6.67
G1 F3547 X119.38 Y471.58 Z60 E6.67
G1 F3547 X119.38 Y471.58 Z60 E6.67
G1 F3547 X119.38 Y471.58 Z60 E6.67
G1 F3547 X119.38 Y471.58 Z60 E6.67
G1 F3547 X119.38 Y471.58 Z60 E6.67
G1 F3547 X119.38 Y471.58 Z60 E6.67
G1 F3547 X119.38 Y471.58 Z60 E6.67
G1 F3547 X119.38 Y471.58 Z60 E6.67
G1 F3547 X119.38 Y471.58 Z60 E6.67
G1 F3547 X119.38 Y471.58 Z60 E6.67
G1 F3547 X119.38 Y471.58 Z60 E6.67
G1 F3547 X119.38 Y471.58 Z60 E6.67
G1 F3547 X119.38 Y471.58 Z60 E6.67
G1 F3547 X119.38 Y471.58 Z60 E6.67
G1 F3547 X119.38 Y471.58 Z60 E6.67
G1 F3547 X119.38 Y471.58 Z60 E6.67
G1 F3547 X119.38 Y471.58 Z60 E6.67
G1 F3547 X119.38 Y471.58 Z60 E6.67
G1 F3547 X119.38 Y471.58 Z60 E6.67
G1 F3547 X119.38 Y471.58 Z60 E6.67
G1 F3547 X119.38 Y471.58 Z60 E6.67
G1 F3547 X119.38 Y471.58 Z60 E6.67
G1 F3547 X119.38 Y471.58 Z60 E6.67
G1 F3547 X119.38 Y471.58 Z60 E6.67
G1 F3547 X119.38 Y471.58 Z60 E6.67
G1 F3547 X119.38 Y471.58 Z60 E6.67
G1 F3547 X119.38 Y471.58 Z60 E6.67
G1 F3547 X119.38 Y471.58 Z60 E6.67
G1 F3547 X119.38 Y471.58 Z60 E6.67
G1 F3547 X119.38 Y471.58 Z60 E6.67
G1 F3547 X119.38 Y471.58 Z60 E6.67
G1 F3547 X119.38 Y471.58 Z60 E6.67
G1 F3547 X119.38 Y471.58 Z60 E6.67
G1 F3547 X119.38 Y471.58 Z60 E6.67
G1 F3547 X119.38 Y471.58 Z60 E6.67
G1 F3547 X119.38 Y471.58 Z60 E6.67
G1 F3547 X119.38 Y471.58 Z60 E6.67
G1 F3547 X119.38 Y471.58 Z60 E6.67
G1 F3547 X119.38 Y471.58 Z60 E6.67
G1 F3547 X119.38 Y471.58 Z60 E6.67
G1 F3547 X119.38 Y471.58 Z60 E6.67
G1 F3547 X119.38 Y471.58 Z60 E6.67
G1 F3547 X119.38 Y471.58 Z60 E6.67
G1 F3547 X119.38 Y471.58 Z60 E6.67
G1 F3547 X119.38 Y471.58 Z60 E6.67
G1 F3547 X119.38 Y471.58 Z60 E6.67
G1 F3547 X119.38 Y471.58 Z60 E6.67
G1 F3547 X119.38 Y471.58 Z60 E6.67
G1 F3547 X119.38 Y471.58 Z60 E6.67
G1 F3547 X119.38 Y471.58 Z60 E6.67
G1 F3547 X119.38 Y471.58 Z60 E6.67
G1 F3547 X119.38 Y471.58 Z60 E6.67
G1 F3547 X119.38 Y471.58 Z60 E6.67
G1 F3547 X119.38 Y471.58 Z60 E6.67
G1 F3547 X119.38 Y471.58 Z60 E6.67
G1 F3547 X119.38 Y471.58 Z60 E6.67
G1 F3547 X119.38 Y471.58 Z60 E6.67
G1 F3547 X119.38 Y471.58 Z60 E6.67
G1 F3547 X119.38 Y471.58 Z60 E6.67
G1 F3547 X119.38 Y471.58 Z60 E6.67
G1 F3547 X119.38 Y471.58 Z60 E6.67
G1 F3547 X119.38 Y471.58 Z60 E6.67
G1 F3547 X119.38 Y471.58 Z60 E6.67
G1 F3547 X119.38 Y471.58 Z60 E6.67
G1 F3547 X119.38 Y471.58 Z60 E6.67
G1 F3547 X119.38 Y471.58 Z60 E6.67
G1 F3547 X119.38 Y471.58 Z60 E6.67
G1 F3547 X119.38 Y471.58 Z60 E6.67
G1 F3547 X119.38 Y471.58 Z60 E6.67
G1 F3547 X119.38 Y471.58 Z60 E6.67
G1 F3547 X119.38 Y471.58 Z60 E6.67
G1 F3547 X119.38 Y471.58 Z60 E6.67
G1 F3547 X119.38 Y471.58 Z60 E6.67
G1 F3547 X119.38 Y471.58 Z60 E6.67
G1 F3547 X119.38 Y471.58 Z60 E6.67
G1 F3547 X119.38 Y471.58 Z60 E6.67
G1 F3547 X119.38 Y471.58 Z60 E6.67
G1 F3547 X119.38 Y471.58 Z60 E6.67
G1 F3547 X119.38 Y471.58 Z60 E6.67
G1 F3547 X119.38 Y471.58 Z60 E6.67
G1 F3547 X119.38 Y471.58 Z60 E6.67
G1 F3547 X119.38 Y471.58 Z60 E6.67
G1 F3547 X119.38 Y471.58 Z60 E6.67
G1 F3547 X119.38 Y471.58 Z60 E6.67
G1 F3547 X119.38 Y471.58 Z60 E6.67
G1 F3547 X119.38 Y471.58 Z60 E6.67
G1 F3547 X119.38 Y471.58 Z60 E6.67
G1 F3547 X119.38 Y471.58 Z60 E6.67
G1 F3547 X119.38 Y471.58 Z60 E6.67
G1 F3547 X119.38 Y471.58 Z60 E6.67
G1 F3547 X119.38 Y471.58 Z60 E6.67
G1 F3547 X119.38 Y471.58 Z60 E6.67
G1 F3547 X119.38 Y471.58 Z60 E6.67
G1 F3547 X119.38 Y471.58 Z60 E6.67
G1 F3547 X119.38 Y471.58 Z60 E6.67
G1 F3547 X119.38 Y471.58 Z60 E6.67
G1 F3547 X119.38 Y471.58 Z60 E6.67
G1 F3547 X119.38 Y471.58 Z60 E6.67
G1 F3547 X119.38 Y471.58 Z60 E6.67
G1 F3547 X119.38 Y471.58 Z60 E6.67
G1 F3547 X119.38 Y471.58 Z60 E6.67
G1 F3547 X119.38 Y471.58 Z60 E6.67
G1 F3547 X119.38 Y471.58 Z60 E6.67
G1 F3547 X119.38 Y471.58 Z60 E6.67
G1 F3547 X119.38 Y471.58 Z60 E6.67
G1 F3547 X119.38 Y471.58 Z60 E6.67
G1 F3547 X119.38 Y471.58 Z60 E6.67
G1 F3547 X119.38 Y471.58 Z60 E6.67
G1 F3547 X119.38 Y471.58 Z60 E6.67
G1 F3547 X119.38 Y471.58 Z60 E6.67
G1 F3547 X119.38 Y471.58 Z60 E6.67
G1 F3547 X119.38 Y471.58 Z60 E6.67
G1 F3547 X119.38 Y471.58 Z60 E6.67
G1 F3547 X119.38 Y471.58 Z60 E6.67
G1 F3547 X119.38 Y471.58 Z60 E6.67
G1 F3547 X119.38 Y471.58 Z60 E6.67
G1 F3547 X119.38 Y471.58 Z60 E6.67
G1 F3547 X119.38 Y471.58 Z60 E6.67
G1 F3547 X119.38 Y471.58 Z60 E6.67
G1 F3547 X119.38 Y471.58 Z60 E6.67
G1 F3547 X119.38 Y471.58 Z60 E6.67
G1 F3547 X119.38 Y471.58 Z60 E6.67
G1 F3547 X119.38 Y471.58 Z60 E6.67
G1 F3547 X119.38 Y471.58 Z60 E6.67
G1 F3547 X119.38 Y471.58 Z60 E6.67
G1 F3547 X119.38 Y471.58 Z60 E6.67
G1 F3547 X119.38 Y471.58 Z60 E6.67
G1 F3547 X119.38 Y471.58 Z60 E6.67
G1 F3547 X119.38 Y471.58 Z60 E6.67
G1 F3547 X119.38 Y471.58 Z60 E6.67
G1 F3547 X119.38 Y471.58 Z60 E6.67
G1 F3547 X119.38 Y471.58 Z60 E6.67
G1 F3547 X119.38 Y471.58 Z60 E6.67
G1 F3547 X119.38 Y471.58 Z60 E6.67
G1 F3547 X119.38 Y471.58 Z60 E6.67
G1 F3547 X119.38 Y471.58 Z60 E6.67
G1 F3547 X119.38 Y471.58 Z60 E6.67
G1 F3547 X119.38 Y471.58 Z60 E6.67
G1 F3547 X119.38 Y471.58 Z60 E6.67
G1 F3547 X119.38 Y471.58 Z60 E6.67
G1 F3547 X119.38 Y471.58 Z60 E6.67
G1 F3547 X119.38 Y471.58 Z60 E6.67
G1 F3547 X119.38 Y471.58 Z60 E6.67
G1 F3547 X119.38 Y471.58 Z60 E6.67
G1 F3547 X119.38 Y471.58 Z60 E6.67
G1 F3547 X119.38 Y471.58 Z60 E6.67
G1 F3547 X119.38 Y471.58 Z60 E6.67
G1 F3547 X119.38 Y471.58 Z60 E6.67
G1 F3547 X119.38 Y471.58 Z60 E6.67
G1 F3547 X119.38 Y471.58 Z60 E6.67
G1 F3547 X119.38 Y471.58 Z60 E6.67
G1 F3547 X119.38 Y471.58 Z60 E6.67
G1 F3547 X119.38 Y471.58 Z60 E6.67
G1 F3547 X119.38 Y471.58 Z60 E6.67
G1 F3547 X119.38 Y471.58 Z60 E6.67
G1 F3547 X119.38 Y471.58 Z60 E6.67
G1 F3547 X119.38 Y471.58 Z60 E6.67
G1 F3547 X119.38 Y471.58 Z60 E6.67
G1 F3547 X119.38 Y471.58 Z60 E6.67
G1 F3547 X119.38 Y471.58 Z60 E6.67
G1 F3547 X119.38 Y471.58 Z60 E6.67
G1 F3547 X119.38 Y471.58 Z60 E6.67
G1 F3547 X119.38 Y471.58 Z60 E6.67
G1 F3547 X119.38 Y471.58 Z60 E6.67
G1 F3547 X119.38 Y471.58 Z60 E6.67
G1 F3547 X119.38 Y471.58 Z60 E6.67
G1 F3547 X119.38 Y471.58 Z60 E6.67
G1 F3547 X119.38 Y471.58 Z60 E6.67
G1 F3547 X119.38 Y471.58 Z60 E6.67
G1 F3547 X119.38 Y471.58 Z60 E6.67
G1 F3547 X119.38 Y471.58 Z60 E6.67
G1 F3547 X119.38 Y471.58 Z60 E6.67
G1 F3547 X119.38 Y471.58 Z60 E6.67
G1 F3547 X119.38 Y471.58 Z60 E6.67
G1 F3547 X119.38 Y471.58 Z60 E6.67
G1 F3547 X119.38 Y471.58 Z60 E6.67
G1 F3547 X119.38 Y471.58 Z60 E6.67
G1 F3547 X119.38 Y471.58 Z60 E6.67
G1 F3547 X119.38 Y471.58 Z60 E6.67
G1 F3547 X119.38 Y471.58 Z60 E6.67
G1 F3547 X119.38 Y471.58 Z60 E6.67
G1 F3547 X119.38 Y471.58 Z60 E6.67
G1 F3547 X119.38 Y471.58 Z60 E6.67
G1 F3547 X119.38 Y471.58 Z60 E6.67
G1 F3547 X119.38 Y471.58 Z60 E6.67
G1 F3547 X119.38 Y471.58 Z60 E6.67
G1 F3547 X119.38 Y471.58 Z60 E6.67
G1 F3547 X119.38 Y471.58 Z60 E6.67
G1 F3547 X119.38 Y471.58 Z60 E6.67
G1 F3547 X119.38 Y471.58 Z60 E6.67
G1 F3547 X119.38 Y471.58 Z60 E6.67
G1 F3547 X119.38 Y471.58 Z60 E6.67
G1 F3547 X119.38 Y471.58 Z60 E6.67
G1 F3547 X119.38 Y471.58 Z60 E6.67
G1 F3547 X119.38 Y471.58 Z60 E6.67
G1 F3547 X119.38 Y471.58 Z60 E6.67
G1 F3547 X119.38 Y471.58 Z60 E6.67
G1 F3547 X119.38 Y471.58 Z60 E6.67
G1 F3547 X119.38 Y471.58 Z60 E6.67
G1 F3547 X119.38 Y471.58 Z60 E6.67
G1 F3547 X119.38 Y471.58 Z60 E6.67
G1 F3547 X119.38 Y471.58 Z60 E6.67
G1 F3547 X119.38 Y471.58 Z60 E6.67
G1 F3547 X119.38 Y471.58 Z60 E6.67
G1 F3547 X119.38 Y471.58 Z60 E6.67
G1 F3547 X119.38 Y471.58 Z60 E6.67
G1 F3547 X119.38 Y471.58 Z60 E6.67
G1 F3547 X119.38 Y471.58 Z60 E6.67
G1 F3547 X119.38 Y471.58 Z60 E6.67
G1 F3547 X119.38 Y471.58 Z60 E6.67
G1 F3547 X119.38 Y471.58 Z60 E6.67
G1 F3547 X119.38 Y471.58 Z60 E6.67
G1 F3547 X119.38 Y471.58 Z60 E6.67
G1 F3547 X119.38 Y471.58 Z60 E6.67
G1 F3547 X119.38 Y471.58 Z60 E6.67
G1 F3547 X119.38 Y471.58 Z60 E6.67
G1 F3547 X119.38 Y471.58 Z60 E6.67
G1 F3547 X119.38 Y471.58 Z60 E6.67
G1 F3547 X119.38 Y471.58 Z60 E6.67
G1 F3547 X119.38 Y471.58 Z60 E6.67
G1 F3547 X119.38 Y471.58 Z60 E6.67
G1 F3547 X119.38 Y471.58 Z60 E6.67
G1 F3547 X119.38 Y471.58 Z60 E6.67
G1 F3547 X119.38 Y471.58 Z60 E6.67
G1 F3547 X119.38 Y471.58 Z60 E6.67
G1 F3547 X119.38 Y471.58 Z60 E6.67
G1 F3547 X119.38 Y471.58 Z60 E6.67
G1 F3547 X119.38 Y471.58 Z60 E6.67
G1 F3547 X119.38 Y471.58 Z60 E6.67
G1 F3547 X119.38 Y471.58 Z60 E6.67
G1 F3547 X119.38 Y471.58 Z60 E6.67
G1 F3547 X119.38 Y471.58 Z60 E6.67
G1 F3547 X119.38 Y471.58 Z60 E6.67
G1 F3547 X119.38 Y471.58 Z60 E6.67
G1 F3547 X119.38 Y471.58 Z60 E6.67
G1 F3547 X119.38 Y471.58 Z60 E6.67
G1 F3547 X119.38 Y471.58 Z60 E6.67
G1 F3547 X119.38 Y471.58 Z60 E6.67
G1 F3547 X119.38 Y471.58 Z60 E6.67
G1 F3547 X119.38 Y471.58 Z60 E6.67
G1 F3547 X119.38 Y471.58 Z60 E6.67
G1 F3547 X119.38 Y471.58 Z60 E6.67
G1 F3547 X119.38 Y471.58 Z60 E6.67
G1 F3547 X119.38 Y471.58 Z60 E6.67
G1 F3547 X119.38 Y471.58 Z60 E6.67
G1 F3547 X119.38 Y471.58 Z60 E6.67
G1 F3547 X119.38 Y471.58 Z60 E6.67
G1 F3547 X119.38 Y471.58 Z60 E6.67
G1 F3547 X119.38 Y471.58 Z60 E6.67
G1 F3547 X119.38 Y471.58 Z60 E6.67
G1 F3547 X119.38 Y471.58 Z60 E6.67
G1 F3547 X119.38 Y471.58 Z60 E6.67
G1 F3547 X119.38 Y471.58 Z60 E6.67
G1 F3547 X119.38 Y471.58 Z60 E6.67
G1 F3547 X119.38 Y471.58 Z60 E6.67
G1 F3547 X119.38 Y471.58 Z60 E6.67
G1 F3547 X119.38 Y471.58 Z60 E6.67
G1 F3547 X119.38 Y471.58 Z60 E6.67
G1 F3547 X119.38 Y471.58 Z60 E6.67
G1 F3547 X119.38 Y471.58 Z60 E6.67
G1 F3547 X119.38 Y471.58 Z60 E6.67
G1 F3547 X119.38 Y471.58 Z60 E6.67
G1 F3547 X119.38 Y471.58 Z60 E6.67
G1 F3547 X119.38 Y471.58 Z60 E6.67
G1 F3547 X119.38 Y471.58 Z60 E6.67
G1 F3547 X119.38 Y471.58 Z60 E6.67
G1 F3547 X119.38 Y471.58 Z60 E6.67
G1 F3547 X119.38 Y471.58 Z60 E6.67
G1 F3547 X119.38 Y471.58 Z60 E6.67
G1 F3547 X119.38 Y471.58 Z60 E6.67
G1 F3547 X119.38 Y471.58 Z60 E6.67
G1 F3547 X119.38 Y471.58 Z60 E6.67
G1 F3547 X119.38 Y471.58 Z60 E6.67
G1 F3547 X119.38 Y471.58 Z60 E6.67
G1 F3547 X119.38 Y471.58 Z60 E6.67
G1 F3547 X119.38 Y471.58 Z60 E6.67
G1 F3547 X119.38 Y471.58 Z60 E6.67
G1 F3547 X119.38 Y471.58 Z60 E6.67
G1 F3547 X119.38 Y471.58 Z60 E6.67
G1 F3547 X119.38 Y471.58 Z60 E6.67
G1 F3547 X119.38 Y471.58 Z60 E6.67
G1 F3547 X119.38 Y471.58 Z60 E6.67
G1 F3547 X119.38 Y471.58 Z60 E6.67
G1 F3547 X119.38 Y471.58 Z60 E6.67
G1 F3547 X119.38 Y471.58 Z60 E6.67
G1 F3547 X119.38 Y471.58 Z60 E6.67
G1 F3547 X119.38 Y471.58 Z60 E6.67
G1 F3547 X119.38 Y471.58 Z60 E6.67
G1 F3547 X119.38 Y471.58 Z60 E6.67
G1 F3547 X119.38 Y471.58 Z60 E6.67
G1 F3547 X119.38 Y471.58 Z60 E6.67
G1 F3547 X119.38 Y471.58 Z60 E6.67
G1 F3547 X119.38 Y471.58 Z60 E6.67
G1 F3547 X119.38 Y471.58 Z60 E6.67
G1 F3547 X119.38 Y471.58 Z60 E6.67
G1 F3547 X119.38 Y471.58 Z60 E6.67
G1 F3547 X119.38 Y471.58 Z60 E6.67
G1 F3547 X119.38 Y471.58 Z60 E6.67
G1 F3547 X119.38 Y471.58 Z60 E6.67
G1 F3547 X119.38 Y471.58 Z60 E6.67
G1 F3547 X119.38 Y471.58 Z60 E6.67
G1 F3547 X119.38 Y471.58 Z60 E6.67
G1 F3547 X119.38 Y471.58 Z60 E6.67
G1 F3547 X119.38 Y471.58 Z60 E6.67
G1 F3547 X119.38 Y471.58 Z60 E6.67
G1 F3547 X119.38 Y471.58 Z60 E6.67
G1 F3547 X119.38 Y471.58 Z60 E6.67
G1 F3547 X119.38 Y471.58 Z60 E6.67
G1 F3547 X119.38 Y471.58 Z60 E6.67
G1 F3547 X119.38 Y471.58 Z60 E6.67
G1 F3547 X119.38 Y471.58 Z60 E6.67
G1 F3547 X119.38 Y471.58 Z60 E6.67
G1 F3547 X119.38 Y471.58 Z60 E6.67
G1 F3547 X119.38 Y471.58 Z60 E6.67
G1 F3547 X119.38 Y471.58 Z60 E6.67
G1 F3547 X119.38 Y471.58 Z60 E6.67
G1 F3547 X119.38 Y471.58 Z60 E6.67
G1 F3547 X119.38 Y471.58 Z60 E6.67
G1 F3547 X119.38 Y471.58 Z60 E6.67
G1 F3547 X119.38 Y471.58 Z60 E6.67
G1 F3547 X119.38 Y471.58 Z60 E6.67
G1 F3547 X119.38 Y471.58 Z60 E6.67
G1 F3547 X119.38 Y471.58 Z60 E6.67
G1 F3547 X119.38 Y471.58 Z60 E6.67
G1 F3547 X119.38 Y471.58 Z60 E6.67
G1 F3547 X119.38 Y471.58 Z60 E6.67
G1 F3547 X119.38 Y471.58 Z60 E6.67
G1 F3547 X119.38 Y471.58 Z60 E6.67
G1 F3547 X119.38 Y471.58 Z60 E6.67
G1 F3547 X119.38 Y471.58 Z60 E6.67
G1 F3547 X119.38 Y471.58 Z60 E6.67
G1 F3547 X119.38 Y471.58 Z60 E6.67
G1 F3547 X119.38 Y471.58 Z60 E6.67
G1 F3547 X119.38 Y471.58 Z60 E6.67
G1 F3547 X119.38 Y471.58 Z60 E6.67
G1 F3547 X119.38 Y471.58 Z60 E6.67
G1 F3547 X119.38 Y471.58 Z60 E6.67
G1 F3547 X119.38 Y471.58 Z60 E6.67
G1 F3547 X119.38 Y471.58 Z60 E6.67
G1 F3547 X119.38 Y471.58 Z60 E6.67
G1 F3547 X119.38 Y471.58 Z60 E6.67
G1 F3547 X119.38 Y471.58 Z60 E6.67
G1 F3547 X119.38 Y471.58 Z60 E6.67
G1 F3547 X119.38 Y471.58 Z60 E6.67
G1 F3547 X119.38 Y471.58 Z60 E6.67
G1 F3547 X119.38 Y471.58 Z60 E6.67
G1 F3547 X119.38 Y471.58 Z60 E6.67
G1 F3547 X119.38 Y471.58 Z60 E6.67
G1 F3547 X119.38 Y471.58 Z60 E6.67
G1 F3547 X119.38 Y471.58 Z60 E6.67
G1 F3547 X119.38 Y471.58 Z60 E6.67
G1 F3547 X119.38 Y471.58 Z60 E6.67
G1 F3547 X119.38 Y471.58 Z60 E6.67
G1 F3547 X119.38 Y471.58 Z60 E6.67
G1 F3547 X119.38 Y471.58 Z60 E6.67
G1 F3547 X119.38 Y471.58 Z60 E6.67
G1 F3547 X119.38 Y471.58 Z60 E6.67
G1 F3547 X119.38 Y471.58 Z60 E6.67
G1 F3547 X119.38 Y471.58 Z60 E6.67
G1 F3547 X119.38 Y471.58 Z60 E6.67
G1 F3547 X119.38 Y471.58 Z60 E6.67
G1 F3547 X119.38 Y471.58 Z60 E6.67
G1 F3547 X119.38 Y471.58 Z60 E6.67
G1 F3547 X119.38 Y471.58 Z60 E6.67
G1 F3547 X119.38 Y471.58 Z60 E6.67
G1 F3547 X119.38 Y471.58 Z60 E6.67
G1 F3547 X119.38 Y471.58 Z60 E6.67
G1 F3547 X119.38 Y471.58 Z60 E6.67
G1 F3547 X119.38 Y471.58 Z60 E6.67
G1 F3547 X119.38 Y471.58 Z60 E6.67
G1 F3547 X119.38 Y471.58 Z60 E6.67
G1 F3547 X119.38 Y471.58 Z60 E6.67
G1 F3547 X119.38 Y471.58 Z60 E6.67
G1 F3547 X119.38 Y471.58 Z60 E6.67
G1 F3547 X119.38 Y471.58 Z60 E6.67
G1 F3547 X119.38 Y471.58 Z60 E6.67
G1 F3547 X119.38 Y471.58 Z60 E6.67
G1 F3547 X119.38 Y471.58 Z60 E6.67
G1 F3547 X119.38 Y471.58 Z60 E6.67
G1 F3547 X119.38 Y471.58 Z60 E6.67
G1 F3547 X119.38 Y471.58 Z60 E6.67
G1 F3547 X119.38 Y471.58 Z60 E6.67
G1 F3547 X119.38 Y471.58 Z60 E6.67
G1 F3547 X119.38 Y471.58 Z60 E6.67
G1 F3547 X119.38 Y471.58 Z60 E6.67
G1 F3547 X119.38 Y471.58 Z60 E6.67
G1 F3547 X119.38 Y471.58 Z60 E6.67
G1 F3547 X119.38 Y471.58 Z60 E6.67
G1 F3547 X119.38 Y471.58 Z60 E6.67
G1 F3547 X119.38 Y471.58 Z60 E6.67
G1 F3547 X119.38 Y471.58 Z60 E6.67
G1 F3547 X119.38 Y471.58 Z60 E6.67
G1 F3547 X119.38 Y471.58 Z60 E6.67
G1 F3547 X119.38 Y471.58 Z60 E6.67
G1 F3547 X119.38 Y471.58 Z60 E6.67
G1 F3547 X119.38 Y471.58 Z60 E6.67
G1 F3547 X119.38 Y471.58 Z60 E6.67
G1 F3547 X119.38 Y471.58 Z60 E6.67
G1 F3547 X119.38 Y471.58 Z60 E6.67
G1 F3547 X119.38 Y471.58 Z60 E6.67
G1 F3547 X119.38 Y471.58 Z60 E6.67
G1 F3547 X119.38 Y471.58 Z60 E6.67
G1 F3547 X119.38 Y471.58 Z60 E6.67
G1 F3547 X119.38 Y471.58 Z60 E6.67
G1 F3547 X119.38 Y471.58 Z60 E6.67
G1 F3547 X119.38 Y471.58 Z60 E6.67
G1 F3547 X119.38 Y471.58 Z60 E6.67
G1 F3547 X119.38 Y471.58 Z60 E6.67
G1 F3547 X119.38 Y471.58 Z60 E6.67
G1 F3547 X119.38 Y471.58 Z60 E6.67
G1 F3547 X119.38 Y471.58 Z60 E6.67
G1 F3547 X119.38 Y471.58 Z60 E6.67
G1 F3547 X119.38 Y471.58 Z60 E6.67
G1 F3547 X119.38 Y471.58 Z60 E6.67
G1 F3547 X119.38 Y471.58 Z60 E6.67
G1 F3547 X119.38 Y471.58 Z60 E6.67
G1 F3547 X119.38 Y471.58 Z60 E6.67
G1 F3547 X119.38 Y471.58 Z60 E6.67
G1 F3547 X119.38 Y471.58 Z60 E6.67
G1 F3547 X119.38 Y471.58 Z60 E6.67
G1 F3547 X119.38 Y471.58 Z60 E6.67
G1 F3547 X119.38 Y471.58 Z60 E6.67
G1 F3547 X119.38 Y471.58 Z60 E6.67
G1 F3547 X119.38 Y471.58 Z60 E6.67
G1 F3547 X119.38 Y471.58 Z60 E6.67
G1 F3547 X119.38 Y471.58 Z60 E6.67
G1 F3547 X119.38 Y471.58 Z60 E6.67
G1 F3547 X119.38 Y471.58 Z60 E6.67
G1 F3547 X119.38 Y471.58 Z60 E6.67
G1 F3547 X119.38 Y471.58 Z60 E6.67
G1 F3547 X119.38 Y471.58 Z60 E6.67
G1 F3547 X119.38 Y471.58 Z60 E6.67
G1 F3547 X119.38 Y471.58 Z60 E6.67
G1 F3547 X119.38 Y471.58 Z60 E6.67
G1 F3547 X119.38 Y471.58 Z60 E6.67
G1 F3547 X119.38 Y471.58 Z60 E6.67
G1 F3547 X119.38 Y471.58 Z60 E6.67
G1 F3547 X119.38 Y471.58 Z60 E6.67
G1 F3547 X119.38 Y471.58 Z60 E6.67
G1 F3547 X119.38 Y471.58 Z60 E6.67
G1 F3547 X119.38 Y471.58 Z60 E6.67
G1 F3547 X119.38 Y471.58 Z60 E6.67
G1 F3547 X119.38 Y471.58 Z60 E6.67
G1 F3547 X119.38 Y471.58 Z60 E6.67
G1 F3547 X119.38 Y471.58 Z60 E6.67
G1 F3547 X119.38 Y471.58 Z60 E6.67
G1 F3547 X119.38 Y471.58 Z60 E6.67
G1 F3547 X119.38 Y471.58 Z60 E6.67
G1 F3547 X119.38 Y471.58 Z60 E6.67
G1 F3547 X119.38 Y471.58 Z60 E6.67
G1 F3547 X119.38 Y471.58 Z60 E6.67
G1 F3547 X119.38 Y471.58 Z60 E6.67
G1 F3547 X119.38 Y471.58 Z60 E6.67
G1 F3547 X119.38 Y471.58 Z60 E6.67
G1 F3547 X119.38 Y471.58 Z60 E6.67
G1 F3547 X119.38 Y471.58 Z60 E6.67
G1 F3547 X119.38 Y471.58 Z60 E6.67
G1 F3547 X119.38 Y471.58 Z60 E6.67
G1 F3547 X119.38 Y471.58 Z60 E6.67
G1 F3547 X119.38 Y471.58 Z60 E6.67
G1 F3547 X119.38 Y471.58 Z60 E6.67
G1 F3547 X119.38 Y471.58 Z60 E6.67
G1 F3547 X119.38 Y471.58 Z60 E6.67
G1 F3547 X119.38 Y471.58 Z60 E6.67
G1 F3547 X119.38 Y471.58 Z60 E6.67
G1 F3547 X119.38 Y471.58 Z60 E6.67
G1 F3547 X119.38 Y471.58 Z60 E6.67
G1 F3547 X119.38 Y471.58 Z60 E6.67
G1 F3547 X119.38 Y471.58 Z60 E6.67
G1 F3547 X119.38 Y471.58 Z60 E6.67
G1 F3547 X119.38 Y471.58 Z60 E6.67
G1 F3547 X119.38 Y471.58 Z60 E6.67
G1 F3547 X119.38 Y471.58 Z60 E6.67
G1 F3547 X119.38 Y471.58 Z60 E6.67
G1 F3547 X119.38 Y471.58 Z60 E6.67
G1 F3547 X119.38 Y471.58 Z60 E6.67
G1 F3547 X119.38 Y471.58 Z60 E6.67
G1 F3547 X119.38 Y471.58 Z60 E6.67
G1 F3547 X119.38 Y471.58 Z60 E6.67
G1 F3547 X119.38 Y471.58 Z60 E6.67
G1 F3547 X119.38 Y471.58 Z60 E6.67
G1 F3547 X119.38 Y471.58 Z60 E6.67
G1 F3547 X119.38 Y471.58 Z60 E6.67
G1 F3547 X119.38 Y471.58 Z60 E6.67
G1 F3547 X119.38 Y471.58 Z60 E6.67
G1 F3547 X119.38 Y471.58 Z60 E6.67
G1 F3547 X119.38 Y471.58 Z60 E6.67
G1 F3547 X119.38 Y471.58 Z60 E6.67
G1 F3547 X119.38 Y471.58 Z60 E6.67
G1 F3547 X119.38 Y471.58 Z60 E6.67
G1 F3547 X119.38 Y471.58 Z60 E6.67
G1 F3547 X119.38 Y471.58 Z60 E6.67
G1 F3547 X119.38 Y471.58 Z60 E6.67
G1 F3547 X119.38 Y471.58 Z60 E6.67
G1 F3547 X119.38 Y471.58 Z60 E6.67
G1 F3547 X119.38 Y471.58 Z60 E6.67
G1 F3547 X119.38 Y471.58 Z60 E6.67
G1 F3547 X119.38 Y471.58 Z60 E6.67
G1 F3547 X119.38 Y471.58 Z60 E6.67
G1 F3547 X119.38 Y471.58 Z60 E6.67
G1 F3547 X119.38 Y471.58 Z60 E6.67
G1 F3547 X119.38 Y471.58 Z60 E6.67
G1 F3547 X119.38 Y471.58 Z60 E6.67
G1 F3547 X119.38 Y471.58 Z60 E6.67
G1 F3547 X119.38 Y471.58 Z60 E6.67
G1 F3547 X119.38 Y471.58 Z60 E6.67
G1 F3547 X119.38 Y471.58 Z60 E6.67
G1 F3547 X119.38 Y471.58 Z60 E6.67
G1 F3547 X119.38 Y471.58 Z60 E6.67
G1 F3547 X119.38 Y471.58 Z60 E6.67
G1 F3547 X119.38 Y471.58 Z60 E6.67
G1 F3547 X119.38 Y471.58 Z60 E6.67
G1 F3547 X119.38 Y471.58 Z60 E6.67
G1 F3547 X119.38 Y471.58 Z60 E6.67
G1 F3547 X119.38 Y471.58 Z60 E6.67
G1 F3547 X119.38 Y471.58 Z60 E6.67
G1 F3547 X119.38 Y471.58 Z60 E6.67
G1 F3547 X119.38 Y471.58 Z60 E6.67
G1 F3547 X119.38 Y471.58 Z60 E6.67
G1 F3547 X119.38 Y471.58 Z60 E6.67
G1 F3547 X119.38 Y471.58 Z60 E6.67
G1 F3547 X119.38 Y471.58 Z60 E6.67
G1 F3547 X119.38 Y471.58 Z60 E6.67
G1 F3547 X119.38 Y471.58 Z60 E6.67
G1 F3547 X119.38 Y471.58 Z60 E6.67
G1 F3547 X119.38 Y471.58 Z60 E6.67
G1 F3547 X119.38 Y471.58 Z60 E6.67
G1 F3547 X119.38 Y471.58 Z60 E6.67
G1 F3547 X119.38 Y471.58 Z60 E6.67
G1 F3547 X119.38 Y471.58 Z60 E6.67
G1 F3547 X119.38 Y471.58 Z60 E6.67
G1 F3547 X119.38 Y471.58 Z60 E6.67
G1 F3547 X119.38 Y471.58 Z60 E6.67
G1 F3547 X119.38 Y471.58 Z60 E6.67
G1 F3547 X119.38 Y471.58 Z60 E6.67
G1 F3547 X119.38 Y471.58 Z60 E6.67
G1 F3547 X119.38 Y471.58 Z60 E6.67
G1 F3547 X119.38 Y471.58 Z60 E6.67
G1 F3547 X119.38 Y471.58 Z60 E6.67
G1 F3547 X119.38 Y471.58 Z60 E6.67
G1 F3547 X119.38 Y471.58 Z60 E6.67
G1 F3547 X119.38 Y471.58 Z60 E6.67
G1 F3547 X119.38 Y471.58 Z60 E6.67
G1 F3547 X119.38 Y471.58 Z60 E6.67
G1 F3547 X119.38 Y471.58 Z60 E6.67
G1 F3547 X119.38 Y471.58 Z60 E6.67
G1 F3547 X119.38 Y471.58 Z60 E6.67
G1 F3547 X119.38 Y471.58 Z60 E6.67
G1 F3547 X119.38 Y471.58 Z60 E6.67
G1 F3547 X119.38 Y471.58 Z60 E6.67
G1 F3547 X119.38 Y471.58 Z60 E6.67
G1 F3547 X119.38 Y471.58 Z60 E6.67
G1 F3547 X119.38 Y471.58 Z60 E6.67
G1 F3547 X119.38 Y471.58 Z60 E6.67
G1 F3547 X119.38 Y471.58 Z60 E6.67
G1 F3547 X119.38 Y471.58 Z60 E6.67
G1 F3547 X119.38 Y471.58 Z60 E6.67
G1 F3547 X119.38 Y471.58 Z60 E6.67
G1 F3547 X119.38 Y471.58 Z60 E6.67
G1 F3547 X119.38 Y471.58 Z60 E6.67
G1 F3547 X119.38 Y471.58 Z60 E6.67
G1 F3547 X119.38 Y471.58 Z60 E6.67
G1 F3547 X119.38 Y471.58 Z60 E6.67
G1 F3547 X119.38 Y471.58 Z60 E6.67
G1 F3547 X119.38 Y471.58 Z60 E6.67
G1 F3547 X119.38 Y471.58 Z60 E6.67
G1 F3547 X119.38 Y471.58 Z60 E6.67
G1 F3547 X119.38 Y471.58 Z60 E6.67
G1 F3547 X119.38 Y471.58 Z60 E6.67
G1 F3547 X119.38 Y471.58 Z60 E6.67
G1 F3547 X119.38 Y471.58 Z60 E6.67
G1 F3547 X119.38 Y471.58 Z60 E6.67
G1 F3547 X119.38 Y471.58 Z60 E6.67
G1 F3547 X119.38 Y471.58 Z60 E6.67
G1 F3547 X119.38 Y471.58 Z60 E6.67
G1 F3547 X119.38 Y471.58 Z60 E6.67
G1 F3547 X119.38 Y471.58 Z60 E6.67
G1 F3547 X119.38 Y471.58 Z60 E6.67
G1 F3547 X119.38 Y471.58 Z60 E6.67
G1 F3547 X119.38 Y471.58 Z60 E6.67
G1 F3547 X119.38 Y471.58 Z60 E6.67
G1 F3547 X119.38 Y471.58 Z60 E6.67
G1 F3547 X119.38 Y471.58 Z60 E6.67
G1 F3547 X119.38 Y471.58 Z60 E6.67
G1 F3547 X119.38 Y471.58 Z60 E6.67
G1 F3547 X119.38 Y471.58 Z60 E6.67
G1 F3547 X119.38 Y471.58 Z60 E6.67
G1 F3547 X119.38 Y471.58 Z60 E6.67
G1 F3547 X119.38 Y471.58 Z60 E6.67
G1 F3547 X119.38 Y471.58 Z60 E6.67
G1 F3547 X119.38 Y471.58 Z60 E6.67
G1 F3547 X119.38 Y471.58 Z60 E6.67
G1 F3547 X119.38 Y471.58 Z60 E6.67
G1 F3547 X119.38 Y471.58 Z60 E6.67
G1 F3547 X119.38 Y471.58 Z60 E6.67
G1 F3547 X119.38 Y471.58 Z60 E6.67
G1 F3547 X119.38 Y471.58 Z60 E6.67
G1 F3547 X119.38 Y471.58 Z60 E6.67
G1 F3547 X119.38 Y471.58 Z60 E6.67
G1 F3547 X119.38 Y471.58 Z60 E6.67
G1 F3547 X119.38 Y471.58 Z60 E6.67
G1 F3547 X119.38 Y471.58 Z60 E6.67
G1 F3547 X119.38 Y471.58 Z60 E6.67
G1 F3547 X119.38 Y471.58 Z60 E6.67
G1 F3547 X119.38 Y471.58 Z60 E6.67
G1 F3547 X119.38 Y471.58 Z60 E6.67
G1 F3547 X119.38 Y471.58 Z60 E6.67
G1 F3547 X119.38 Y471.58 Z60 E6.67
G1 F3547 X119.38 Y471.58 Z60 E6.67
G1 F3547 X119.38 Y471.58 Z60 E6.67
G1 F3547 X119.38 Y471.58 Z60 E6.67
G1 F3547 X119.38 Y471.58 Z60 E6.67
G1 F3547 X119.38 Y471.58 Z60 E6.67
G1 F3547 X119.38 Y471.58 Z60 E6.67
G1 F3547 X119.38 Y471.58 Z60 E6.67
G1 F3547 X119.38 Y471.58 Z60 E6.67
G1 F3547 X119.38 Y471.58 Z60 E6.67
G1 F3547 X119.38 Y471.58 Z60 E6.67
G1 F3547 X119.38 Y471.58 Z60 E6.67
G1 F3547 X119.38 Y471.58 Z60 E6.67
G1 F3547 X119.38 Y471.58 Z60 E6.67
G1 F3547 X119.38 Y471.58 Z60 E6.67
G1 F3547 X119.38 Y471.58 Z60 E6.67
G1 F3547 X119.38 Y471.58 Z60 E6.67
G1 F3547 X119.38 Y471.58 Z60 E6.67
G1 F3547 X119.38 Y471.58 Z60 E6.67
G1 F3547 X119.38 Y471.58 Z60 E6.67
G1 F3547 X119.38 Y471.58 Z60 E6.67
G1 F3547 X119.38 Y471.58 Z60 E6.67
G1 F3547 X119.38 Y471.58 Z60 E6.67
G1 F3547 X119.38 Y471.58 Z60 E6.67
G1 F3547 X119.38 Y471.58 Z60 E6.67
G1 F3547 X119.38 Y471.58 Z60 E6.67
G1 F3547 X119.38 Y471.58 Z60 E6.67
G1 F3547 X119.38 Y471.58 Z60 E6.67
G1 F3547 X119.38 Y471.58 Z60 E6.67
G1 F3547 X119.38 Y471.58 Z60 E6.67
G1 F3547 X119.38 Y471.58 Z60 E6.67
G1 F3547 X119.38 Y471.58 Z60 E6.67
G1 F3547 X119.38 Y471.58 Z60 E6.67
G1 F3547 X119.38 Y471.58 Z60 E6.67
G1 F3547 X119.38 Y471.58 Z60 E6.67
G1 F3547 X119.38 Y471.58 Z60 E6.67
G1 F3547 X119.38 Y471.58 Z60 E6.67
G1 F3547 X119.38 Y471.58 Z60 E6.67
G1 F3547 X119.38 Y471.58 Z60 E6.67
G1 F3547 X119.38 Y471.58 Z60 E6.67
G1 F3547 X119.38 Y471.58 Z60 E6.67
G1 F3547 X119.38 Y471.58 Z60 E6.67
G1 F3547 X119.38 Y471.58 Z60 E6.67
G1 F3547 X119.38 Y471.58 Z60 E6.67
G1 F3547 X119.38 Y471.58 Z60 E6.67
G1 F3547 X119.38 Y471.58 Z60 E6.67
G1 F3547 X119.38 Y471.58 Z60 E6.67
G1 F3547 X119.38 Y471.58 Z60 E6.67
G1 F3547 X119.38 Y471.58 Z60 E6.67
G1 F3547 X119.38 Y471.58 Z60 E6.67
G1 F3547 X119.38 Y471.58 Z60 E6.67
G1 F3547 X119.38 Y471.58 Z60 E6.67
G1 F3547 X119.38 Y471.58 Z60 E6.67
G1 F3547 X119.38 Y471.58 Z60 E6.67
G1 F3547 X119.38 Y471.58 Z60 E6.67
G1 F3547 X119.38 Y471.58 Z60 E6.67
G1 F3547 X119.38 Y471.58 Z60 E6.67
G1 F3547 X119.38 Y471.58 Z60 E6.67
G1 F3547 X119.38 Y471.58 Z60 E6.67
G1 F3547 X119.38 Y471.58 Z60 E6.67
G1 F3547 X119.38 Y471.58 Z60 E6.67
G1 F3547 X119.38 Y471.58 Z60 E6.67
G1 F3547 X119.38 Y471.58 Z60 E6.67
G1 F3547 X119.38 Y471.58 Z60 E6.67
G1 F3547 X119.38 Y471.58 Z60 E6.67
G1 F3547 X119.38 Y471.58 Z60 E6.67
G1 F3547 X119.38 Y471.58 Z60 E6.67
G1 F3547 X119.38 Y471.58 Z60 E6.67
G1 F3547 X119.38 Y471.58 Z60 E6.67
G1 F3547 X119.38 Y471.58 Z60 E6.67
G1 F3547 X119.38 Y471.58 Z60 E6.67
G1 F3547 X119.38 Y471.58 Z60 E6.67
G1 F3547 X119.38 Y471.58 Z60 E6.67
G1 F3547 X119.38 Y471.58 Z60 E6.67
G1 F3547 X119.38 Y471.58 Z60 E6.67
G1 F3547 X119.38 Y471.58 Z60 E6.67
G1 F3547 X119.38 Y471.58 Z60 E6.67
G1 F3547 X119.38 Y471.58 Z60 E6.67
G1 F3547 X119.38 Y471.58 Z60 E6.67
G1 F3547 X119.38 Y471.58 Z60 E6.67
G1 F3547 X119.38 Y471.58 Z60 E6.67
G1 F3547 X119.38 Y471.58 Z60 E6.67
G1 F3547 X119.38 Y471.58 Z60 E6.67
G1 F3547 X119.38 Y471.58 Z60 E6.67
G1 F3547 X119.38 Y471.58 Z60 E6.67
G1 F3547 X119.38 Y471.58 Z60 E6.67
G1 F3547 X119.38 Y471.58 Z60 E6.67
G1 F3547 X119.38 Y471.58 Z60 E6.67
G1 F3547 X119.38 Y471.58 Z60 E6.67
G1 F3547 X119.38 Y471.58 Z60 E6.67
G1 F3547 X119.38 Y471.58 Z60 E6.67
G1 F3547 X119.38 Y471.58 Z60 E6.67
G1 F3547 X119.38 Y471.58 Z60 E6.67
G1 F3547 X119.38 Y471.58 Z60 E6.67
G1 F3547 X119.38 Y471.58 Z60 E6.67
G1 F3547 X119.38 Y471.58 Z60 E6.67
G1 F3547 X119.38 Y471.58 Z60 E6.67
G1 F3547 X119.38 Y471.58 Z60 E6.67
G1 F3547 X119.38 Y471.58 Z60 E6.67
G1 F3547 X119.38 Y471.58 Z60 E6.67
G1 F3547 X119.38 Y471.58 Z60 E6.67
G1 F3547 X119.38 Y471.58 Z60 E6.67
G1 F3547 X119.38 Y471.58 Z60 E6.67
G1 F3547 X119.38 Y471.58 Z60 E6.67
G1 F3547 X119.38 Y471.58 Z60 E6.67
G1 F3547 X119.38 Y471.58 Z60 E6.67
G1 F3547 X119.38 Y471.58 Z60 E6.67
G1 F3547 X119.38 Y471.58 Z60 E6.67
G1 F3547 X119.38 Y471.58 Z60 E6.67
G1 F3547 X119.38 Y471.58 Z60 E6.67
G1 F3547 X119.38 Y471.58 Z60 E6.67
G1 F3547 X119.38 Y471.58 Z60 E6.67
G1 F3547 X119.38 Y471.58 Z60 E6.67
G1 F3547 X119.38 Y471.58 Z60 E6.67
G1 F3547 X119.38 Y471.58 Z60 E6.67
G1 F3547 X119.38 Y471.58 Z60 E6.67
G1 F3547 X119.38 Y471.58 Z60 E6.67
G1 F3547 X119.38 Y471.58 Z60 E6.67
G1 F3547 X119.38 Y471.58 Z60 E6.67
G1 F3547 X119.38 Y471.58 Z60 E6.67
G1 F3547 X119.38 Y471.58 Z60 E6.67
G1 F3547 X119.38 Y471.58 Z60 E6.67
G1 F3547 X119.38 Y471.58 Z60 E6.67
G1 F3547 X119.38 Y471.58 Z60 E6.67
G1 F3547 X119.38 Y471.58 Z60 E6.67
G1 F3547 X119.38 Y471.58 Z60 E6.67
G1 F3547 X119.38 Y471.58 Z60 E6.67
G1 F3547 X119.38 Y471.58 Z60 E6.67
G1 F3547 X119.38 Y471.58 Z60 E6.67
G1 F3547 X119.38 Y471.58 Z60 E6.67
G1 F3547 X119.38 Y471.58 Z60 E6.67
G1 F3547 X119.38 Y471.58 Z60 E6.67
G1 F3547 X119.38 Y471.58 Z60 E6.67
G1 F3547 X119.38 Y471.58 Z60 E6.67
G1 F3547 X119.38 Y471.58 Z60 E6.67
G1 F3547 X119.38 Y471.58 Z60 E6.67
G1 F3547 X119.38 Y471.58 Z60 E6.67
G1 F3547 X119.38 Y471.58 Z60 E6.67
G1 F3547 X119.38 Y471.58 Z60 E6.67
G1 F3547 X119.38 Y471.58 Z60 E6.67
G1 F3547 X119.38 Y471.58 Z60 E6.67
G1 F3547 X119.38 Y471.58 Z60 E6.67
G1 F3547 X119.38 Y471.58 Z60 E6.67
G1 F3547 X119.38 Y471.58 Z60 E6.67
G1 F3547 X119.38 Y471.58 Z60 E6.67
G1 F3547 X119.38 Y471.58 Z60 E6.67
G1 F3547 X119.38 Y471.58 Z60 E6.67
G1 F3547 X119.38 Y471.58 Z60 E6.67
G1 F3547 X119.38 Y471.58 Z60 E6.67
G1 F3547 X119.38 Y471.58 Z60 E6.67
G1 F3547 X119.38 Y471.58 Z60 E6.67
G1 F3547 X119.38 Y471.58 Z60 E6.67
G1 F3547 X119.38 Y471.58 Z60 E6.67
G1 F3547 X119.38 Y471.58 Z60 E6.67
G1 F3547 X119.38 Y471.58 Z60 E6.67
G1 F3547 X119.38 Y471.58 Z60 E6.67
G1 F3547 X119.38 Y471.58 Z60 E6.67
G1 F3547 X119.38 Y471.58 Z60 E6.67
G1 F3547 X119.38 Y471.58 Z60 E6.67
G1 F3547 X119.38 Y471.58 Z60 E6.67
G1 F3547 X119.38 Y471.58 Z60 E6.67
G1 F3547 X119.38 Y471.58 Z60 E6.67
G1 F3547 X119.38 Y471.58 Z60 E6.67
G1 F3547 X119.38 Y471.58 Z60 E6.67
G1 F3547 X119.38 Y471.58 Z60 E6.67
G1 F3547 X119.38 Y471.58 Z60 E6.67
G1 F3547 X119.38 Y471.58 Z60 E6.67
G1 F3547 X119.38 Y471.58 Z60 E6.67
G1 F3547 X119.38 Y471.58 Z60 E6.67
G1 F3547 X119.38 Y471.58 Z60 E6.67
G1 F3547 X119.38 Y471.58 Z60 E6.67
G1 F3547 X119.38 Y471.58 Z60 E6.67
G1 F3547 X119.38 Y471.58 Z60 E6.67
G1 F3547 X119.38 Y471.58 Z60 E6.67
G1 F3547 X119.38 Y471.58 Z60 E6.67
G1 F3547 X119.38 Y471.58 Z60 E6.67
G1 F3547 X119.38 Y471.58 Z60 E6.67
G1 F3547 X119.38 Y471.58 Z60 E6.67
G1 F3547 X119.38 Y471.58 Z60 E6.67
G1 F3547 X119.38 Y471.58 Z60 E6.67
G1 F3547 X119.38 Y471.58 Z60 E6.67
G1 F3547 X119.38 Y471.58 Z60 E6.67
G1 F3547 X119.38 Y471.58 Z60 E6.67
G1 F3547 X119.38 Y471.58 Z60 E6.67
G1 F3547 X119.38 Y471.58 Z60 E6.67
G1 F3547 X119.38 Y471.58 Z60 E6.67
G1 F3547 X119.38 Y471.58 Z60 E6.67
G1 F3547 X119.38 Y471.58 Z60 E6.67
G1 F3547 X119.38 Y471.58 Z60 E6.67
G1 F3547 X119.38 Y471.58 Z60 E6.67
G1 F3547 X119.38 Y471.58 Z60 E6.67
G1 F3547 X119.38 Y471.58 Z60 E6.67
G1 F3547 X119.38 Y471.58 Z60 E6.67
G1 F3547 X119.38 Y471.58 Z60 E6.67
G1 F3547 X119.38 Y471.58 Z60 E6.67
G1 F3547 X119.38 Y471.58 Z60 E6.67
G1 F3547 X119.38 Y471.58 Z60 E6.67
G1 F3547 X119.38 Y471.58 Z60 E6.67
G1 F3547 X119.38 Y471.58 Z60 E6.67
G1 F3547 X119.38 Y471.58 Z60 E6.67
G1 F3547 X119.38 Y471.58 Z60 E6.67
G1 F3547 X119.38 Y471.58 Z60 E6.67
G1 F3547 X119.38 Y471.58 Z60 E6.67
G1 F3547 X119.38 Y471.58 Z60 E6.67
G1 F3547 X119.38 Y471.58 Z60 E6.67
G1 F3547 X119.38 Y471.58 Z60 E6.67
G1 F3547 X119.38 Y471.58 Z60 E6.67
G1 F3547 X119.38 Y471.58 Z60 E6.67
G1 F3547 X119.38 Y471.58 Z60 E6.67
G1 F3547 X119.38 Y471.58 Z60 E6.67
G1 F3547 X119.38 Y471.58 Z60 E6.67
G1 F3547 X119.38 Y471.58 Z60 E6.67
G1 F3547 X119.38 Y471.58 Z60 E6.67
G1 F3547 X119.38 Y471.58 Z60 E6.67
G1 F3547 X119.38 Y471.58 Z60 E6.67
G1 F3547 X119.38 Y471.58 Z60 E6.67
G1 F3547 X119.38 Y471.58 Z60 E6.67
G1 F3547 X119.38 Y471.58 Z60 E6.67
G1 F3547 X119.38 Y471.58 Z60 E6.67
G1 F3547 X119.38 Y471.58 Z60 E6.67
G1 F3547 X119.38 Y471.58 Z60 E6.67
G1 F3547 X119.38 Y471.58 Z60 E6.67
G1 F3547 X119.38 Y471.58 Z60 E6.67
G1 F3547 X119.38 Y471.58 Z60 E6.67
G1 F3547 X119.38 Y471.58 Z60 E6.67
G1 F3547 X119.38 Y471.58 Z60 E6.67
G1 F3547 X119.38 Y471.58 Z60 E6.67
G1 F3547 X119.38 Y471.58 Z60 E6.67
G1 F3547 X119.38 Y471.58 Z60 E6.67
G1 F3547 X119.38 Y471.58 Z60 E6.67
G1 F3547 X119.38 Y471.58 Z60 E6.67
G1 F3547 X119.38 Y471.58 Z60 E6.67
G1 F3547 X119.38 Y471.58 Z60 E6.67
G1 F3547 X119.38 Y471.58 Z60 E6.67
G1 F3547 X119.38 Y471.58 Z60 E6.67
G1 F3547 X119.38 Y471.58 Z60 E6.67
G1 F3547 X119.38 Y471.58 Z60 E6.67
G1 F3547 X119.38 Y471.58 Z60 E6.67
G1 F3547 X119.38 Y471.58 Z60 E6.67
G1 F3547 X119.38 Y471.58 Z60 E6.67
G1 F3547 X119.38 Y471.58 Z60 E6.67
G1 F3547 X119.38 Y471.58 Z60 E6.67
G1 F3547 X119.38 Y471.58 Z60 E6.67
G1 F3547 X119.38 Y471.58 Z60 E6.67
G1 F3547 X119.38 Y471.58 Z60 E6.67
G1 F3547 X119.38 Y471.58 Z60 E6.67
G1 F3547 X119.38 Y471.58 Z60 E6.67
G1 F3547 X119.38 Y471.58 Z60 E6.67
G1 F3547 X119.38 Y471.58 Z60 E6.67
G1 F3547 X119.38 Y471.58 Z60 E6.67
G1 F3547 X119.38 Y471.58 Z60 E6.67
G1 F3547 X119.38 Y471.58 Z60 E6.67
G1 F3547 X119.38 Y471.58 Z60 E6.67
G1 F3547 X119.38 Y471.58 Z60 E6.67
G1 F3547 X119.38 Y471.58 Z60 E6.67
G1 F3547 X119.38 Y471.58 Z60 E6.67
G1 F3547 X119.38 Y471.58 Z60 E6.67
G1 F3547 X119.38 Y471.58 Z60 E6.67
G1 F3547 X119.38 Y471.58 Z60 E6.67
G1 F3547 X119.38 Y471.58 Z60 E6.67
G1 F3547 X119.38 Y471.58 Z60 E6.67
G1 F3547 X119.38 Y471.58 Z60 E6.67
G1 F3547 X119.38 Y471.58 Z60 E6.67
G1 F3547 X119.38 Y471.58 Z60 E6.67
G1 F3547 X119.38 Y471.58 Z60 E6.67
G1 F3547 X119.38 Y471.58 Z60 E6.67
G1 F3547 X119.38 Y471.58 Z60 E6.67
G1 F3547 X119.38 Y471.58 Z60 E6.67
G1 F3547 X119.38 Y471.58 Z60 E6.67
G1 F3547 X119.38 Y471.58 Z60 E6.67
G1 F3547 X119.38 Y471.58 Z60 E6.67
G1 F3547 X119.38 Y471.58 Z60 E6.67
G1 F3547 X119.38 Y471.58 Z60 E6.67
G1 F3547 X119.38 Y471.58 Z60 E6.67
G1 F3547 X119.38 Y471.58 Z60 E6.67
G1 F3547 X119.38 Y471.58 Z60 E6.67
G1 F3547 X119.38 Y471.58 Z60 E6.67
G1 F3547 X119.38 Y471.58 Z60 E6.67
G1 F3547 X119.38 Y471.58 Z60 E6.67
G1 F3547 X119.38 Y471.58 Z60 E6.67
G1 F3547 X119.38 Y471.58 Z60 E6.67
G1 F3547 X119.38 Y471.58 Z60 E6.67
G1 F3547 X119.38 Y471.58 Z60 E6.67
G1 F3547 X119.38 Y471.58 Z60 E6.67
G1 F3547 X119.38 Y471.58 Z60 E6.67
G1 F3547 X119.38 Y471.58 Z60 E6.67
G1 F3547 X119.38 Y471.58 Z60 E6.67
G1 F3547 X119.38 Y471.58 Z60 E6.67
G1 F3547 X119.38 Y471.58 Z60 E6.67
G1 F3547 X119.38 Y471.58 Z60 E6.67
G1 F3547 X119.38 Y471.58 Z60 E6.67
G1 F3547 X119.38 Y471.58 Z60 E6.67
G1 F3547 X119.38 Y471.58 Z60 E6.67
G1 F3547 X119.38 Y471.58 Z60 E6.67
G1 F3547 X119.38 Y471.58 Z60 E6.67
G1 F3547 X119.38 Y471.58 Z60 E6.67
G1 F3547 X119.38 Y471.58 Z60 E6.67
G1 F3547 X119.38 Y471.58 Z60 E6.67
G1 F3547 X119.38 Y471.58 Z60 E6.67
G1 F3547 X119.38 Y471.58 Z60 E6.67
G1 F3547 X119.38 Y471.58 Z60 E6.67
G1 F3547 X119.38 Y471.58 Z60 E6.67
G1 F3547 X119.38 Y471.58 Z60 E6.67
G1 F3547 X119.38 Y471.58 Z60 E6.67
G1 F3547 X119.38 Y471.58 Z60 E6.67
G1 F3547 X119.38 Y471.58 Z60 E6.67
G1 F3547 X119.38 Y471.58 Z60 E6.67
G1 F3547 X119.38 Y471.58 Z60 E6.67
G1 F3547 X119.38 Y471.58 Z60 E6.67
G1 F3547 X119.38 Y471.58 Z60 E6.67
G1 F3547 X119.38 Y471.58 Z60 E6.67
G1 F3547 X119.38 Y471.58 Z60 E6.67
G1 F3547 X119.38 Y471.58 Z60 E6.67
G1 F3547 X119.38 Y471.58 Z60 E6.67
G1 F3547 X119.38 Y471.58 Z60 E6.67
G1 F3547 X119.38 Y471.58 Z60 E6.67
G1 F3547 X119.38 Y471.58 Z60 E6.67
G1 F3547 X119.38 Y471.58 Z60 E6.67
G1 F3547 X119.38 Y471.58 Z60 E6.67
G1 F3547 X119.38 Y471.58 Z60 E6.67
G1 F3547 X119.38 Y471.58 Z60 E6.67
G1 F3547 X119.38 Y471.58 Z60 E6.67
G1 F3547 X119.38 Y471.58 Z60 E6.67
G1 F3547 X119.38 Y471.58 Z60 E6.67
G1 F3547 X119.38 Y471.58 Z60 E6.67
G1 F3547 X119.38 Y471.58 Z60 E6.67
G1 F3547 X119.38 Y471.58 Z60 E6.67
G1 F3547 X119.38 Y471.58 Z60 E6.67
G1 F3547 X119.38 Y471.58 Z60 E6.67
G1 F3547 X119.38 Y471.58 Z60 E6.67
G1 F3547 X119.38 Y471.58 Z60 E6.67
G1 F3547 X119.38 Y471.58 Z60 E6.67
G1 F3547 X119.38 Y471.58 Z60 E6.67
G1 F3547 X119.38 Y471.58 Z60 E6.67
G1 F3547 X119.38 Y471.58 Z60 E6.67
G1 F3547 X119.38 Y471.58 Z60 E6.67
G1 F3547 X119.38 Y471.58 Z60 E6.67
G1 F3547 X119.38 Y471.58 Z60 E6.67
G1 F3547 X119.38 Y471.58 Z60 E6.67
G1 F3547 X119.38 Y471.58 Z60 E6.67
G1 F3547 X119.38 Y471.58 Z60 E6.67
G1 F3547 X119.38 Y471.58 Z60 E6.67
G1 F3547 X119.38 Y471.58 Z60 E6.67
G1 F3547 X119.38 Y471.58 Z60 E6.67
G1 F3547 X119.38 Y471.58 Z60 E6.67
G1 F3547 X119.38 Y471.58 Z60 E6.67
G1 F3547 X119.38 Y471.58 Z60 E6.67
G1 F3547 X119.38 Y471.58 Z60 E6.67
G1 F3547 X119.38 Y471.58 Z60 E6.67
G1 F3547 X119.38 Y471.58 Z60 E6.67
G1 F3547 X119.38 Y471.58 Z60 E6.67
G1 F3547 X119.38 Y471.58 Z60 E6.67
G1 F3547 X119.38 Y471.58 Z60 E6.67
G1 F3547 X119.38 Y471.58 Z60 E6.67
G1 F3547 X119.38 Y471.58 Z60 E6.67
G1 F3547 X119.38 Y471.58 Z60 E6.67
G1 F3547 X119.38 Y471.58 Z60 E6.67
G1 F3547 X119.38 Y471.58 Z60 E6.67
G1 F3547 X119.38 Y471.58 Z60 E6.67
G1 F3547 X119.38 Y471.58 Z60 E6.67
G1 F3547 X119.38 Y471.58 Z60 E6.67
G1 F3547 X119.38 Y471.58 Z60 E6.67
G1 F3547 X119.38 Y471.58 Z60 E6.67
G1 F3547 X119.38 Y471.58 Z60 E6.67
G1 F3547 X119.38 Y471.58 Z60 E6.67
G1 F3547 X119.38 Y471.58 Z60 E6.67
G1 F3547 X119.38 Y471.58 Z60 E6.67
G1 F3547 X119.38 Y471.58 Z60 E6.67
G1 F3547 X119.38 Y471.58 Z60 E6.67
G1 F3547 X119.38 Y471.58 Z60 E6.67
G1 F3547 X119.38 Y471.58 Z60 E6.67
G1 F3547 X119.38 Y471.58 Z60 E6.67
G1 F3547 X119.38 Y471.58 Z60 E6.67
G1 F3547 X119.38 Y471.58 Z60 E6.67
G1 F3547 X119.38 Y471.58 Z60 E6.67
G1 F3547 X119.38 Y471.58 Z60 E6.67
G1 F3547 X119.38 Y471.58 Z60 E6.67
G1 F3547 X119.38 Y471.58 Z60 E6.67
G1 F3547 X119.38 Y471.58 Z60 E6.67
G1 F3547 X119.38 Y471.58 Z60 E6.67
G1 F3547 X119.38 Y471.58 Z60 E6.67
G1 F3547 X119.38 Y471.58 Z60 E6.67
G1 F3547 X119.38 Y471.58 Z60 E6.67
G1 F3547 X119.38 Y471.58 Z60 E6.67
G1 F3547 X119.38 Y471.58 Z60 E6.67
G1 F3547 X119.38 Y471.58 Z60 E6.67
G1 F3547 X119.38 Y471.58 Z60 E6.67
G1 F3547 X119.38 Y471.58 Z60 E6.67
G1 F3547 X119.38 Y471.58 Z60 E6.67
G1 F3547 X119.38 Y471.58 Z60 E6.67
G1 F3547 X119.38 Y471.58 Z60 E6.67
G1 F3547 X119.38 Y471.58 Z60 E6.67
G1 F3547 X119.38 Y471.58 Z60 E6.67
G1 F3547 X119.38 Y471.58 Z60 E6.67
G1 F3547 X119.38 Y471.58 Z60 E6.67
G1 F3547 X119.38 Y471.58 Z60 E6.67
G1 F3547 X119.38 Y471.58 Z60 E6.67
G1 F3547 X119.38 Y471.58 Z60 E6.67
G1 F3547 X119.38 Y471.58 Z60 E6.67
G1 F3547 X119.38 Y471.58 Z60 E6.67
G1 F3547 X119.38 Y471.58 Z60 E6.67
G1 F3547 X119.38 Y471.58 Z60 E6.67
G1 F3547 X119.38 Y471.58 Z60 E6.67
G1 F3547 X119.38 Y471.58 Z60 E6.67
G1 F3547 X119.38 Y471.58 Z60 E6.67
G1 F3547 X119.38 Y471.58 Z60 E6.67
G1 F3547 X119.38 Y471.58 Z60 E6.67
G1 F3547 X119.38 Y471.58 Z60 E6.67
G1 F3547 X119.38 Y471.58 Z60 E6.67
G1 F3547 X119.38 Y471.58 Z60 E6.67
G1 F3547 X119.38 Y471.58 Z60 E6.67
G1 F3547 X119.38 Y471.58 Z60 E6.67
G1 F3547 X119.38 Y471.58 Z60 E6.67
G1 F3547 X119.38 Y471.58 Z60 E6.67
G1 F3547 X119.38 Y471.58 Z60 E6.67
G1 F3547 X119.38 Y471.58 Z60 E6.67
G1 F3547 X119.38 Y471.58 Z60 E6.67
G1 F3547 X119.38 Y471.58 Z60 E6.67
G1 F3547 X119.38 Y471.58 Z60 E6.67
G1 F3547 X119.38 Y471.58 Z60 E6.67
G1 F3547 X119.38 Y471.58 Z60 E6.67
G1 F3547 X119.38 Y471.58 Z60 E6.67
G1 F3547 X119.38 Y471.58 Z60 E6.67
G1 F3547 X119.38 Y471.58 Z60 E6.67
G1 F3547 X119.38 Y471.58 Z60 E6.67
G1 F3547 X119.38 Y471.58 Z60 E6.67
G1 F3547 X119.38 Y471.58 Z60 E6.67
G1 F3547 X119.38 Y471.58 Z60 E6.67
G1 F3547 X119.38 Y471.58 Z60 E6.67
G1 F3547 X119.38 Y471.58 Z60 E6.67
G1 F3547 X119.38 Y471.58 Z60 E6.67
G1 F3547 X119.38 Y471.58 Z60 E6.67
G1 F3547 X119.38 Y471.58 Z60 E6.67
G1 F3547 X119.38 Y471.58 Z60 E6.67
G1 F3547 X119.38 Y471.58 Z60 E6.67
G1 F3547 X119.38 Y471.58 Z60 E6.67
G1 F3547 X119.38 Y471.58 Z60 E6.67
G1 F3547 X119.38 Y471.58 Z60 E6.67
G1 F3547 X119.38 Y471.58 Z60 E6.67
G1 F3547 X119.38 Y471.58 Z60 E6.67
G1 F3547 X119.38 Y471.58 Z60 E6.67
G1 F3547 X119.38 Y471.58 Z60 E6.67
G1 F3547 X119.38 Y471.58 Z60 E6.67
G1 F3547 X119.38 Y471.58 Z60 E6.67
G1 F3547 X119.38 Y471.58 Z60 E6.67
G1 F3547 X119.38 Y471.58 Z60 E6.67
G1 F3547 X119.38 Y471.58 Z60 E6.67
G1 F3547 X119.38 Y471.58 Z60 E6.67
G1 F3547 X119.38 Y471.58 Z60 E6.67
G1 F3547 X119.38 Y471.58 Z60 E6.67
G1 F3547 X119.38 Y471.58 Z60 E6.67
G1 F3547 X119.38 Y471.58 Z60 E6.67
G1 F3547 X119.38 Y471.58 Z60 E6.67
G1 F3547 X119.38 Y471.58 Z60 E6.67
G1 F3547 X119.38 Y471.58 Z60 E6.67
G1 F3547 X119.38 Y471.58 Z60 E6.67
G1 F3547 X119.38 Y471.58 Z60 E6.67
G1 F3547 X119.38 Y471.58 Z60 E6.67
G1 F3547 X119.38 Y471.58 Z60 E6.67
G1 F3547 X119.38 Y471.58 Z60 E6.67
G1 F3547 X119.38 Y471.58 Z60 E6.67
G1 F3547 X119.38 Y471.58 Z60 E6.67
G1 F3547 X119.38 Y471.58 Z60 E6.67
G1 F3547 X119.38 Y471.58 Z60 E6.67
G1 F3547 X119.38 Y471.58 Z60 E6.67
G1 F3547 X119.38 Y471.58 Z60 E6.67
G1 F3547 X119.38 Y471.58 Z60 E6.67
G1 F3547 X119.38 Y471.58 Z60 E6.67
G1 F3547 X119.38 Y471.58 Z60 E6.67
G1 F3547 X119.38 Y471.58 Z60 E6.67
G1 F3547 X119.38 Y471.58 Z60 E6.67
G1 F3547 X119.38 Y471.58 Z60 E6.67
G1 F3547 X119.38 Y471.58 Z60 E6.67
G1 F3547 X119.38 Y471.58 Z60 E6.67
G1 F3547 X119.38 Y471.58 Z60 E6.67
G1 F3547 X119.38 Y471.58 Z60 E6.67
G1 F3547 X119.38 Y471.58 Z60 E6.67
G1 F3547 X119.38 Y471.58 Z60 E6.67
G1 F3547 X119.38 Y471.58 Z60 E6.67
G1 F3547 X119.38 Y471.58 Z60 E6.67
G1 F3547 X119.38 Y471.58 Z60 E6.67
G1 F3547 X119.38 Y471.58 Z60 E6.67
G1 F3547 X119.38 Y471.58 Z60 E6.67
G1 F3547 X119.38 Y471.58 Z60 E6.67
G1 F3547 X119.38 Y471.58 Z60 E6.67
G1 F3547 X119.38 Y471.58 Z60 E6.67
G1 F3547 X119.38 Y471.58 Z60 E6.67
G1 F3547 X119.38 Y471.58 Z60 E6.67
G1 F3547 X119.38 Y471.58 Z60 E6.67
G1 F3547 X119.38 Y471.58 Z60 E6.67
G1 F3547 X119.38 Y471.58 Z60 E6.67
G1 F3547 X119.38 Y471.58 Z60 E6.67
G1 F3547 X119.38 Y471.58 Z60 E6.67
G1 F3547 X119.38 Y471.58 Z60 E6.67
G1 F3547 X119.38 Y471.58 Z60 E6.67
G1 F3547 X119.38 Y471.58 Z60 E6.67
G1 F3547 X119.38 Y471.58 Z60 E6.67
G1 F3547 X119.38 Y471.58 Z60 E6.67
G1 F3547 X119.38 Y471.58 Z60 E6.67
G1 F3547 X119.38 Y471.58 Z60 E6.67
G1 F3547 X119.38 Y471.58 Z60 E6.67
G1 F3547 X119.38 Y471.58 Z60 E6.67
G1 F3547 X119.38 Y471.58 Z60 E6.67
G1 F3547 X119.38 Y471.58 Z60 E6.67
G1 F3547 X119.38 Y471.58 Z60 E6.67
G1 F3547 X119.38 Y471.58 Z60 E6.67
G1 F3547 X119.38 Y471.58 Z60 E6.67
G1 F3547 X119.38 Y471.58 Z60 E6.67
G1 F3547 X119.38 Y471.58 Z60 E6.67
G1 F3547 X119.38 Y471.58 Z60 E6.67
G1 F3547 X119.38 Y471.58 Z60 E6.67
G1 F3547 X119.38 Y471.58 Z60 E6.67
G1 F3547 X119.38 Y471.58 Z60 E6.67
G1 F3547 X119.38 Y471.58 Z60 E6.67
G1 F3547 X119.38 Y471.58 Z60 E6.67
G1 F3547 X119.38 Y471.58 Z60 E6.67
G1 F3547 X119.38 Y471.58 Z60 E6.67
G1 F3547 X119.38 Y471.58 Z60 E6.67
G1 F3547 X119.38 Y471.58 Z60 E6.67
G1 F3547 X119.38 Y471.58 Z60 E6.67
G1 F3547 X119.38 Y471.58 Z60 E6.67
G1 F3547 X119.38 Y471.58 Z60 E6.67
G1 F3547 X119.38 Y471.58 Z60 E6.67
G1 F3547 X119.38 Y471.58 Z60 E6.67
G1 F3547 X119.38 Y471.58 Z60 E6.67
G1 F3547 X119.38 Y471.58 Z60 E6.67
G1 F3547 X119.38 Y471.58 Z60 E6.67
G1 F3547 X119.38 Y471.58 Z60 E6.67
G1 F3547 X119.38 Y471.58 Z60 E6.67
G1 F3547 X119.38 Y471.58 Z60 E6.67
G1 F3547 X119.38 Y471.58 Z60 E6.67
G1 F3547 X119.38 Y471.58 Z60 E6.67
G1 F3547 X119.38 Y471.58 Z60 E6.67
G1 F3547 X119.38 Y471.58 Z60 E6.67
G1 F3547 X119.38 Y471.58 Z60 E6.67
G1 F3547 X119.38 Y471.58 Z60 E6.67
G1 F3547 X119.38 Y471.58 Z60 E6.67
G1 F3547 X119.38 Y471.58 Z60 E6.67
G1 F3547 X119.38 Y471.58 Z60 E6.67
G1 F3547 X119.38 Y471.58 Z60 E6.67
G1 F3547 X119.38 Y471.58 Z60 E6.67
G1 F3547 X119.38 Y471.58 Z60 E6.67
G1 F3547 X119.38 Y471.58 Z60 E6.67
G1 F3547 X119.38 Y471.58 Z60 E6.67
G1 F3547 X119.38 Y471.58 Z60 E6.67
G1 F3547 X119.38 Y471.58 Z60 E6.67
G1 F3547 X119.38 Y471.58 Z60 E6.67
G1 F3547 X119.38 Y471.58 Z60 E6.67
G1 F3547 X119.38 Y471.58 Z60 E6.67
G1 F3547 X119.38 Y471.58 Z60 E6.67
G1 F3547 X119.38 Y471.58 Z60 E6.67
G1 F3547 X119.38 Y471.58 Z60 E6.67
G1 F3547 X119.38 Y471.58 Z60 E6.67
G1 F3547 X119.38 Y471.58 Z60 E6.67
G1 F3547 X119.38 Y471.58 Z60 E6.67
G1 F3547 X119.38 Y471.58 Z60 E6.67
G1 F3547 X119.38 Y471.58 Z60 E6.67
G1 F3547 X119.38 Y471.58 Z60 E6.67
G1 F3547 X119.38 Y471.58 Z60 E6.67
G1 F3547 X119.38 Y471.58 Z60 E6.67
G1 F3547 X119.38 Y471.58 Z60 E6.67
G1 F3547 X119.38 Y471.58 Z60 E6.67
G1 F3547 X119.38 Y471.58 Z60 E6.67
G1 F3547 X119.38 Y471.58 Z60 E6.67
G1 F3547 X119.38 Y471.58 Z60 E6.67
G1 F3547 X119.38 Y471.58 Z60 E6.67
G1 F3547 X119.38 Y471.58 Z60 E6.67
G1 F3547 X119.38 Y471.58 Z60 E6.67
G1 F3547 X119.38 Y471.58 Z60 E6.67
G1 F3547 X119.38 Y471.58 Z60 E6.67
G1 F3547 X119.38 Y471.58 Z60 E6.67
G1 F3547 X119.38 Y471.58 Z60 E6.67
G1 F3547 X119.38 Y471.58 Z60 E6.67
G1 F3547 X119.38 Y471.58 Z60 E6.67
G1 F3547 X119.38 Y471.58 Z60 E6.67
G1 F3547 X119.38 Y471.58 Z60 E6.67
G1 F3547 X119.38 Y471.58 Z60 E6.67
G1 F3547 X119.38 Y471.58 Z60 E6.67
G1 F3547 X119.38 Y471.58 Z60 E6.67
G1 F3547 X119.38 Y471.58 Z60 E6.67
G1 F3547 X119.38 Y471.58 Z60 E6.67
G1 F3547 X119.38 Y471.58 Z60 E6.67
G1 F3547 X119.38 Y471.58 Z60 E6.67
G1 F3547 X119.38 Y471.58 Z60 E6.67
G1 F3547 X119.38 Y471.58 Z60 E6.67
G1 F3547 X119.38 Y471.58 Z60 E6.67
G1 F3547 X119.38 Y471.58 Z60 E6.67
G1 F3547 X119.38 Y471.58 Z60 E6.67
G1 F3547 X119.38 Y471.58 Z60 E6.67
G1 F3547 X119.38 Y471.58 Z60 E6.67
G1 F3547 X119.38 Y471.58 Z60 E6.67
G1 F3547 X119.38 Y471.58 Z60 E6.67
G1 F3547 X119.38 Y471.58 Z60 E6.67
G1 F3547 X119.38 Y471.58 Z60 E6.67
G1 F3547 X119.38 Y471.58 Z60 E6.67
G1 F3547 X119.38 Y471.58 Z60 E6.67
G1 F3547 X119.38 Y471.58 Z60 E6.67
G1 F3547 X119.38 Y471.58 Z60 E6.67
G1 F3547 X119.38 Y471.58 Z60 E6.67
G1 F3547 X119.38 Y471.58 Z60 E6.67
G1 F3547 X119.38 Y471.58 Z60 E6.67
G1 F3547 X119.38 Y471.58 Z60 E6.67
G1 F3547 X119.38 Y471.58 Z60 E6.67
G1 F3547 X119.38 Y471.58 Z60 E6.67
G1 F3547 X119.38 Y471.58 Z60 E6.67
G1 F3547 X119.38 Y471.58 Z60 E6.67
G1 F3547 X119.38 Y471.58 Z60 E6.67
G1 F3547 X119.38 Y471.58 Z60 E6.67
G1 F3547 X119.38 Y471.58 Z60 E6.67
G1 F3547 X119.38 Y471.58 Z60 E6.67
G1 F3547 X119.38 Y471.58 Z60 E6.67
G1 F3547 X119.38 Y471.58 Z60 E6.67
G1 F3547 X119.38 Y471.58 Z60 E6.67
G1 F3547 X119.38 Y471.58 Z60 E6.67
G1 F3547 X119.38 Y471.58 Z60 E6.67
G1 F3547 X119.38 Y471.58 Z60 E6.67
G1 F3547 X119.38 Y471.58 Z60 E6.67
G1 F3547 X119.38 Y471.58 Z60 E6.67
G1 F3547 X119.38 Y471.58 Z60 E6.67
G1 F3547 X119.38 Y471.58 Z60 E6.67
G1 F3547 X119.38 Y471.58 Z60 E6.67
G1 F3547 X119.38 Y471.58 Z60 E6.67
G1 F3547 X119.38 Y471.58 Z60 E6.67
G1 F3547 X119.38 Y471.58 Z60 E6.67
G1 F3547 X119.38 Y471.58 Z60 E6.67
G1 F3547 X119.38 Y471.58 Z60 E6.67
G1 F3547 X119.38 Y471.58 Z60 E6.67
G1 F3547 X119.38 Y471.58 Z60 E6.67
G1 F3547 X119.38 Y471.58 Z60 E6.67
G1 F3547 X119.38 Y471.58 Z60 E6.67
G1 F3547 X119.38 Y471.58 Z60 E6.67
G1 F3547 X119.38 Y471.58 Z60 E6.67
G1 F3547 X119.38 Y471.58 Z60 E6.67
G1 F3547 X119.38 Y471.58 Z60 E6.67
G1 F3547 X119.38 Y471.58 Z60 E6.67
G1 F3547 X119.38 Y471.58 Z60 E6.67
G1 F3547 X119.38 Y471.58 Z60 E6.67
G1 F3547 X119.38 Y471.58 Z60 E6.67
G1 F3547 X119.38 Y471.58 Z60 E6.67
G1 F3547 X119.38 Y471.58 Z60 E6.67
G1 F3547 X119.38 Y471.58 Z60 E6.67
G1 F3547 X119.38 Y471.58 Z60 E6.67
G1 F3547 X119.38 Y471.58 Z60 E6.67
G1 F3547 X119.38 Y471.58 Z60 E6.67
G1 F3547 X119.38 Y471.58 Z60 E6.67
G1 F3547 X119.38 Y471.58 Z60 E6.67
G1 F3547 X119.38 Y471.58 Z60 E6.67
G1 F3547 X119.38 Y471.58 Z60 E6.67
G1 F3547 X119.38 Y471.58 Z60 E6.67
G1 F3547 X119.38 Y471.58 Z60 E6.67
G1 F3547 X119.38 Y471.58 Z60 E6.67
G1 F3547 X119.38 Y471.58 Z60 E6.67
G1 F3547 X119.38 Y471.58 Z60 E6.67
G1 F3547 X119.38 Y471.58 Z60 E6.67
G1 F3547 X119.38 Y471.58 Z60 E6.67
G1 F3547 X119.38 Y471.58 Z60 E6.67
G1 F3547 X119.38 Y471.58 Z60 E6.67
G1 F3547 X119.38 Y471.58 Z60 E6.67
G1 F3547 X119.38 Y471.58 Z60 E6.67
G1 F3547 X119.38 Y471.58 Z60 E6.67
G1 F3547 X119.38 Y471.58 Z60 E6.67
G1 F3547 X119.38 Y471.58 Z60 E6.67
G1 F3547 X119.38 Y471.58 Z60 E6.67
G1 F3547 X119.38 Y471.58 Z60 E6.67
G1 F3547 X119.38 Y471.58 Z60 E6.67
G1 F3547 X119.38 Y471.58 Z60 E6.67
G1 F3547 X119.38 Y471.58 Z60 E6.67
G1 F3547 X119.38 Y471.58 Z60 E6.67
G1 F3547 X119.38 Y471.58 Z60 E6.67
G1 F3547 X119.38 Y471.58 Z60 E6.67
G1 F3547 X119.38 Y471.58 Z60 E6.67
G1 F3547 X119.38 Y471.58 Z60 E6.67
G1 F3547 X119.38 Y471.58 Z60 E6.67
G1 F3547 X119.38 Y471.58 Z60 E6.67
G1 F3547 X119.38 Y471.58 Z60 E6.67
G1 F3547 X119.38 Y471.58 Z60 E6.67
G1 F3547 X119.38 Y471.58 Z60 E6.67
G1 F3547 X119.38 Y471.58 Z60 E6.67
G1 F3547 X119.38 Y471.58 Z60 E6.67
G1 F3547 X119.38 Y471.58 Z60 E6.67
G1 F3547 X119.38 Y471.58 Z60 E6.67
G1 F3547 X119.38 Y471.58 Z60 E6.67
G1 F3547 X119.38 Y471.58 Z60 E6.67
G1 F3547 X119.38 Y471.58 Z60 E6.67
G1 F3547 X119.38 Y471.58 Z60 E6.67
G1 F3547 X119.38 Y471.58 Z60 E6.67
G1 F3547 X119.38 Y471.58 Z60 E6.67
G1 F3547 X119.38 Y471.58 Z60 E6.67
G1 F3547 X119.38 Y471.58 Z60 E6.67
G1 F3547 X119.38 Y471.58 Z60 E6.67
G1 F3547 X119.38 Y471.58 Z60 E6.67
G1 F3547 X119.38 Y471.58 Z60 E6.67
G1 F3547 X119.38 Y471.58 Z60 E6.67
G1 F3547 X119.38 Y471.58 Z60 E6.67
G1 F3547 X119.38 Y471.58 Z60 E6.67
G1 F3547 X119.38 Y471.58 Z60 E6.67
G1 F3547 X119.38 Y471.58 Z60 E6.67
G1 F3547 X119.38 Y471.58 Z60 E6.67
G1 F3547 X119.38 Y471.58 Z60 E6.67
G1 F3547 X119.38 Y471.58 Z60 E6.67
G1 F3547 X119.38 Y471.58 Z60 E6.67
G1 F3547 X119.38 Y471.58 Z60 E6.67
G1 F3547 X119.38 Y471.58 Z60 E6.67
G1 F3547 X119.38 Y471.58 Z60 E6.67
G1 F3547 X119.38 Y471.58 Z60 E6.67
G1 F3547 X119.38 Y471.58 Z60 E6.67
G1 F3547 X119.38 Y471.58 Z60 E6.67
G1 F3547 X119.38 Y471.58 Z60 E6.67
G1 F3547 X119.38 Y471.58 Z60 E6.67
G1 F3547 X119.38 Y471.58 Z60 E6.67
G1 F3547 X119.38 Y471.58 Z60 E6.67
G1 F3547 X119.38 Y471.58 Z60 E6.67
G1 F3547 X119.38 Y471.58 Z60 E6.67
G1 F3547 X119.38 Y471.58 Z60 E6.67
G1 F3547 X119.38 Y471.58 Z60 E6.67
G1 F3547 X119.38 Y471.58 Z60 E6.67
G1 F3547 X119.38 Y471.58 Z60 E6.67
G1 F3547 X119.38 Y471.58 Z60 E6.67
G1 F3547 X119.38 Y471.58 Z60 E6.67
G1 F3547 X119.38 Y471.58 Z60 E6.67
G1 F3547 X119.38 Y471.58 Z60 E6.67
G1 F3547 X119.38 Y471.58 Z60 E6.67
G1 F3547 X119.38 Y471.58 Z60 E6.67
G1 F3547 X119.38 Y471.58 Z60 E6.67
G1 F3547 X119.38 Y471.58 Z60 E6.67
G1 F3547 X119.38 Y471.58 Z60 E6.67
G1 F3547 X119.38 Y471.58 Z60 E6.67
G1 F3547 X119.38 Y471.58 Z60 E6.67
G1 F3547 X119.38 Y471.58 Z60 E6.67
G1 F3547 X119.38 Y471.58 Z60 E6.67
G1 F3547 X119.38 Y471.58 Z60 E6.67
G1 F3547 X119.38 Y471.58 Z60 E6.67
G1 F3547 X119.38 Y471.58 Z60 E6.67
G1 F3547 X119.38 Y471.58 Z60 E6.67
G1 F3547 X119.38 Y471.58 Z60 E6.67
G1 F3547 X119.38 Y471.58 Z60 E6.67
G1 F3547 X119.38 Y471.58 Z60 E6.67
G1 F3547 X119.38 Y471.58 Z60 E6.67
G1 F3547 X119.38 Y471.58 Z60 E6.67
G1 F3547 X119.38 Y471.58 Z60 E6.67
G1 F3547 X119.38 Y471.58 Z60 E6.67
G1 F3547 X119.38 Y471.58 Z60 E6.67
G1 F3547 X119.38 Y471.58 Z60 E6.67
G1 F3547 X119.38 Y471.58 Z60 E6.67
G1 F3547 X119.38 Y471.58 Z60 E6.67
G1 F3547 X119.38 Y471.58 Z60 E6.67
G1 F3547 X119.38 Y471.58 Z60 E6.67
G1 F3547 X119.38 Y471.58 Z60 E6.67
G1 F3547 X119.38 Y471.58 Z60 E6.67
G1 F3547 X119.38 Y471.58 Z60 E6.67
G1 F3547 X119.38 Y471.58 Z60 E6.67
G1 F3547 X119.38 Y471.58 Z60 E6.67
G1 F3547 X119.38 Y471.58 Z60 E6.67
G1 F3547 X119.38 Y471.58 Z60 E6.67
G1 F3547 X119.38 Y471.58 Z60 E6.67
G1 F3547 X119.38 Y471.58 Z60 E6.67
G1 F3547 X119.38 Y471.58 Z60 E6.67
G1 F3547 X119.38 Y471.58 Z60 E6.67
G1 F3547 X119.38 Y471.58 Z60 E6.67
G1 F3547 X119.38 Y471.58 Z60 E6.67
G1 F3547 X119.38 Y471.58 Z60 E6.67
G1 F3547 X119.38 Y471.58 Z60 E6.67
G1 F3547 X119.38 Y471.58 Z60 E6.67
G1 F3547 X119.38 Y471.58 Z60 E6.67
G1 F3547 X119.38 Y471.58 Z60 E6.67
G1 F3547 X119.38 Y471.58 Z60 E6.67
G1 F3547 X119.38 Y471.58 Z60 E6.67
G1 F3547 X119.38 Y471.58 Z60 E6.67
G1 F3547 X119.38 Y471.58 Z60 E6.67
G1 F3547 X119.38 Y471.58 Z60 E6.67
G1 F3547 X119.38 Y471.58 Z60 E6.67
G1 F3547 X119.38 Y471.58 Z60 E6.67
G1 F3547 X119.38 Y471.58 Z60 E6.67
G1 F3547 X119.38 Y471.58 Z60 E6.67
G1 F3547 X119.38 Y471.58 Z60 E6.67
G1 F3547 X119.38 Y471.58 Z60 E6.67
G1 F3547 X119.38 Y471.58 Z60 E6.67
G1 F3547 X119.38 Y471.58 Z60 E6.67
G1 F3547 X119.38 Y471.58 Z60 E6.67
G1 F3547 X119.38 Y471.58 Z60 E6.67
G1 F3547 X119.38 Y471.58 Z60 E6.67
G1 F3547 X119.38 Y471.58 Z60 E6.67
G1 F3547 X119.38 Y471.58 Z60 E6.67
G1 F3547 X119.38 Y471.58 Z60 E6.67
G1 F3547 X119.38 Y471.58 Z60 E6.67
G1 F3547 X119.38 Y471.58 Z60 E6.67
G1 F3547 X119.38 Y471.58 Z60 E6.67
G1 F3547 X119.38 Y471.58 Z60 E6.67
G1 F3547 X119.38 Y471.58 Z60 E6.67
G1 F3547 X119.38 Y471.58 Z60 E6.67
G1 F3547 X119.38 Y471.58 Z60 E6.67
G1 F3547 X119.38 Y471.58 Z60 E6.67
G1 F3547 X119.38 Y471.58 Z60 E6.67
G1 F3547 X119.38 Y471.58 Z60 E6.67
G1 F3547 X119.38 Y471.58 Z60 E6.67
G1 F3547 X119.38 Y471.58 Z60 E6.67
G1 F3547 X119.38 Y471.58 Z60 E6.67
G1 F3547 X119.38 Y471.58 Z60 E6.67
G1 F3547 X119.38 Y471.58 Z60 E6.67
G1 F3547 X119.38 Y471.58 Z60 E6.67
G1 F3547 X119.38 Y471.58 Z60 E6.67
G1 F3547 X119.38 Y471.58 Z60 E6.67
G1 F3547 X119.38 Y471.58 Z60 E6.67
G1 F3547 X119.38 Y471.58 Z60 E6.67
G1 F3547 X119.38 Y471.58 Z60 E6.67
G1 F3547 X119.38 Y471.58 Z60 E6.67
G1 F3547 X119.38 Y471.58 Z60 E6.67
G1 F3547 X119.38 Y471.58 Z60 E6.67
G1 F3547 X119.38 Y471.58 Z60 E6.67
G1 F3547 X119.38 Y471.58 Z60 E6.67
G1 F3547 X119.38 Y471.58 Z60 E6.67
G1 F3547 X119.38 Y471.58 Z60 E6.67
G1 F3547 X119.38 Y471.58 Z60 E6.67
G1 F3547 X119.38 Y471.58 Z60 E6.67
G1 F3547 X119.38 Y471.58 Z60 E6.67
G1 F3547 X119.38 Y471.58 Z60 E6.67
G1 F3547 X119.38 Y471.58 Z60 E6.67
G1 F3547 X119.38 Y471.58 Z60 E6.67
G1 F3547 X119.38 Y471.58 Z60 E6.67
G1 F3547 X119.38 Y471.58 Z60 E6.67
G1 F3547 X119.38 Y471.58 Z60 E6.67
G1 F3547 X119.38 Y471.58 Z60 E6.67
G1 F3547 X119.38 Y471.58 Z60 E6.67
G1 F3547 X119.38 Y471.58 Z60 E6.67
G1 F3547 X119.38 Y471.58 Z60 E6.67
G1 F3547 X119.38 Y471.58 Z60 E6.67
G1 F3547 X119.38 Y471.58 Z60 E6.67
G1 F3547 X119.38 Y471.58 Z60 E6.67
G1 F3547 X119.38 Y471.58 Z60 E6.67
G1 F3547 X119.38 Y471.58 Z60 E6.67
G1 F3547 X119.38 Y471.58 Z60 E6.67
G1 F3547 X119.38 Y471.58 Z60 E6.67
G1 F3547 X119.38 Y471.58 Z60 E6.67
G1 F3547 X119.38 Y471.58 Z60 E6.67
G1 F3547 X119.38 Y471.58 Z60 E6.67
G1 F3547 X119.38 Y471.58 Z60 E6.67
G1 F3547 X119.38 Y471.58 Z60 E6.67
G1 F3547 X119.38 Y471.58 Z60 E6.67
G1 F3547 X119.38 Y471.58 Z60 E6.67
G1 F3547 X119.38 Y471.58 Z60 E6.67
G1 F3547 X119.38 Y471.58 Z60 E6.67
G1 F3547 X119.38 Y471.58 Z60 E6.67
G1 F3547 X119.38 Y471.58 Z60 E6.67
G1 F3547 X119.38 Y471.58 Z60 E6.67
G1 F3547 X119.38 Y471.58 Z60 E6.67
G1 F3547 X119.38 Y471.58 Z60 E6.67
G1 F3547 X119.38 Y471.58 Z60 E6.67
G1 F3547 X119.38 Y471.58 Z60 E6.67
G1 F3547 X119.38 Y471.58 Z60 E6.67
G1 F3547 X119.38 Y471.58 Z60 E6.67
G1 F3547 X119.38 Y471.58 Z60 E6.67
G1 F3547 X119.38 Y471.58 Z60 E6.67
G1 F3547 X119.38 Y471.58 Z60 E6.67
G1 F3547 X119.38 Y471.58 Z60 E6.67
G1 F3547 X119.38 Y471.58 Z60 E6.67
G1 F3547 X119.38 Y471.58 Z60 E6.67
G1 F3547 X119.38 Y471.58 Z60 E6.67
G1 F3547 X119.38 Y471.58 Z60 E6.67
G1 F3547 X119.38 Y471.58 Z60 E6.67
G1 F3547 X119.38 Y471.58 Z60 E6.67
G1 F3547 X119.38 Y471.58 Z60 E6.67
G1 F3547 X119.38 Y471.58 Z60 E6.67
G1 F3547 X119.38 Y471.58 Z60 E6.67
G1 F3547 X119.38 Y471.58 Z60 E6.67
G1 F3547 X119.38 Y471.58 Z60 E6.67
G1 F3547 X119.38 Y471.58 Z60 E6.67
G1 F3547 X119.38 Y471.58 Z60 E6.67
G1 F3547 X119.38 Y471.58 Z60 E6.67
G1 F3547 X119.38 Y471.58 Z60 E6.67
G1 F3547 X119.38 Y471.58 Z60 E6.67
G1 F3547 X119.38 Y471.58 Z60 E6.67
G1 F3547 X119.38 Y471.58 Z60 E6.67
G1 F3547 X119.38 Y471.58 Z60 E6.67
G1 F3547 X119.38 Y471.58 Z60 E6.67
G1 F3547 X119.38 Y471.58 Z60 E6.67
G1 F3547 X119.38 Y471.58 Z60 E6.67
G1 F3547 X119.38 Y471.58 Z60 E6.67
G1 F3547 X119.38 Y471.58 Z60 E6.67
G1 F3547 X119.38 Y471.58 Z60 E6.67
G1 F3547 X119.38 Y471.58 Z60 E6.67
G1 F3547 X119.38 Y471.58 Z60 E6.67
G1 F3547 X119.38 Y471.58 Z60 E6.67
G1 F3547 X119.38 Y471.58 Z60 E6.67
G1 F3547 X119.38 Y471.58 Z60 E6.67
G1 F3547 X119.38 Y471.58 Z60 E6.67
G1 F3547 X119.38 Y471.58 Z60 E6.67
G1 F3547 X119.38 Y471.58 Z60 E6.67
G1 F3547 X119.38 Y471.58 Z60 E6.67
G1 F3547 X119.38 Y471.58 Z60 E6.67
G1 F3547 X119.38 Y471.58 Z60 E6.67
G1 F3547 X119.38 Y471.58 Z60 E6.67
G1 F3547 X119.38 Y471.58 Z60 E6.67
G1 F3547 X119.38 Y471.58 Z60 E6.67
G1 F3547 X119.38 Y471.58 Z60 E6.67
G1 F3547 X119.38 Y471.58 Z60 E6.67
G1 F3547 X119.38 Y471.58 Z60 E6.67
G1 F3547 X119.38 Y471.58 Z60 E6.67
G1 F3547 X119.38 Y471.58 Z60 E6.67
G1 F3547 X119.38 Y471.58 Z60 E6.67
G1 F3547 X119.38 Y471.58 Z60 E6.67
G1 F3547 X119.38 Y471.58 Z60 E6.67
G1 F3547 X119.38 Y471.58 Z60 E6.67
G1 F3547 X119.38 Y471.58 Z60 E6.67
G1 F3547 X119.38 Y471.58 Z60 E6.67
G1 F3547 X119.38 Y471.58 Z60 E6.67
G1 F3547 X119.38 Y471.58 Z60 E6.67
G1 F3547 X119.38 Y471.58 Z60 E6.67
G1 F3547 X119.38 Y471.58 Z60 E6.67
G1 F3547 X119.38 Y471.58 Z60 E6.67
G1 F3547 X119.38 Y471.58 Z60 E6.67
G1 F3547 X119.38 Y471.58 Z60 E6.67
G1 F3547 X119.38 Y471.58 Z60 E6.67
G1 F3547 X119.38 Y471.58 Z60 E6.67
G1 F3547 X119.38 Y471.58 Z60 E6.67
G1 F3547 X119.38 Y471.58 Z60 E6.67
G1 F3547 X119.38 Y471.58 Z60 E6.67
G1 F3547 X119.38 Y471.58 Z60 E6.67
G1 F3547 X119.38 Y471.58 Z60 E6.67
G1 F3547 X119.38 Y471.58 Z60 E6.67
G1 F3547 X119.38 Y471.58 Z60 E6.67
G1 F3547 X119.38 Y471.58 Z60 E6.67
G1 F3547 X119.38 Y471.58 Z60 E6.67
G1 F3547 X119.38 Y471.58 Z60 E6.67
G1 F3547 X119.38 Y471.58 Z60 E6.67
G1 F3547 X119.38 Y471.58 Z60 E6.67
G1 F3547 X119.38 Y471.58 Z60 E6.67
G1 F3547 X119.38 Y471.58 Z60 E6.67
G1 F3547 X119.38 Y471.58 Z60 E6.67
G1 F3547 X119.38 Y471.58 Z60 E6.67
G1 F3547 X119.38 Y471.58 Z60 E6.67
G1 F3547 X119.38 Y471.58 Z60 E6.67
G1 F3547 X119.38 Y471.58 Z60 E6.67
G1 F3547 X119.38 Y471.58 Z60 E6.67
G1 F3547 X119.38 Y471.58 Z60 E6.67
G1 F3547 X119.38 Y471.58 Z60 E6.67
G1 F3547 X119.38 Y471.58 Z60 E6.67
G1 F3547 X119.38 Y471.58 Z60 E6.67
G1 F3547 X119.38 Y471.58 Z60 E6.67
G1 F3547 X119.38 Y471.58 Z60 E6.67
G1 F3547 X119.38 Y471.58 Z60 E6.67
G1 F3547 X119.38 Y471.58 Z60 E6.67
G1 F3547 X119.38 Y471.58 Z60 E6.67
G1 F3547 X119.38 Y471.58 Z60 E6.67
G1 F3547 X119.38 Y471.58 Z60 E6.67
G1 F3547 X119.38 Y471.58 Z60 E6.67
G1 F3547 X119.38 Y471.58 Z60 E6.67
G1 F3547 X119.38 Y471.58 Z60 E6.67
G1 F3547 X119.38 Y471.58 Z60 E6.67
G1 F3547 X119.38 Y471.58 Z60 E6.67
G1 F3547 X119.38 Y471.58 Z60 E6.67
G1 F3547 X119.38 Y471.58 Z60 E6.67
G1 F3547 X119.38 Y471.58 Z60 E6.67
G1 F3547 X119.38 Y471.58 Z60 E6.67
G1 F3547 X119.38 Y471.58 Z60 E6.67
G1 F3547 X119.38 Y471.58 Z60 E6.67
G1 F3547 X119.38 Y471.58 Z60 E6.67
G1 F3547 X119.38 Y471.58 Z60 E6.67
G1 F3547 X119.38 Y471.58 Z60 E6.67
G1 F3547 X119.38 Y471.58 Z60 E6.67
G1 F3547 X119.38 Y471.58 Z60 E6.67
G1 F3547 X119.38 Y471.58 Z60 E6.67
G1 F3547 X119.38 Y471.58 Z60 E6.67
G1 F3547 X119.38 Y471.58 Z60 E6.67
G1 F3547 X119.38 Y471.58 Z60 E6.67
G1 F3547 X119.38 Y471.58 Z60 E6.67
G1 F3547 X119.38 Y471.58 Z60 E6.67
G1 F3547 X119.38 Y471.58 Z60 E6.67
G1 F3547 X119.38 Y471.58 Z60 E6.67
G1 F3547 X119.38 Y471.58 Z60 E6.67
G1 F3547 X119.38 Y471.58 Z60 E6.67
G1 F3547 X119.38 Y471.58 Z60 E6.67
G1 F3547 X119.38 Y471.58 Z60 E6.67
G1 F3547 X119.38 Y471.58 Z60 E6.67
G1 F3547 X119.38 Y471.58 Z60 E6.67
G1 F3547 X119.38 Y471.58 Z60 E6.67
G1 F3547 X119.38 Y471.58 Z60 E6.67
G1 F3547 X119.38 Y471.58 Z60 E6.67
G1 F3547 X119.38 Y471.58 Z60 E6.67
G1 F3547 X119.38 Y471.58 Z60 E6.67
G1 F3547 X119.38 Y471.58 Z60 E6.67
G1 F3547 X119.38 Y471.58 Z60 E6.67
G1 F3547 X119.38 Y471.58 Z60 E6.67
G1 F3547 X119.38 Y471.58 Z60 E6.67
G1 F3547 X119.38 Y471.58 Z60 E6.67
G1 F3547 X119.38 Y471.58 Z60 E6.67
G1 F3547 X119.38 Y471.58 Z60 E6.67
G1 F3547 X119.38 Y471.58 Z60 E6.67
G1 F3547 X119.38 Y471.58 Z60 E6.67
G1 F3547 X119.38 Y471.58 Z60 E6.67
G1 F3547 X119.38 Y471.58 Z60 E6.67
G1 F3547 X119.38 Y471.58 Z60 E6.67
G1 F3547 X119.38 Y471.58 Z60 E6.67
G1 F3547 X119.38 Y471.58 Z60 E6.67
G1 F3547 X119.38 Y471.58 Z60 E6.67
G1 F3547 X119.38 Y471.58 Z60 E6.67
G1 F3547 X119.38 Y471.58 Z60 E6.67
G1 F3547 X119.38 Y471.58 Z60 E6.67
G1 F3547 X119.38 Y471.58 Z60 E6.67
G1 F3547 X119.38 Y471.58 Z60 E6.67
G1 F3547 X119.38 Y471.58 Z60 E6.67
G1 F3547 X119.38 Y471.58 Z60 E6.67
G1 F3547 X119.38 Y471.58 Z60 E6.67
G1 F3547 X119.38 Y471.58 Z60 E6.67
G1 F3547 X119.38 Y471.58 Z60 E6.67
G1 F3547 X119.38 Y471.58 Z60 E6.67
G1 F3547 X119.38 Y471.58 Z60 E6.67
G1 F3547 X119.38 Y471.58 Z60 E6.67
G1 F3547 X119.38 Y471.58 Z60 E6.67
G1 F3547 X119.38 Y471.58 Z60 E6.67
G1 F3547 X119.38 Y471.58 Z60 E6.67
G1 F3547 X119.38 Y471.58 Z60 E6.67
G1 F3547 X119.38 Y471.58 Z60 E6.67
G1 F3547 X119.38 Y471.58 Z60 E6.67
G1 F3547 X119.38 Y471.58 Z60 E6.67
G1 F3547 X119.38 Y471.58 Z60 E6.67
G1 F3547 X119.38 Y471.58 Z60 E6.67
G1 F3547 X119.38 Y471.58 Z60 E6.67
G1 F3547 X119.38 Y471.58 Z60 E6.67
G1 F3547 X119.38 Y471.58 Z60 E6.67
G1 F3547 X119.38 Y471.58 Z60 E6.67
G1 F3547 X119.38 Y471.58 Z60 E6.67
G1 F3547 X119.38 Y471.58 Z60 E6.67
G1 F3547 X119.38 Y471.58 Z60 E6.67
G1 F3547 X119.38 Y471.58 Z60 E6.67
G1 F3547 X119.38 Y471.58 Z60 E6.67
G1 F3547 X119.38 Y471.58 Z60 E6.67
G1 F3547 X119.38 Y471.58 Z60 E6.67
G1 F3547 X119.38 Y471.58 Z60 E6.67
G1 F3547 X119.38 Y471.58 Z60 E6.67
G1 F3547 X119.38 Y471.58 Z60 E6.67
G1 F3547 X119.38 Y471.58 Z60 E6.67
G1 F3547 X119.38 Y471.58 Z60 E6.67
G1 F3547 X119.38 Y471.58 Z60 E6.67
G1 F3547 X119.38 Y471.58 Z60 E6.67
G1 F3547 X119.38 Y471.58 Z60 E6.67
G1 F3547 X119.38 Y471.58 Z60 E6.67
G1 F3547 X119.38 Y471.58 Z60 E6.67
G1 F3547 X119.38 Y471.58 Z60 E6.67
G1 F3547 X119.38 Y471.58 Z60 E6.67
G1 F3547 X119.38 Y471.58 Z60 E6.67
G1 F3547 X119.38 Y471.58 Z60 E6.67
G1 F3547 X119.38 Y471.58 Z60 E6.67
G1 F3547 X119.38 Y471.58 Z60 E6.67
G1 F3547 X119.38 Y471.58 Z60 E6.67
G1 F3547 X119.38 Y471.58 Z60 E6.67
G1 F3547 X119.38 Y471.58 Z60 E6.67
G1 F3547 X119.38 Y471.58 Z60 E6.67
G1 F3547 X119.38 Y471.58 Z60 E6.67
G1 F3547 X119.38 Y471.58 Z60 E6.67
G1 F3547 X119.38 Y471.58 Z60 E6.67
G1 F3547 X119.38 Y471.58 Z60 E6.67
G1 F3547 X119.38 Y471.58 Z60 E6.67
G1 F3547 X119.38 Y471.58 Z60 E6.67
G1 F3547 X119.38 Y471.58 Z60 E6.67
G1 F3547 X119.38 Y471.58 Z60 E6.67
G1 F3547 X119.38 Y471.58 Z60 E6.67
G1 F3547 X119.38 Y471.58 Z60 E6.67
G1 F3547 X119.38 Y471.58 Z60 E6.67
G1 F3547 X119.38 Y471.58 Z60 E6.67
G1 F3547 X119.38 Y471.58 Z60 E6.67
G1 F3547 X119.38 Y471.58 Z60 E6.67
G1 F3547 X119.38 Y471.58 Z60 E6.67
G1 F3547 X119.38 Y471.58 Z60 E6.67
G1 F3547 X119.38 Y471.58 Z60 E6.67
G1 F3547 X119.38 Y471.58 Z60 E6.67
G1 F3547 X119.38 Y471.58 Z60 E6.67
G1 F3547 X119.38 Y471.58 Z60 E6.67
G1 F3547 X119.38 Y471.58 Z60 E6.67
G1 F3547 X119.38 Y471.58 Z60 E6.67
G1 F3547 X119.38 Y471.58 Z60 E6.67
G1 F3547 X119.38 Y471.58 Z60 E6.67
G1 F3547 X119.38 Y471.58 Z60 E6.67
G1 F3547 X119.38 Y471.58 Z60 E6.67
G1 F3547 X119.38 Y471.58 Z60 E6.67
G1 F3547 X119.38 Y471.58 Z60 E6.67
G1 F3547 X119.38 Y471.58 Z60 E6.67
G1 F3547 X119.38 Y471.58 Z60 E6.67
G1 F3547 X119.38 Y471.58 Z60 E6.67
G1 F3547 X119.38 Y471.58 Z60 E6.67
G1 F3547 X119.38 Y471.58 Z60 E6.67
G1 F3547 X119.38 Y471.58 Z60 E6.67
G1 F3547 X119.38 Y471.58 Z60 E6.67
G1 F3547 X119.38 Y471.58 Z60 E6.67
G1 F3547 X119.38 Y471.58 Z60 E6.67
G1 F3547 X119.38 Y471.58 Z60 E6.67
G1 F3547 X119.38 Y471.58 Z60 E6.67
G1 F3547 X119.38 Y471.58 Z60 E6.67
G1 F3547 X119.38 Y471.58 Z60 E6.67
G1 F3547 X119.38 Y471.58 Z60 E6.67
G1 F3547 X119.38 Y471.58 Z60 E6.67
G1 F3547 X119.38 Y471.58 Z60 E6.67
G1 F3547 X119.38 Y471.58 Z60 E6.67
G1 F3547 X119.38 Y471.58 Z60 E6.67
G1 F3547 X119.38 Y471.58 Z60 E6.67
G1 F3547 X119.38 Y471.58 Z60 E6.67
G1 F3547 X119.38 Y471.58 Z60 E6.67
G1 F3547 X119.38 Y471.58 Z60 E6.67
G1 F3547 X119.38 Y471.58 Z60 E6.67
G1 F3547 X119.38 Y471.58 Z60 E6.67
G1 F3547 X119.38 Y471.58 Z60 E6.67
G1 F3547 X119.38 Y471.58 Z60 E6.67
G1 F3547 X119.38 Y471.58 Z60 E6.67
G1 F3547 X119.38 Y471.58 Z60 E6.67
G1 F3547 X119.38 Y471.58 Z60 E6.67
G1 F3547 X119.38 Y471.58 Z60 E6.67
G1 F3547 X119.38 Y471.58 Z60 E6.67
G1 F3547 X119.38 Y471.58 Z60 E6.67
G1 F3547 X119.38 Y471.58 Z60 E6.67
G1 F3547 X119.38 Y471.58 Z60 E6.67
G1 F3547 X119.38 Y471.58 Z60 E6.67
G1 F3547 X119.38 Y471.58 Z60 E6.67
G1 F3547 X119.38 Y471.58 Z60 E6.67
G1 F3547 X119.38 Y471.58 Z60 E6.67
G1 F3547 X119.38 Y471.58 Z60 E6.67
G1 F3547 X119.38 Y471.58 Z60 E6.67
G1 F3547 X119.38 Y471.58 Z60 E6.67
G1 F3547 X119.38 Y471.58 Z60 E6.67
G1 F3547 X119.38 Y471.58 Z60 E6.67
G1 F3547 X119.38 Y471.58 Z60 E6.67
G1 F3547 X119.38 Y471.58 Z60 E6.67
G1 F3547 X119.38 Y471.58 Z60 E6.67
G1 F3547 X119.38 Y471.58 Z60 E6.67
G1 F3547 X119.38 Y471.58 Z60 E6.67
G1 F3547 X119.38 Y471.58 Z60 E6.67
G1 F3547 X119.38 Y471.58 Z60 E6.67
G1 F3547 X119.38 Y471.58 Z60 E6.67
G1 F3547 X119.38 Y471.58 Z60 E6.67
G1 F3547 X119.38 Y471.58 Z60 E6.67
G1 F3547 X119.38 Y471.58 Z60 E6.67
G1 F3547 X119.38 Y471.58 Z60 E6.67
G1 F3547 X119.38 Y471.58 Z60 E6.67
G1 F3547 X119.38 Y471.58 Z60 E6.67
G1 F3547 X119.38 Y471.58 Z60 E6.67
G1 F3547 X119.38 Y471.58 Z60 E6.67
G1 F3547 X119.38 Y471.58 Z60 E6.67
G1 F3547 X119.38 Y471.58 Z60 E6.67
G1 F3547 X119.38 Y471.58 Z60 E6.67
G1 F3547 X119.38 Y471.58 Z60 E6.67
G1 F3547 X119.38 Y471.58 Z60 E6.67
G1 F3547 X119.38 Y471.58 Z60 E6.67
G1 F3547 X119.38 Y471.58 Z60 E6.67
G1 F3547 X119.38 Y471.58 Z60 E6.67
G1 F3547 X119.38 Y471.58 Z60 E6.67
G1 F3547 X119.38 Y471.58 Z60 E6.67
G1 F3547 X119.38 Y471.58 Z60 E6.67
G1 F3547 X119.38 Y471.58 Z60 E6.67
G1 F3547 X119.38 Y471.58 Z60 E6.67
G1 F3547 X119.38 Y471.58 Z60 E6.67
G1 F3547 X119.38 Y471.58 Z60 E6.67
G1 F3547 X119.38 Y471.58 Z60 E6.67
G1 F3547 X119.38 Y471.58 Z60 E6.67
G1 F3547 X119.38 Y471.58 Z60 E6.67
G1 F3547 X119.38 Y471.58 Z60 E6.67
G1 F3547 X119.38 Y471.58 Z60 E6.67
G1 F3547 X119.38 Y471.58 Z60 E6.67
G1 F3547 X119.38 Y471.58 Z60 E6.67
G1 F3547 X119.38 Y471.58 Z60 E6.67
G1 F3547 X119.38 Y471.58 Z60 E6.67
G1 F3547 X119.38 Y471.58 Z60 E6.67
G1 F3547 X119.38 Y471.58 Z60 E6.67
G1 F3547 X119.38 Y471.58 Z60 E6.67
G1 F3547 X119.38 Y471.58 Z60 E6.67
G1 F3547 X119.38 Y471.58 Z60 E6.67
G1 F3547 X119.38 Y471.58 Z60 E6.67
G1 F3547 X119.38 Y471.58 Z60 E6.67
G1 F3547 X119.38 Y471.58 Z60 E6.67
G1 F3547 X119.38 Y471.58 Z60 E6.67
G1 F3547 X119.38 Y471.58 Z60 E6.67
G1 F3547 X119.38 Y471.58 Z60 E6.67
G1 F3547 X119.38 Y471.58 Z60 E6.67
G1 F3547 X119.38 Y471.58 Z60 E6.67
G1 F3547 X119.38 Y471.58 Z60 E6.67
G1 F3547 X119.38 Y471.58 Z60 E6.67
G1 F3547 X119.38 Y471.58 Z60 E6.67
G1 F3547 X119.38 Y471.58 Z60 E6.67
G1 F3547 X119.38 Y471.58 Z60 E6.67
G1 F3547 X119.38 Y471.58 Z60 E6.67
G1 F3547 X119.38 Y471.58 Z60 E6.67
G1 F3547 X119.38 Y471.58 Z60 E6.67
G1 F3547 X119.38 Y471.58 Z60 E6.67
G1 F3547 X119.38 Y471.58 Z60 E6.67
G1 F3547 X119.38 Y471.58 Z60 E6.67
G1 F3547 X119.38 Y471.58 Z60 E6.67
G1 F3547 X119.38 Y471.58 Z60 E6.67
G1 F3547 X119.38 Y471.58 Z60 E6.67
G1 F3547 X119.38 Y471.58 Z60 E6.67
G1 F3547 X119.38 Y471.58 Z60 E6.67
G1 F3547 X119.38 Y471.58 Z60 E6.67
G1 F3547 X119.38 Y471.58 Z60 E6.67
G1 F3547 X119.38 Y471.58 Z60 E6.67
G1 F3547 X119.38 Y471.58 Z60 E6.67
G1 F3547 X119.38 Y471.58 Z60 E6.67
G1 F3547 X119.38 Y471.58 Z60 E6.67
G1 F3547 X119.38 Y471.58 Z60 E6.67
G1 F3547 X119.38 Y471.58 Z60 E6.67
G1 F3547 X119.38 Y471.58 Z60 E6.67
G1 F3547 X119.38 Y471.58 Z60 E6.67
G1 F3547 X119.38 Y471.58 Z60 E6.67
G1 F3547 X119.38 Y471.58 Z60 E6.67
G1 F3547 X119.38 Y471.58 Z60 E6.67
G1 F3547 X119.38 Y471.58 Z60 E6.67
G1 F3547 X119.38 Y471.58 Z60 E6.67
G1 F3547 X119.38 Y471.58 Z60 E6.67
G1 F3547 X119.38 Y471.58 Z60 E6.67
G1 F3547 X119.38 Y471.58 Z60 E6.67
G1 F3547 X119.38 Y471.58 Z60 E6.67
G1 F3547 X119.38 Y471.58 Z60 E6.67
G1 F3547 X119.38 Y471.58 Z60 E6.67
G1 F3547 X119.38 Y471.58 Z60 E6.67
G1 F3547 X119.38 Y471.58 Z60 E6.67
G1 F3547 X119.38 Y471.58 Z60 E6.67
G1 F3547 X119.38 Y471.58 Z60 E6.67
G1 F3547 X119.38 Y471.58 Z60 E6.67
G1 F3547 X119.38 Y471.58 Z60 E6.67
G1 F3547 X119.38 Y471.58 Z60 E6.67
G1 F3547 X119.38 Y471.58 Z60 E6.67
G1 F3547 X119.38 Y471.58 Z60 E6.67
G1 F3547 X119.38 Y471.58 Z60 E6.67
G1 F3547 X119.38 Y471.58 Z60 E6.67
G1 F3547 X119.38 Y471.58 Z60 E6.67
G1 F3547 X119.38 Y471.58 Z60 E6.67
G1 F3547 X119.38 Y471.58 Z60 E6.67
G1 F3547 X119.38 Y471.58 Z60 E6.67
G1 F3547 X119.38 Y471.58 Z60 E6.67
G1 F3547 X119.38 Y471.58 Z60 E6.67
G1 F3547 X119.38 Y471.58 Z60 E6.67
G1 F3547 X119.38 Y471.58 Z60 E6.67
G1 F3547 X119.38 Y471.58 Z60 E6.67
G1 F3547 X119.38 Y471.58 Z60 E6.67
G1 F3547 X119.38 Y471.58 Z60 E6.67
G1 F3547 X119.38 Y471.58 Z60 E6.67
G1 F3547 X119.38 Y471.58 Z60 E6.67
G1 F3547 X119.38 Y471.58 Z60 E6.67
G1 F3547 X119.38 Y471.58 Z60 E6.67
G1 F3547 X119.38 Y471.58 Z60 E6.67
G1 F3547 X119.38 Y471.58 Z60 E6.67
G1 F3547 X119.38 Y471.58 Z60 E6.67
G1 F3547 X119.38 Y471.58 Z60 E6.67
G1 F3547 X119.38 Y471.58 Z60 E6.67
G1 F3547 X119.38 Y471.58 Z60 E6.67
G1 F3547 X119.38 Y471.58 Z60 E6.67
G1 F3547 X119.38 Y471.58 Z60 E6.67
G1 F3547 X119.38 Y471.58 Z60 E6.67
G1 F3547 X119.38 Y471.58 Z60 E6.67
G1 F3547 X119.38 Y471.58 Z60 E6.67
G1 F3547 X119.38 Y471.58 Z60 E6.67
G1 F3547 X119.38 Y471.58 Z60 E6.67
G1 F3547 X119.38 Y471.58 Z60 E6.67
G1 F3547 X119.38 Y471.58 Z60 E6.67
G1 F3547 X119.38 Y471.58 Z60 E6.67
G1 F3547 X119.38 Y471.58 Z60 E6.67
G1 F3547 X119.38 Y471.58 Z60 E6.67
G1 F3547 X119.38 Y471.58 Z60 E6.67
G1 F3547 X119.38 Y471.58 Z60 E6.67
G1 F3547 X119.38 Y471.58 Z60 E6.67
G1 F3547 X119.38 Y471.58 Z60 E6.67
G1 F3547 X119.38 Y471.58 Z60 E6.67
G1 F3547 X119.38 Y471.58 Z60 E6.67
G1 F3547 X119.38 Y471.58 Z60 E6.67
G1 F3547 X119.38 Y471.58 Z60 E6.67
G1 F3547 X119.38 Y471.58 Z60 E6.67
G1 F3547 X119.38 Y471.58 Z60 E6.67
G1 F3547 X119.38 Y471.58 Z60 E6.67
G1 F3547 X119.38 Y471.58 Z60 E6.67
G1 F3547 X119.38 Y471.58 Z60 E6.67
G1 F3547 X119.38 Y471.58 Z60 E6.67
G1 F3547 X119.38 Y471.58 Z60 E6.67
G1 F3547 X119.38 Y471.58 Z60 E6.67
G1 F3547 X119.38 Y471.58 Z60 E6.67
G1 F3547 X119.38 Y471.58 Z60 E6.67
G1 F3547 X119.38 Y471.58 Z60 E6.67
G1 F3547 X119.38 Y471.58 Z60 E6.67
G1 F3547 X119.38 Y471.58 Z60 E6.67
G1 F3547 X119.38 Y471.58 Z60 E6.67
G1 F3547 X119.38 Y471.58 Z60 E6.67
G1 F3547 X119.38 Y471.58 Z60 E6.67
G1 F3547 X119.38 Y471.58 Z60 E6.67
G1 F3547 X119.38 Y471.58 Z60 E6.67
G1 F3547 X119.38 Y471.58 Z60 E6.67
G1 F3547 X119.38 Y471.58 Z60 E6.67
G1 F3547 X119.38 Y471.58 Z60 E6.67
G1 F3547 X119.38 Y471.58 Z60 E6.67
G1 F3547 X119.38 Y471.58 Z60 E6.67
G1 F3547 X119.38 Y471.58 Z60 E6.67
G1 F3547 X119.38 Y471.58 Z60 E6.67
G1 F3547 X119.38 Y471.58 Z60 E6.67
G1 F3547 X119.38 Y471.58 Z60 E6.67
G1 F3547 X119.38 Y471.58 Z60 E6.67
G1 F3547 X119.38 Y471.58 Z60 E6.67
G1 F3547 X119.38 Y471.58 Z60 E6.67
G1 F3547 X119.38 Y471.58 Z60 E6.67
G1 F3547 X119.38 Y471.58 Z60 E6.67
G1 F3547 X119.38 Y471.58 Z60 E6.67
G1 F3547 X119.38 Y471.58 Z60 E6.67
G1 F3547 X119.38 Y471.58 Z60 E6.67
G1 F3547 X119.38 Y471.58 Z60 E6.67
G1 F3547 X119.38 Y471.58 Z60 E6.67
G1 F3547 X119.38 Y471.58 Z60 E6.67
G1 F3547 X119.38 Y471.58 Z60 E6.67
G1 F3547 X119.38 Y471.58 Z60 E6.67
G1 F3547 X119.38 Y471.58 Z60 E6.67
G1 F3547 X119.38 Y471.58 Z60 E6.67
G1 F3547 X119.38 Y471.58 Z60 E6.67
G1 F3547 X119.38 Y471.58 Z60 E6.67
G1 F3547 X119.38 Y471.58 Z60 E6.67
G1 F3547 X119.38 Y471.58 Z60 E6.67
G1 F3547 X119.38 Y471.58 Z60 E6.67
G1 F3547 X119.38 Y471.58 Z60 E6.67
G1 F3547 X119.38 Y471.58 Z60 E6.67
G1 F3547 X119.38 Y471.58 Z60 E6.67
G1 F3547 X119.38 Y471.58 Z60 E6.67
G1 F3547 X119.38 Y471.58 Z60 E6.67
G1 F3547 X119.38 Y471.58 Z60 E6.67
G1 F3547 X119.38 Y471.58 Z60 E6.67
G1 F3547 X119.38 Y471.58 Z60 E6.67
G1 F3547 X119.38 Y471.58 Z60 E6.67
G1 F3547 X119.38 Y471.58 Z60 E6.67
G1 F3547 X119.38 Y471.58 Z60 E6.67
G1 F3547 X119.38 Y471.58 Z60 E6.67
G1 F3547 X119.38 Y471.58 Z60 E6.67
G1 F3547 X119.38 Y471.58 Z60 E6.67
G1 F3547 X119.38 Y471.58 Z60 E6.67
G1 F3547 X119.38 Y471.58 Z60 E6.67
G1 F3547 X119.38 Y471.58 Z60 E6.67
G1 F3547 X119.38 Y471.58 Z60 E6.67
G1 F3547 X119.38 Y471.58 Z60 E6.67
G1 F3547 X119.38 Y471.58 Z60 E6.67
G1 F3547 X119.38 Y471.58 Z60 E6.67
G1 F3547 X119.38 Y471.58 Z60 E6.67
G1 F3547 X119.38 Y471.58 Z60 E6.67
G1 F3547 X119.38 Y471.58 Z60 E6.67
G1 F3547 X119.38 Y471.58 Z60 E6.67
G1 F3547 X119.38 Y471.58 Z60 E6.67
G1 F3547 X119.38 Y471.58 Z60 E6.67
G1 F3547 X119.38 Y471.58 Z60 E6.67
G1 F3547 X119.38 Y471.58 Z60 E6.67
G1 F3547 X119.38 Y471.58 Z60 E6.67
G1 F3547 X119.38 Y471.58 Z60 E6.67
G1 F3547 X119.38 Y471.58 Z60 E6.67
G1 F3547 X119.38 Y471.58 Z60 E6.67
G1 F3547 X119.38 Y471.58 Z60 E6.67
G1 F3547 X119.38 Y471.58 Z60 E6.67
G1 F3547 X119.38 Y471.58 Z60 E6.67
G1 F3547 X119.38 Y471.58 Z60 E6.67
G1 F3547 X119.38 Y471.58 Z60 E6.67
G1 F3547 X119.38 Y471.58 Z60 E6.67
G1 F3547 X119.38 Y471.58 Z60 E6.67
G1 F3547 X119.38 Y471.58 Z60 E6.67
G1 F3547 X119.38 Y471.58 Z60 E6.67
G1 F3547 X119.38 Y471.58 Z60 E6.67
G1 F3547 X119.38 Y471.58 Z60 E6.67
G1 F3547 X119.38 Y471.58 Z60 E6.67
G1 F3547 X119.38 Y471.58 Z60 E6.67
G1 F3547 X119.38 Y471.58 Z60 E6.67
G1 F3547 X119.38 Y471.58 Z60 E6.67
G1 F3547 X119.38 Y471.58 Z60 E6.67
G1 F3547 X119.38 Y471.58 Z60 E6.67
G1 F3547 X119.38 Y471.58 Z60 E6.67
G1 F3547 X119.38 Y471.58 Z60 E6.67
G1 F3547 X119.38 Y471.58 Z60 E6.67
G1 F3547 X119.38 Y471.58 Z60 E6.67
G1 F3547 X119.38 Y471.58 Z60 E6.67
G1 F3547 X119.38 Y471.58 Z60 E6.67
G1 F3547 X119.38 Y471.58 Z60 E6.67
G1 F3547 X119.38 Y471.58 Z60 E6.67
G1 F3547 X119.38 Y471.58 Z60 E6.67
G1 F3547 X119.38 Y471.58 Z60 E6.67
G1 F3547 X119.38 Y471.58 Z60 E6.67
G1 F3547 X119.38 Y471.58 Z60 E6.67
G1 F3547 X119.38 Y471.58 Z60 E6.67
G1 F3547 X119.38 Y471.58 Z60 E6.67
G1 F3547 X119.38 Y471.58 Z60 E6.67
G1 F3547 X119.38 Y471.58 Z60 E6.67
G1 F3547 X119.38 Y471.58 Z60 E6.67
G1 F3547 X119.38 Y471.58 Z60 E6.67
G1 F3547 X119.38 Y471.58 Z60 E6.67
G1 F3547 X119.38 Y471.58 Z60 E6.67
G1 F3547 X119.38 Y471.58 Z60 E6.67
G1 F3547 X119.38 Y471.58 Z60 E6.67
G1 F3547 X119.38 Y471.58 Z60 E6.67
G1 F3547 X119.38 Y471.58 Z60 E6.67
G1 F3547 X119.38 Y471.58 Z60 E6.67
G1 F3547 X119.38 Y471.58 Z60 E6.67
G1 F3547 X119.38 Y471.58 Z60 E6.67
G1 F3547 X119.38 Y471.58 Z60 E6.67
G1 F3547 X119.38 Y471.58 Z60 E6.67
G1 F3547 X119.38 Y471.58 Z60 E6.67
G1 F3547 X119.38 Y471.58 Z60 E6.67
G1 F3547 X119.38 Y471.58 Z60 E6.67
G1 F3547 X119.38 Y471.58 Z60 E6.67
G1 F3547 X119.38 Y471.58 Z60 E6.67
G1 F3547 X119.38 Y471.58 Z60 E6.67
G1 F3547 X119.38 Y471.58 Z60 E6.67
G1 F3547 X119.38 Y471.58 Z60 E6.67
G1 F3547 X119.38 Y471.58 Z60 E6.67
G1 F3547 X119.38 Y471.58 Z60 E6.67
G1 F3547 X119.38 Y471.58 Z60 E6.67
G1 F3547 X119.38 Y471.58 Z60 E6.67
G1 F3547 X119.38 Y471.58 Z60 E6.67
G1 F3547 X119.38 Y471.58 Z60 E6.67
G1 F3547 X119.38 Y471.58 Z60 E6.67
G1 F3547 X119.38 Y471.58 Z60 E6.67
G1 F3547 X119.38 Y471.58 Z60 E6.67
G1 F3547 X119.38 Y471.58 Z60 E6.67
G1 F3547 X119.38 Y471.58 Z60 E6.67
G1 F3547 X119.38 Y471.58 Z60 E6.67
G1 F3547 X119.38 Y471.58 Z60 E6.67
G1 F3547 X119.38 Y471.58 Z60 E6.67
G1 F3547 X119.38 Y471.58 Z60 E6.67
G1 F3547 X119.38 Y471.58 Z60 E6.67
G1 F3547 X119.38 Y471.58 Z60 E6.67
G1 F3547 X119.38 Y471.58 Z60 E6.67
G1 F3547 X119.38 Y471.58 Z60 E6.67
G1 F3547 X119.38 Y471.58 Z60 E6.67
G1 F3547 X119.38 Y471.58 Z60 E6.67
G1 F3547 X119.38 Y471.58 Z60 E6.67
G1 F3547 X119.38 Y471.58 Z60 E6.67
G1 F3547 X119.38 Y471.58 Z60 E6.67
G1 F3547 X119.38 Y471.58 Z60 E6.67
G1 F3547 X119.38 Y471.58 Z60 E6.67
G1 F3547 X119.38 Y471.58 Z60 E6.67
G1 F3547 X119.38 Y471.58 Z60 E6.67
G1 F3547 X119.38 Y471.58 Z60 E6.67
G1 F3547 X119.38 Y471.58 Z60 E6.67
G1 F3547 X119.38 Y471.58 Z60 E6.67
G1 F3547 X119.38 Y471.58 Z60 E6.67
G1 F3547 X119.38 Y471.58 Z60 E6.67
G1 F3547 X119.38 Y471.58 Z60 E6.67
G1 F3547 X119.38 Y471.58 Z60 E6.67
G1 F3547 X119.38 Y471.58 Z60 E6.67
G1 F3547 X119.38 Y471.58 Z60 E6.67
G1 F3547 X119.38 Y471.58 Z60 E6.67
G1 F3547 X119.38 Y471.58 Z60 E6.67
G1 F3547 X119.38 Y471.58 Z60 E6.67
G1 F3547 X119.38 Y471.58 Z60 E6.67
G1 F3547 X119.38 Y471.58 Z60 E6.67
G1 F3547 X119.38 Y471.58 Z60 E6.67
G1 F3547 X119.38 Y471.58 Z60 E6.67
G1 F3547 X119.38 Y471.58 Z60 E6.67
G1 F3547 X119.38 Y471.58 Z60 E6.67
G1 F3547 X119.38 Y471.58 Z60 E6.67
G1 F3547 X119.38 Y471.58 Z60 E6.67
G1 F3547 X119.38 Y471.58 Z60 E6.67
G1 F3547 X119.38 Y471.58 Z60 E6.67
G1 F3547 X119.38 Y471.58 Z60 E6.67
G1 F3547 X119.38 Y471.58 Z60 E6.67
G1 F3547 X119.38 Y471.58 Z60 E6.67
G1 F3547 X119.38 Y471.58 Z60 E6.67
G1 F3547 X119.38 Y471.58 Z60 E6.67
G1 F3547 X119.38 Y471.58 Z60 E6.67
G1 F3547 X119.38 Y471.58 Z60 E6.67
G1 F3547 X119.38 Y471.58 Z60 E6.67
G1 F3547 X119.38 Y471.58 Z60 E6.67
G1 F3547 X119.38 Y471.58 Z60 E6.67
G1 F3547 X119.38 Y471.58 Z60 E6.67
G1 F3547 X119.38 Y471.58 Z60 E6.67
G1 F3547 X119.38 Y471.58 Z60 E6.67
G1 F3547 X119.38 Y471.58 Z60 E6.67
G1 F3547 X119.38 Y471.58 Z60 E6.67
G1 F3547 X119.38 Y471.58 Z60 E6.67
G1 F3547 X119.38 Y471.58 Z60 E6.67
G1 F3547 X119.38 Y471.58 Z60 E6.67
G1 F3547 X119.38 Y471.58 Z60 E6.67
G1 F3547 X119.38 Y471.58 Z60 E6.67
G1 F3547 X119.38 Y471.58 Z60 E6.67
G1 F3547 X119.38 Y471.58 Z60 E6.67
G1 F3547 X119.38 Y471.58 Z60 E6.67
G1 F3547 X119.38 Y471.58 Z60 E6.67
G1 F3547 X119.38 Y471.58 Z60 E6.67
G1 F3547 X119.38 Y471.58 Z60 E6.67
G1 F3547 X119.38 Y471.58 Z60 E6.67
G1 F3547 X119.38 Y471.58 Z60 E6.67
G1 F3547 X119.38 Y471.58 Z60 E6.67
G1 F3547 X119.38 Y471.58 Z60 E6.67
G1 F3547 X119.38 Y471.58 Z60 E6.67
G1 F3547 X119.38 Y471.58 Z60 E6.67
G1 F3547 X119.38 Y471.58 Z60 E6.67
G1 F3547 X119.38 Y471.58 Z60 E6.67
G1 F3547 X119.38 Y471.58 Z60 E6.67
G1 F3547 X119.38 Y471.58 Z60 E6.67
G1 F3547 X119.38 Y471.58 Z60 E6.67
G1 F3547 X119.38 Y471.58 Z60 E6.67
G1 F3547 X119.38 Y471.58 Z60 E6.67
G1 F3547 X119.38 Y471.58 Z60 E6.67
G1 F3547 X119.38 Y471.58 Z60 E6.67
G1 F3547 X119.38 Y471.58 Z60 E6.67
G1 F3547 X119.38 Y471.58 Z60 E6.67
G1 F3547 X119.38 Y471.58 Z60 E6.67
G1 F3547 X119.38 Y471.58 Z60 E6.67
G1 F3547 X119.38 Y471.58 Z60 E6.67
G1 F3547 X119.38 Y471.58 Z60 E6.67
G1 F3547 X119.38 Y471.58 Z60 E6.67
G1 F3547 X119.38 Y471.58 Z60 E6.67
G1 F3547 X119.38 Y471.58 Z60 E6.67
G1 F3547 X119.38 Y471.58 Z60 E6.67
G1 F3547 X119.38 Y471.58 Z60 E6.67
G1 F3547 X119.38 Y471.58 Z60 E6.67
G1 F3547 X119.38 Y471.58 Z60 E6.67
G1 F3547 X119.38 Y471.58 Z60 E6.67
G1 F3547 X119.38 Y471.58 Z60 E6.67
G1 F3547 X119.38 Y471.58 Z60 E6.67
G1 F3547 X119.38 Y471.58 Z60 E6.67
G1 F3547 X119.38 Y471.58 Z60 E6.67
G1 F3547 X119.38 Y471.58 Z60 E6.67
G1 F3547 X119.38 Y471.58 Z60 E6.67
G1 F3547 X119.38 Y471.58 Z60 E6.67
G1 F3547 X119.38 Y471.58 Z60 E6.67
G1 F3547 X119.38 Y471.58 Z60 E6.67
G1 F3547 X119.38 Y471.58 Z60 E6.67
G1 F3547 X119.38 Y471.58 Z60 E6.67
G1 F3547 X119.38 Y471.58 Z60 E6.67
G1 F3547 X119.38 Y471.58 Z60 E6.67
G1 F3547 X119.38 Y471.58 Z60 E6.67
G1 F3547 X119.38 Y471.58 Z60 E6.67
G1 F3547 X119.38 Y471.58 Z60 E6.67
G1 F3547 X119.38 Y471.58 Z60 E6.67
G1 F3547 X119.38 Y471.58 Z60 E6.67
G1 F3547 X119.38 Y471.58 Z60 E6.67
G1 F3547 X119.38 Y471.58 Z60 E6.67
G1 F3547 X119.38 Y471.58 Z60 E6.67
G1 F3547 X119.38 Y471.58 Z60 E6.67
G1 F3547 X119.38 Y471.58 Z60 E6.67
G1 F3547 X119.38 Y471.58 Z60 E6.67
G1 F3547 X119.38 Y471.58 Z60 E6.67
G1 F3547 X119.38 Y471.58 Z60 E6.67
G1 F3547 X119.38 Y471.58 Z60 E6.67
G1 F3547 X119.38 Y471.58 Z60 E6.67
G1 F3547 X119.38 Y471.58 Z60 E6.67
G1 F3547 X119.38 Y471.58 Z60 E6.67
G1 F3547 X119.38 Y471.58 Z60 E6.67
G1 F3547 X119.38 Y471.58 Z60 E6.67
G1 F3547 X119.38 Y471.58 Z60 E6.67
G1 F3547 X119.38 Y471.58 Z60 E6.67
G1 F3547 X119.38 Y471.58 Z60 E6.67
G1 F3547 X119.38 Y471.58 Z60 E6.67
G1 F3547 X119.38 Y471.58 Z60 E6.67
G1 F3547 X119.38 Y471.58 Z60 E6.67
G1 F3547 X119.38 Y471.58 Z60 E6.67
G1 F3547 X119.38 Y471.58 Z60 E6.67
G1 F3547 X119.38 Y471.58 Z60 E6.67
G1 F3547 X119.38 Y471.58 Z60 E6.67
G1 F3547 X119.38 Y471.58 Z60 E6.67
G1 F3547 X119.38 Y471.58 Z60 E6.67
G1 F3547 X119.38 Y471.58 Z60 E6.67
G1 F3547 X119.38 Y471.58 Z60 E6.67
G1 F3547 X119.38 Y471.58 Z60 E6.67
G1 F3547 X119.38 Y471.58 Z60 E6.67
G1 F3547 X119.38 Y471.58 Z60 E6.67
G1 F3547 X119.38 Y471.58 Z60 E6.67
G1 F3547 X119.38 Y471.58 Z60 E6.67
G1 F3547 X119.38 Y471.58 Z60 E6.67
G1 F3547 X119.38 Y471.58 Z60 E6.67
G1 F3547 X119.38 Y471.58 Z60 E6.67
G1 F3547 X119.38 Y471.58 Z60 E6.67
G1 F3547 X119.38 Y471.58 Z60 E6.67
G1 F3547 X119.38 Y471.58 Z60 E6.67
G1 F3547 X119.38 Y471.58 Z60 E6.67
G1 F3547 X119.38 Y471.58 Z60 E6.67
G1 F3547 X119.38 Y471.58 Z60 E6.67
G1 F3547 X119.38 Y471.58 Z60 E6.67
G1 F3547 X119.38 Y471.58 Z60 E6.67
G1 F3547 X119.38 Y471.58 Z60 E6.67
G1 F3547 X119.38 Y471.58 Z60 E6.67
G1 F3547 X119.38 Y471.58 Z60 E6.67
G1 F3547 X119.38 Y471.58 Z60 E6.67
G1 F3547 X119.38 Y471.58 Z60 E6.67
G1 F3547 X119.38 Y471.58 Z60 E6.67
G1 F3547 X119.38 Y471.58 Z60 E6.67
G1 F3547 X119.38 Y471.58 Z60 E6.67
G1 F3547 X119.38 Y471.58 Z60 E6.67
G1 F3547 X119.38 Y471.58 Z60 E6.67
G1 F3547 X119.38 Y471.58 Z60 E6.67
G1 F3547 X119.38 Y471.58 Z60 E6.67
G1 F3547 X119.38 Y471.58 Z60 E6.67
G1 F3547 X119.38 Y471.58 Z60 E6.67
G1 F3547 X119.38 Y471.58 Z60 E6.67
G1 F3547 X119.38 Y471.58 Z60 E6.67
G1 F3547 X119.38 Y471.58 Z60 E6.67
G1 F3547 X119.38 Y471.58 Z60 E6.67
G1 F3547 X119.38 Y471.58 Z60 E6.67
G1 F3547 X119.38 Y471.58 Z60 E6.67
G1 F3547 X119.38 Y471.58 Z60 E6.67
G1 F3547 X119.38 Y471.58 Z60 E6.67
G1 F3547 X119.38 Y471.58 Z60 E6.67
G1 F3547 X119.38 Y471.58 Z60 E6.67
G1 F3547 X119.38 Y471.58 Z60 E6.67
G1 F3547 X119.38 Y471.58 Z60 E6.67
G1 F3547 X119.38 Y471.58 Z60 E6.67
G1 F3547 X119.38 Y471.58 Z60 E6.67
G1 F3547 X119.38 Y471.58 Z60 E6.67
G1 F3547 X119.38 Y471.58 Z60 E6.67
G1 F3547 X119.38 Y471.58 Z60 E6.67
G1 F3547 X119.38 Y471.58 Z60 E6.67
G1 F3547 X119.38 Y471.58 Z60 E6.67
G1 F3547 X119.38 Y471.58 Z60 E6.67
G1 F3547 X119.38 Y471.58 Z60 E6.67
G1 F3547 X119.38 Y471.58 Z60 E6.67
G1 F3547 X119.38 Y471.58 Z60 E6.67
G1 F3547 X119.38 Y471.58 Z60 E6.67
G1 F3547 X119.38 Y471.58 Z60 E6.67
G1 F3547 X119.38 Y471.58 Z60 E6.67
G1 F3547 X119.38 Y471.58 Z60 E6.67
G1 F3547 X119.38 Y471.58 Z60 E6.67
G1 F3547 X119.38 Y471.58 Z60 E6.67
G1 F3547 X119.38 Y471.58 Z60 E6.67
G1 F3547 X119.38 Y471.58 Z60 E6.67
G1 F3547 X119.38 Y471.58 Z60 E6.67
G1 F3547 X119.38 Y471.58 Z60 E6.67
G1 F3547 X119.38 Y471.58 Z60 E6.67
G1 F3547 X119.38 Y471.58 Z60 E6.67
G1 F3547 X119.38 Y471.58 Z60 E6.67
G1 F3547 X119.38 Y471.58 Z60 E6.67
G1 F3547 X119.38 Y471.58 Z60 E6.67
G1 F3547 X119.38 Y471.58 Z60 E6.67
G1 F3547 X119.38 Y471.58 Z60 E6.67
G1 F3547 X119.38 Y471.58 Z60 E6.67
G1 F3547 X119.38 Y471.58 Z60 E6.67
G1 F3547 X119.38 Y471.58 Z60 E6.67
G1 F3547 X119.38 Y471.58 Z60 E6.67
G1 F3547 X119.38 Y471.58 Z60 E6.67
G1 F3547 X119.38 Y471.58 Z60 E6.67
G1 F3547 X119.38 Y471.58 Z60 E6.67
G1 F3547 X119.38 Y471.58 Z60 E6.67
G1 F3547 X119.38 Y471.58 Z60 E6.67
G1 F3547 X119.38 Y471.58 Z60 E6.67
G1 F3547 X119.38 Y471.58 Z60 E6.67
G1 F3547 X119.38 Y471.58 Z60 E6.67
G1 F3547 X119.38 Y471.58 Z60 E6.67
G1 F3547 X119.38 Y471.58 Z60 E6.67
G1 F3547 X119.38 Y471.58 Z60 E6.67
G1 F3547 X119.38 Y471.58 Z60 E6.67
G1 F3547 X119.38 Y471.58 Z60 E6.67
G1 F3547 X119.38 Y471.58 Z60 E6.67
G1 F3547 X119.38 Y471.58 Z60 E6.67
G1 F3547 X119.38 Y471.58 Z60 E6.67
G1 F3547 X119.38 Y471.58 Z60 E6.67
G1 F3547 X119.38 Y471.58 Z60 E6.67
G1 F3547 X119.38 Y471.58 Z60 E6.67
G1 F3547 X119.38 Y471.58 Z60 E6.67
G1 F3547 X119.38 Y471.58 Z60 E6.67
G1 F3547 X119.38 Y471.58 Z60 E6.67
G1 F3547 X119.38 Y471.58 Z60 E6.67
G1 F3547 X119.38 Y471.58 Z60 E6.67
G1 F3547 X119.38 Y471.58 Z60 E6.67
G1 F3547 X119.38 Y471.58 Z60 E6.67
G1 F3547 X119.38 Y471.58 Z60 E6.67
G1 F3547 X119.38 Y471.58 Z60 E6.67
G1 F3547 X119.38 Y471.58 Z60 E6.67
G1 F3547 X119.38 Y471.58 Z60 E6.67
G1 F3547 X119.38 Y471.58 Z60 E6.67
G1 F3547 X119.38 Y471.58 Z60 E6.67
G1 F3547 X119.38 Y471.58 Z60 E6.67
G1 F3547 X119.38 Y471.58 Z60 E6.67
G1 F3547 X119.38 Y471.58 Z60 E6.67
G1 F3547 X119.38 Y471.58 Z60 E6.67
G1 F3547 X119.38 Y471.58 Z60 E6.67
G1 F3547 X119.38 Y471.58 Z60 E6.67
G1 F3547 X119.38 Y471.58 Z60 E6.67
G1 F3547 X119.38 Y471.58 Z60 E6.67
G1 F3547 X119.38 Y471.58 Z60 E6.67
G1 F3547 X119.38 Y471.58 Z60 E6.67
G1 F3547 X119.38 Y471.58 Z60 E6.67
G1 F3547 X119.38 Y471.58 Z60 E6.67
G1 F3547 X119.38 Y471.58 Z60 E6.67
G1 F3547 X119.38 Y471.58 Z60 E6.67
G1 F3547 X119.38 Y471.58 Z60 E6.67
G1 F3547 X119.38 Y471.58 Z60 E6.67
G1 F3547 X119.38 Y471.58 Z60 E6.67
G1 F3547 X119.38 Y471.58 Z60 E6.67
G1 F3547 X119.38 Y471.58 Z60 E6.67
G1 F3547 X119.38 Y471.58 Z60 E6.67
G1 F3547 X119.38 Y471.58 Z60 E6.67
G1 F3547 X119.38 Y471.58 Z60 E6.67
G1 F3547 X119.38 Y471.58 Z60 E6.67
G1 F3547 X119.38 Y471.58 Z60 E6.67
G1 F3547 X119.38 Y471.58 Z60 E6.67
G1 F3547 X119.38 Y471.58 Z60 E6.67
G1 F3547 X119.38 Y471.58 Z60 E6.67
G1 F3547 X119.38 Y471.58 Z60 E6.67
G1 F3547 X119.38 Y471.58 Z60 E6.67
G1 F3547 X119.38 Y471.58 Z60 E6.67
G1 F3547 X119.38 Y471.58 Z60 E6.67
G1 F3547 X119.38 Y471.58 Z60 E6.67
G1 F3547 X119.38 Y471.58 Z60 E6.67
G1 F3547 X119.38 Y471.58 Z60 E6.67
G1 F3547 X119.38 Y471.58 Z60 E6.67
G1 F3547 X119.38 Y471.58 Z60 E6.67
G1 F3547 X119.38 Y471.58 Z60 E6.67
G1 F3547 X119.38 Y471.58 Z60 E6.67
G1 F3547 X119.38 Y471.58 Z60 E6.67
G1 F3547 X119.38 Y471.58 Z60 E6.67
G1 F3547 X119.38 Y471.58 Z60 E6.67
G1 F3547 X119.38 Y471.58 Z60 E6.67
G1 F3547 X119.38 Y471.58 Z60 E6.67
G1 F3547 X119.38 Y471.58 Z60 E6.67
G1 F3547 X119.38 Y471.58 Z60 E6.67
G1 F3547 X119.38 Y471.58 Z60 E6.67
G1 F3547 X119.38 Y471.58 Z60 E6.67
G1 F3547 X119.38 Y471.58 Z60 E6.67
G1 F3547 X119.38 Y471.58 Z60 E6.67
G1 F3547 X119.38 Y471.58 Z60 E6.67
G1 F3547 X119.38 Y471.58 Z60 E6.67
G1 F3547 X119.38 Y471.58 Z60 E6.67
G1 F3547 X119.38 Y471.58 Z60 E6.67
G1 F3547 X119.38 Y471.58 Z60 E6.67
G1 F3547 X119.38 Y471.58 Z60 E6.67
G1 F3547 X119.38 Y471.58 Z60 E6.67
G1 F3547 X119.38 Y471.58 Z60 E6.67
G1 F3547 X119.38 Y471.58 Z60 E6.67
G1 F3547 X119.38 Y471.58 Z60 E6.67
G1 F3547 X119.38 Y471.58 Z60 E6.67
G1 F3547 X119.38 Y471.58 Z60 E6.67
G1 F3547 X119.38 Y471.58 Z60 E6.67
G1 F3547 X119.38 Y471.58 Z60 E6.67
G1 F3547 X119.38 Y471.58 Z60 E6.67
G1 F3547 X119.38 Y471.58 Z60 E6.67
G1 F3547 X119.38 Y471.58 Z60 E6.67
G1 F3547 X119.38 Y471.58 Z60 E6.67
G1 F3547 X119.38 Y471.58 Z60 E6.67
G1 F3547 X119.38 Y471.58 Z60 E6.67
G1 F3547 X119.38 Y471.58 Z60 E6.67
G1 F3547 X119.38 Y471.58 Z60 E6.67
G1 F3547 X119.38 Y471.58 Z60 E6.67
G1 F3547 X119.38 Y471.58 Z60 E6.67
G1 F3547 X119.38 Y471.58 Z60 E6.67
G1 F3547 X119.38 Y471.58 Z60 E6.67
G1 F3547 X119.38 Y471.58 Z60 E6.67
G1 F3547 X119.38 Y471.58 Z60 E6.67
G1 F3547 X119.38 Y471.58 Z60 E6.67
G1 F3547 X119.38 Y471.58 Z60 E6.67
G1 F3547 X119.38 Y471.58 Z60 E6.67
G1 F3547 X119.38 Y471.58 Z60 E6.67
G1 F3547 X119.38 Y471.58 Z60 E6.67
G1 F3547 X119.38 Y471.58 Z60 E6.67
G1 F3547 X119.38 Y471.58 Z60 E6.67
G1 F3547 X119.38 Y471.58 Z60 E6.67
G1 F3547 X119.38 Y471.58 Z60 E6.67
G1 F3547 X119.38 Y471.58 Z60 E6.67
G1 F3547 X119.38 Y471.58 Z60 E6.67
G1 F3547 X119.38 Y471.58 Z60 E6.67
G1 F3547 X119.38 Y471.58 Z60 E6.67
G1 F3547 X119.38 Y471.58 Z60 E6.67
G1 F3547 X119.38 Y471.58 Z60 E6.67
G1 F3547 X119.38 Y471.58 Z60 E6.67
G1 F3547 X119.38 Y471.58 Z60 E6.67
G1 F3547 X119.38 Y471.58 Z60 E6.67
G1 F3547 X119.38 Y471.58 Z60 E6.67
G1 F3547 X119.38 Y471.58 Z60 E6.67
G1 F3547 X119.38 Y471.58 Z60 E6.67
G1 F3547 X119.38 Y471.58 Z60 E6.67
G1 F3547 X119.38 Y471.58 Z60 E6.67
G1 F3547 X119.38 Y471.58 Z60 E6.67
G1 F3547 X119.38 Y471.58 Z60 E6.67
G1 F3547 X119.38 Y471.58 Z60 E6.67
G1 F3547 X119.38 Y471.58 Z60 E6.67
G1 F3547 X119.38 Y471.58 Z60 E6.67
G1 F3547 X119.38 Y471.58 Z60 E6.67
G1 F3547 X119.38 Y471.58 Z60 E6.67
G1 F3547 X119.38 Y471.58 Z60 E6.67
G1 F3547 X119.38 Y471.58 Z60 E6.67
G1 F3547 X119.38 Y471.58 Z60 E6.67
G1 F3547 X119.38 Y471.58 Z60 E6.67
G1 F3547 X119.38 Y471.58 Z60 E6.67
G1 F3547 X119.38 Y471.58 Z60 E6.67
G1 F3547 X119.38 Y471.58 Z60 E6.67
G1 F3547 X119.38 Y471.58 Z60 E6.67
G1 F3547 X119.38 Y471.58 Z60 E6.67
G1 F3547 X119.38 Y471.58 Z60 E6.67
G1 F3547 X119.38 Y471.58 Z60 E6.67
G1 F3547 X119.38 Y471.58 Z60 E6.67
G1 F3547 X119.38 Y471.58 Z60 E6.67
G1 F3547 X119.38 Y471.58 Z60 E6.67
G1 F3547 X119.38 Y471.58 Z60 E6.67
G1 F3547 X119.38 Y471.58 Z60 E6.67
G1 F3547 X119.38 Y471.58 Z60 E6.67
G1 F3547 X119.38 Y471.58 Z60 E6.67
G1 F3547 X119.38 Y471.58 Z60 E6.67
G1 F3547 X119.38 Y471.58 Z60 E6.67
G1 F3547 X119.38 Y471.58 Z60 E6.67
G1 F3547 X119.38 Y471.58 Z60 E6.67
G1 F3547 X119.38 Y471.58 Z60 E6.67
G1 F3547 X119.38 Y471.58 Z60 E6.67
G1 F3547 X119.38 Y471.58 Z60 E6.67
G1 F3547 X119.38 Y471.58 Z60 E6.67
G1 F3547 X119.38 Y471.58 Z60 E6.67
G1 F3547 X119.38 Y471.58 Z60 E6.67
G1 F3547 X119.38 Y471.58 Z60 E6.67
G1 F3547 X119.38 Y471.58 Z60 E6.67
G1 F3547 X119.38 Y471.58 Z60 E6.67
G1 F3547 X119.38 Y471.58 Z60 E6.67
G1 F3547 X119.38 Y471.58 Z60 E6.67
G1 F3547 X119.38 Y471.58 Z60 E6.67
G1 F3547 X119.38 Y471.58 Z60 E6.67
G1 F3547 X119.38 Y471.58 Z60 E6.67
G1 F3547 X119.38 Y471.58 Z60 E6.67
G1 F3547 X119.38 Y471.58 Z60 E6.67
G1 F3547 X119.38 Y471.58 Z60 E6.67
G1 F3547 X119.38 Y471.58 Z60 E6.67
G1 F3547 X119.38 Y471.58 Z60 E6.67
G1 F3547 X119.38 Y471.58 Z60 E6.67
G1 F3547 X119.38 Y471.58 Z60 E6.67
G1 F3547 X119.38 Y471.58 Z60 E6.67
G1 F3547 X119.38 Y471.58 Z60 E6.67
G1 F3547 X119.38 Y471.58 Z60 E6.67
G1 F3547 X119.38 Y471.58 Z60 E6.67
G1 F3547 X119.38 Y471.58 Z60 E6.67
G1 F3547 X119.38 Y471.58 Z60 E6.67
G1 F3547 X119.38 Y471.58 Z60 E6.67
G1 F3547 X119.38 Y471.58 Z60 E6.67
G1 F3547 X119.38 Y471.58 Z60 E6.67
G1 F3547 X119.38 Y471.58 Z60 E6.67
G1 F3547 X119.38 Y471.58 Z60 E6.67
G1 F3547 X119.38 Y471.58 Z60 E6.67
G1 F3547 X119.38 Y471.58 Z60 E6.67
G1 F3547 X119.38 Y471.58 Z60 E6.67
G1 F3547 X119.38 Y471.58 Z60 E6.67
G1 F2000 Z90 E0

; END CODE

; deactivate temperature control (pin PC4)
M42 P49 I T1 S1
M42 P49 I T1 S1
G4 P200


; safe deactivate temperature control (pin PC4)
M42 P49 I T1 S1
M42 P49 I T1 S1
G4 P200

; deactivate motors
M84

; let temperature-control activate (pin PC4)
G4 P2000
M42 P49 I T1 S0
M42 P49 I T1 S0
G4 P2000


; end of end code


